md5,sha256,canonical,orig_split,orig_image_id,file_name,source_name,annotation_count
0034054474db138dc347a32932f38d0b,252f3e1e6c009397722d6b2d6fcbc352603fc4147f6be4cb3a782ef62b533875,True,train,348,3335c6b3-082d-4f55-b381-89b6f83418a6_jpg.rf.0e07a06d7af5390b3b52ec70906f2a34.jpg,3335c6b3-082d-4f55-b381-89b6f83418a6.jpg,230
006fa9e8dcc580db3d49230c488c9d28,4516a55f62b9d4c21fade20d3f908058c065c0940be1a696c7fea7722569227f,True,train,320,-2024-04-08-181403_png_jpg.rf.4cb4b045e9e0b4944a2aa747944d109f.jpg,-2024-04-08-181403_png.jpg,5
0078b85d94e46a90d165c7a070483a09,e8c1af19a6c9816dbf715ef148d0fdfb973e12a72015cbd6703fed198135ca45,True,train,589,-2024-04-09-190637_png.rf.a9702f0d75657f7fb27de16966931f9c.jpg,-2024-04-09-190637.png,6
00c96f6556085a75a8f3c54de67832a4,d4f9bca35b242952aa27efdf4ad8b437cc2b291146108f52d58b8496acbd7784,True,train,422,e17dace4-abb1-448e-9bce-f2a36f1a99c4_jpg.rf.63c13776409157987230d63bab7bb4d1.jpg,e17dace4-abb1-448e-9bce-f2a36f1a99c4.jpg,0
022a96b1fcbf8d2bb11247c74ab52890,f203e530814fee20d16381af462cb907a21074ed7cd4d5ceb56df3d0ec75513f,True,train,537,-2024-04-09-190750_png_jpg.rf.5e8d0e8808c8c202f104add236f741b1.jpg,-2024-04-09-190750_png_jpg,6
02b404606c0558ad7848c3a9a0e4eb07,5a76e01b20ea855d31be990ced06fb2555c44c05f21622511c3be25f43e75130,True,train,415,Besi-T-Beam_jpg.rf.e14043232d3996f4ede3b4a74d219cf2.jpg,Besi-T-Beam.jpg,18
02d014d3a4b23625a88a501e366a44df,4d6e5a332aaf1207e4a39d895135940dece657728b41a21158967bd7a0b04cfa,True,train,88,-2024-04-09-190619_png_jpg.rf.facddc2d409eb2b81f55a7d5310eb048.jpg,-2024-04-09-190619_png_jpg,6
0311003423fb5e9b72884cb7c7df3ad6,1d2464eff488c983d65eaebe5762602bb21c699703d0781f3cd0657331713b01,True,train,321,9a4d57a2-0362-4187-bde1-e89688adc324_jpg.rf.198c8b055d92510622e333f0ac833cb2.jpg,9a4d57a2-0362-4187-bde1-e89688adc324.jpg,154
03a45776d93a88fff5febd9f4fc528cb,a330ad58567ebc58154bd1db3db936d62a74f65151e649dfb875139a86532461,True,valid,8,63425d5759c4599a8fe3dca4673630a_png.rf.af036c0c681a68bd2244b171d5b77b91.jpg,63425d5759c4599a8fe3dca4673630a.png,20
03a90c27eb222324f89ac722a8dd54e6,feb8719215a3fbf366d05677c5ec2a60e32bc7fae2177e5c15620870ab214753,True,train,333,-_20230924182518_png_jpg.rf.b0b1d2d55590928255d82cd2385e1113.jpg,-_20230924182518_png_jpg,5
03c12f1ea165543810f0f034d0cd1e44,4a6f6919793550d75ebf5cad9813a2cfaadac3e67786da6ac1c29d5e14db5b91,True,train,228,8c41814c-8_jpg.rf.92e3428fc306d8849d375e1623be368e.jpg,8c41814c-8_jpg,35
03ddb2fcdff2b699210c9e5d2d0006b6,5f924a71f5dacb377b862fdbd2a7066941f4393e785d40c61d9eef93bde90040,True,test,6,2b13b33baf8efae5a7c98d265a29d9b_png_jpg.rf.2839b43087bdfc23ba417f57e2b19e61.jpg,2b13b33baf8efae5a7c98d265a29d9b_png_jpg,10
03e91fc384b2651a28789284b9a68c40,b6a75636f21c55cc8ac2ecbde220b07776a65f6115adb1c110c5dae2bf947eb0,True,valid,46,c53f257f-2c37-4a2c-91cf-4bdadea9f7f8_jpg.rf.05458ea8ea57e491900b0bd500c32ae7.jpg,c53f257f-2c37-4a2c-91cf-4bdadea9f7f8.jpg,154
046699c0482af481cb028eacdc0c4266,eef2d558c5be5475782fc7553e4aea5cb06f4ca0c06a60cea9c0bb9cfee1153f,True,train,400,img_71_jpg.rf.1febe642203c7ccf6a13be8f9c8de55a.jpg,img_71.jpg,1
04e381747f60ed4e3ed48c4b77db76ec,71ee03d9d94549cf9884cc5d801da66c2930a69de22465124a8fb40c69ade7a5,True,train,545,img_138_jpg.rf.b40246181f09615f1ba45954e5b631eb.jpg,img_138.jpg,2
05d38867dd4cbf8869e5cd85e916fe9b,df44a04576874fb62d77a5ea4166d75f964e392aa0d3ae604212df3b66a405d9,True,train,581,63425d5759c4599a8fe3dca4673630a_png_jpg.rf.ba4a521ff60d0b12689649789f502d5f.jpg,63425d5759c4599a8fe3dca4673630a_png_jpg,15
06e697aa88b2023b07b4ba5b2515e1de,3038b5102d4eecb75d4137e3b60f5b566e276c2e654f79665b46da05c052cf4c,True,test,14,steelbeam148_jpg.rf.21914cf52c3dac4035d661b6ed35ea38.jpg,steelbeam148.jpg,146
0892f3e1fc9c1e079761dff244bd08ca,c0a69d85946491010f99061cd3bc451d1617175871951328c6ed423cb929e6d2,True,train,444,417_original_png_jpg.rf.9f8d88b18618d2d43ec6e83174acd0ba.jpg,417_original_png_jpg,22
08a8c31b38d86082d526eecaf1507716,325f2429010495e3978dd2bb82859bf381e96efb9b6729fa969622b898f58f19,True,train,98,-2024-04-08-181435_png.rf.0c444062381aef2efbb26abccb4416c6.jpg,-2024-04-08-181435_png,5
08b850a55004955d3fc3b1b292f356ef,6b0448ba66452600281ff625d5f171a41e088038a6e427c17ff7907702d782fe,True,train,586,-2024-04-08-181353_png.rf.f7fd1d3be5087930dc045cdc0fea1167.jpg,-2024-04-08-181353.png,5
08c7b17e030928224d66a02e19bcc14f,44f726b942fe9419e8bcf58f5eba0da4cefe012a7ad44040c00cc08cfb214324,True,train,226,-2024-04-10-133606_png_jpg.rf.a2c3be579c431ab2c9f524d5f73a133d.jpg,-2024-04-10-133606_png_jpg,3
09f4e99da7f5de452b8e00c3c70798a9,0d0902a07b1a923fce548bf929c1f8df8efe6cbee2ed0db575585240348c1913,True,train,339,103f559751e75f575b7101078f8b0fa_png_jpg.rf.5a4cf6b2e0fb92a233640a4dc982ff2f.jpg,103f559751e75f575b7101078f8b0fa_png_jpg,19
0a0dd79c4fd86fed40c7cc9de770e2ff,92ab717784fad24ee11cc3fd2843d9fee735cc6b01d2f1ba74d51eb294ab65f5,True,train,544,-2024-04-08-181332_png_jpg.rf.261b5b531917fbd3efef61278fa88428.jpg,-2024-04-08-181332_png_jpg,5
0a4bd78006c1cf9e9e8b8c0af21d75cf,9c6e179f1fa011e6e1f1790135722315f34de7e6b102cf5091010252032c6463,True,valid,30,img_49_jpg.rf.60d0ab07e31c3801147936755d2e0385.jpg,img_49.jpg,1
0a66fd677d2e416f481608255ed9d4d4,e4bc4f50f0094b5c2649a024a2424d6997ac9910815c5b1f23da8d2ed935659e,True,train,393,steelbeam106_jpg.rf.132eed4f1c59ed3b3d616341ad6548b3.jpg,steelbeam106.jpg,3
0a93554831b48dd788deb8e4659a4872,3bb43b18e35404935e732e96c038c3101228e37c99e34c57b916ab7c02cb9e3a,True,train,40,29e06fc8-2ab9-4e90-bfac-008bc475bc61_jpg.rf.a78102ce5c11098b943b0a175ef8ac63.jpg,29e06fc8-2ab9-4e90-bfac-008bc475bc61.jpg,178
0b43a4034af4b7ff4e2ba0c743d5bae1,9e07f4fdab07cbd7295bf51d3ac727604d4eb1c57622f433921e492715072ad9,True,train,462,-2024-04-08-181153_png_jpg.rf.2d5886f189a22925599118ab3d8ce0c3.jpg,-2024-04-08-181153_png.jpg,10
0b487709eb63f96e027d3f72876b26f7,28a60656b0ac02fea8c6044c415a304b2a5c9f0f0b966f80cba51e619a0ae8f1,True,train,434,-_20240404161141_png.rf.c50ee458f7722b7a460ed8a30ca169a1.jpg,-_20240404161141_png,7
0b8c437fdcd928da80ee8034142ba80c,57c7002f729e46d0f240cca50f183c6faacdee91f1cc9b63aa35e210309b56f6,True,train,419,63425d5759c4599a8fe3dca4673630a_png.rf.ad061c4e3a2ab70e034237cfeaf72eba.jpg,63425d5759c4599a8fe3dca4673630a_png,19
0cc964df0fa06ed4a80e33016fa422af,6247c112cb4fdd38d8238896852f3c624fbe1182fe0b4f3261f58ddb72269e9d,True,test,42,16c3ab3b-13_jpg.rf.03dda552086ded25258f0cd12a6cdafa.jpg,16c3ab3b-13.jpg,22
0ce8fa0b78ab46bd39fb1f5ed07a66df,eaf906907c5bf2dbed934927d7f3f71856e6266fd146c5c539f73368a216341c,True,train,450,-2024-04-09-190611_png_jpg.rf.aa0277e2911de352b4d625afb9627c82.jpg,-2024-04-09-190611_png_jpg,6
0d713f7fa9a81eb38d2ef0f7acbf3e2c,f0a16b91faa6883d65b1676ce9e442598d0765e01c9c0053d11db106b3ffc76c,True,train,177,5572f326-9f86-4e0f-a21d-e961d61bef86_jpg.rf.c07c8e469d8be1dca33698e0a81bf357.jpg,5572f326-9f86-4e0f-a21d-e961d61bef86.jpg,132
0d974c365ba960bca3c69a30e8eea7e9,13f29f68b3fe474744ebaa5fe0bc24d4fb31b279ff350c6cd826b606c7152539,True,train,559,-2024-04-08-181132_png_jpg.rf.8fdae9ccfca50da09fb98c734aabe8d9.jpg,-2024-04-08-181132_png_jpg,10
0e2fc7551fa5c4764eed35f5df102a87,568f0ea934ab1f91c9192ae63f7a18a6b31da2121cc382a9e784a6a45786941d,True,train,409,-_20240404161141_png_jpg.rf.2d8186ff421db3af0d58a9581805fbb3.jpg,-_20240404161141_png_jpg,7
0e357834080f16629dc983f0e39fd47e,296f661c9bb78216aa877ed6dbc8d51c230c21106bf7ae0f6b6580edd5e863d2,True,train,395,-2024-04-08-181132_png_jpg.rf.49ce3973c4a0cee5ffc741e6c63cca73.jpg,-2024-04-08-181132_png_jpg,10
0e7bbc6e08a2aaf73a7c8ec9ce8d6bd1,f51e86fa38831d00efd6b0763bb6bcb2e8b0a9de63c574b3693e416eed97516f,True,train,130,c60978eed390eee904ede0407128e00_png.rf.9e14441c20e384aa0e7c7514b2df610d.jpg,c60978eed390eee904ede0407128e00.png,10
0f2a4985ea965d1d1ead4f24eb93d2b9,9de3e35fc48d1f00907b81f2153275943254edf67c8a551a4b886d51dcae7deb,True,valid,27,66a8f315-fca0-4e1a-8cb9-b56f2f2f2602_jpg.rf.297bee42b60825268650d17770693e14.jpg,66a8f315-fca0-4e1a-8cb9-b56f2f2f2602.jpg,0
0f776b5b522b02e0d3ca81b6e7891d20,4f64de286b1ace2210faab4878207bbc6f6a6a2c52e11d0721a8610a4adb43f2,True,train,491,Harga-Besi-T-Beam_jpg.rf.db27f643a905220c20cd315228de14ce.jpg,Harga-Besi-T-Beam_jpg,10
0fa6a6415696ebaedc907758ba8031e7,e7bf02e69e11b22f14e80bc465001d1677c5cb1c4ec4c2fecc2ea4ccfccc18a0,True,train,99,-2024-04-08-181153_png_jpg.rf.abd8f5aed71b83533f30e43b6face1ae.jpg,-2024-04-08-181153_png_jpg,10
0fcdbf483e9f0fc33f5620520aee3d68,200cfa620b9ef58f46c47d5b415c94783c7dc43f56f935c854d8c1178692303e,True,train,590,irii8idx_png_jpg.rf.b0bc36c3cbb47c6f479c72ebbcbdfaf0.jpg,irii8idx_png_jpg,9
100d89e77c1dfc61b8424e1f2532fdc8,ae19ca6a4291c6132a65d1c7fb64c5322888660fcf49d70f5047de06e96691ed,True,valid,38,923a108f41cc108b080c4fe180deb58_png_jpg.rf.bf8ac81adbff4cadf7a5cfecc14718d8.jpg,923a108f41cc108b080c4fe180deb58_png_jpg,10
104e24662ed70fe1346dfecc9a10f992,1e1d5425c8c13a6dc41af7580b674bcc8cf00cdd132194b5af0afbc14bbe6310,True,train,54,-2024-04-08-181520_png.rf.4234346366716697f4e42253a31c53ba.jpg,-2024-04-08-181520_png,5
10a66e497d3fa127ab1006452c99019d,55d78bd574c5aa23168066579e516ef3e353271b12f1fbb37d92f5975b43aac1,True,valid,31,c53b2cdbce75a32fd0107fdacfe80da_png.rf.cfb42c02d6386d7b9451327e9f4f7bbe.jpg,c53b2cdbce75a32fd0107fdacfe80da_png,5
113af1af9c16adf53edcfd8b0e7354bc,07cac4aa454abde7f42fad2111272928a1961277165e469e2b81e7fb7032f234,True,train,349,c31a9bf3-eb7b-472d-9e20-24b75b5eddc5_jpg.rf.e3dd5a1db3a04744d698109cb2ef48bc.jpg,c31a9bf3-eb7b-472d-9e20-24b75b5eddc5.jpg,146
114b5dae17b84ea5babab7e99cf8a6ab,23752fed399cffb0b6f54b4cd8ed810d9092b7844e03050eddcd18edbc7d55b5,True,train,412,-_20240404161141_png.rf.c8d8358f7170bd93e59a103db43f31e2.jpg,-_20240404161141.png,7
118fa5c1b9a63c0b6caca02a9487d120,f98eac2b8f304edd705a697f537b9b0e7800668e6655a707c7642e269ff43229,True,train,315,-2024-04-08-181746_png_jpg.rf.e196d3be9020038826b42da82cd26c90.jpg,-2024-04-08-181746_png_jpg,4
11b7b8bdc8536e425b4b43915e61a10f,911ccf65da8e7df74c8bf9be93a02f568be24863c42a9e3051bf60473ad3b075,True,valid,41,-2024-04-08-180928_png_jpg.rf.d4f9990378c1fbc07725e4d4b8a93071.jpg,-2024-04-08-180928_png_jpg,10
11cd99b32efe517e011a4cb14463d513,de680321370fb05eb148fbfab2cff9770337573e9ef551a8f817e5a3c87e2f2a,True,train,327,22066d1d-aea7-451c-a76b-fa428ce913c8_jpg.rf.ef3b401d912a88347465c65ce41ec36d.jpg,22066d1d-aea7-451c-a76b-fa428ce913c8.jpg,60
11d458e0f107ba089ddc4a6cbec4bcdf,d37f2539f7e826d6300120fdb2203d1aaba249dfe2f2e94207aa0b8fbbef7078,True,train,312,-2024-04-08-181115_png_jpg.rf.9bbb6e1bb38a15691e254391baabbb0c.jpg,-2024-04-08-181115_png_jpg,4
11e39148c4f9ba41df6311bce6259595,e0b9e9a3ce42e902939d89084aaa5957cf616fa5c5bbe750abc44f143153b13f,True,train,547,-_20230708190558_png_jpg.rf.862e1fe6b79e984380bf533055fb21e5.jpg,-_20230708190558_png_jpg,19
1268c21fee8933ce9b4038a12d9d7dc5,26f97f4e4210c45ff342535be395da8ed3f9c250e8c73541c556827710287cdb,True,train,538,16c3ab3b-13_jpg.rf.1defdb564384dce4b366c7c8fbe37d47.jpg,16c3ab3b-13.jpg,22
12b521439b311996b3990445fb97c1a1,bd6fe67b0e2d466bd32be0a8eb79bf68b2940eb0c2dea063dc4b8f9bad6bc696,True,train,469,-_20230924182512_png_jpg.rf.cd8ebc1c26b2079f6eb576ea3c2535a6.jpg,-_20230924182512_png.jpg,5
12e20fdfff6f4848472b53dd60d14941,78f87f4e70f8ca3dbf22b5af521e17ae1be4646b474dde9fa6e445d8a0339d69,True,train,59,-2024-04-10-131903_png.rf.4cbaae6f237c6d618525f433cbdefc30.jpg,-2024-04-10-131903.png,12
1317124bb1e97387c5049d72eab77b9a,f05913451ce067605db358de2f3147c4667153e27ea85837c69e0eb3b0f55945,True,train,555,-2024-04-08-181549_png_jpg.rf.bb0479ae072af12d1a5641ddc88d5e90.jpg,-2024-04-08-181549_png_jpg,5
13646ccc86d8e486f5b3d8164516084d,eff4fb3a11e8c25c46d25e0a2504a736a02007c26c8158f4929fc3f225a03c2f,True,train,394,19574211-ae62-485d-aa2e-390a7a0d8d07_jpg.rf.d015e9ca153d5b1dc683420339a72fe3.jpg,19574211-ae62-485d-aa2e-390a7a0d8d07.jpg,86
13b66ee9f658f05f17ec5461b462b8dd,809dfa669897d1b85b00bbf29e921807b9c8282c8fccc9137647ff0a71864316,True,test,20,-_20230708190618_png_jpg.rf.cb0fa15e9a6c8fd4a4545de6a596fdfa.jpg,-_20230708190618_png_jpg,4
13f8f6c51c070ad21836754e244c1cf5,8aeb16ea1718c1175af40049d242685edcfa2f1a82773f3431684fac21e86a24,True,train,365,-2024-04-08-181520_png.rf.cb7c835050511c34a050e894976c34ad.jpg,-2024-04-08-181520.png,5
147644b8850803079525d21fa57c5dd0,cee152bebfc58bbb2b8692c0e9d413791a99a4f15461a48cec2454dec42d772e,True,train,26,-_20230924182503_png_jpg.rf.059b2a8fb9bc4bb67bd04d6cfbeef4fd.jpg,-_20230924182503_png_jpg,5
161d41c2b370c8cbe61443d09e156f02,d2bf295f4180c7b60826a85035fc207e93ea48f83f288c6f021eb6714a93d780,True,train,385,-2024-04-08-181520_png_jpg.rf.7934c7d830bb41f050726186f0158be4.jpg,-2024-04-08-181520_png_jpg,5
1653c4f81e0f3942c6d4e027bd048f55,2ac75e80400647fa25019a85b384e6dd9ecf806ba3ea575cf248ffbcd13b31a8,True,valid,23,-_20230708190603_png.rf.5cc68c6369e0446af2b199efe236610c.jpg,-_20230708190603.png,21
165a682ff760235a11a4f7c54fb8cd53,3beafac56640c5ed4c1adfae1b628c5746e1d80dcb32ee99522323c569f90673,True,train,364,-2024-04-08-181047_png.rf.549b39de76f833ca3e4a680864cf723c.jpg,-2024-04-08-181047_png,5
1662331e6da8961da4976acb118ddbed,5351d56b3d21567dddef508bc2741ec5642e1bb2a6fb965347473e7409d88be7,True,train,260,-2024-04-10-131727_png_jpg.rf.94b5b8e7b1420b51be668b7f54efd065.jpg,-2024-04-10-131727_png_jpg,6
1673d66084f874ee33642306f1705686,e1c2b0fc821a65adc9175fb30164345216294219f994dd902b60f8338d6aa9d4,True,train,310,-2024-04-09-190757_png_jpg.rf.1dc4e980b82b7e8eb24638dafa74b5d0.jpg,-2024-04-09-190757_png_jpg,6
167d657570f893ba56491f65e5041189,1890954b90e66b33f5ffe01fb7563579e2a3ed098c2feb66fe5122dda6ea21c2,True,train,235,-2024-04-08-181545_png.rf.2abfb751be1f9b708515cb14eadf922c.jpg,-2024-04-08-181545.png,7
1681676074e58109db40fe88755cae84,708b5a81eed41d4dae32deb30b0e6a60fb7c582a0ca87b4dde8a66a94ac522fd,True,train,169,0f986a00-5ce7-4b05-9ba0-8534553d2a51_jpg.rf.b73951ba2e528f92c1a1d6a403b61486.jpg,0f986a00-5ce7-4b05-9ba0-8534553d2a51.jpg,52
16fab9c6bcb45e9ace2aed8063626313,155c110f0575ead882a8ca5fa3eaf6ec71bf77c2ccc0b387666cf5b6853fd767,True,train,30,-2024-04-08-181337_png_jpg.rf.e72bc933902d9d9fe515ac5611e72cd1.jpg,-2024-04-08-181337_png_jpg,5
178b34f51c6fe62141bb91b1e3624295,4baa10acad449f36f8b98a9418585da30ecb180b593bc246462444f688672573,True,test,72,1670333703-5cdf9b336c4b445e5e7cfce6_jpg.rf.72ba0948c3b032fd4a43e55fcbdc6f32.jpg,1670333703-5cdf9b336c4b445e5e7cfce6_jpg,10
178c6eef6d4c332eef83274c85917d87,1caecf791bac85b2000207d886232acf066e4a9b55b9fecb79de10003c666102,True,valid,63,-_20230924182512_png_jpg.rf.3c3e80fc2bbb14aa6a61f6b2f9bae905.jpg,-_20230924182512_png_jpg,5
17e1e5670d88e99012178f0f2638ecee,08b75652323dd79d3f4728e6d902b8cbcaf3b3046e056dbc839a582ab6b48016,True,train,340,-2024-04-10-132132_png_jpg.rf.491c5e206e0029ae5dc8c3bce37d58ad.jpg,-2024-04-10-132132_png_jpg,7
184ff8f0f046f9e0d1f2b0d9892ff7ba,5270922bc602f453904fe56017a198f2410133aaa0f54a0549380dc2c6f176c9,True,train,140,-2024-04-08-181047_png_jpg.rf.81eed90e81828524875535f39775b4ae.jpg,-2024-04-08-181047_png.jpg,5
19aaf6974afd432c9d62dd5299457bac,6b2c5cbe619b779288aed6e6f9bf55d7e93ac16f3d933722482ed0d26fbe8ac2,True,train,178,-2024-04-08-180928_png_jpg.rf.2e0ea1b4b065cced89dfa50324659e4e.jpg,-2024-04-08-180928_png.jpg,10
19edbb444d53f33b442d047a379d12db,3913b7172c06555b53ffd35a2bdd4c3a8c6082af2e2bfff526589f8c99196c7f,True,train,296,9726cfb3c55806a364cf3645086f339_png_jpg.rf.c6e8c2950fb6d31f96ef722d388d98c5.jpg,9726cfb3c55806a364cf3645086f339_png.jpg,12
1a57032838dd7e855940bf405871441c,e55e4d08185dfd36276e76282c551713e577cde1366fc05081a8f13e899ca3e2,True,train,64,-2024-04-08-181435_png_jpg.rf.2ffe62eba54f739113f878d3aa04c761.jpg,-2024-04-08-181435_png_jpg,5
1a65b41fc35b0dc7b61c7429c8cfa01f,a6dc92ffb190085e8e84552573eca3506c130e09b5f622de093c0aa4ce0fd5bb,True,train,112,-2024-04-09-190630_png_jpg.rf.445f237fab355cfd24bae8f7559a5975.jpg,-2024-04-09-190630_png_jpg,5
1ae7c946a7e551a42bd24674058c1f05,5dd517d23bdbf5f898872a883db2cfd1a2f186a252a5cf93ee9ece71e3f688b6,True,train,520,5cdadad4-c7de-4861-9742-89a437764a4f_jpg.rf.075997275a55c72e39222e4414c3920f.jpg,5cdadad4-c7de-4861-9742-89a437764a4f.jpg,120
1b3d2bdfd5e468e193458a1b9b32cfae,08115319450fd629c3ca512439d69866203a1da22f40085b6d32306d71b7ce9b,True,train,599,05180fd3-a4e9-4606-b669-980f5c1790a4_jpg.rf.efd8f1f140879f450574cd6e13214853.jpg,05180fd3-a4e9-4606-b669-980f5c1790a4.jpg,315
1c0c9ee642f5145379f36ee2679aaeb4,93c8fd2e8a60555fbd3c7e020180947432efb7db273850f2811ffa2c081efde2,True,test,40,-2024-04-09-190700_png_jpg.rf.37160977e51d97085e2e1b295c01fb72.jpg,-2024-04-09-190700_png_jpg,5
1c0eb56c3c7c78bebac284e3f68e03cc,142e7ca77646e5a9a674bae0c6d400ea0cd2758b5af437b58cbfef6a9a612231,True,train,480,steelbeam74_jpg.rf.55de167b2a87127f7837d5e60de2bb32.jpg,steelbeam74.jpg,3
1c5eabcefc14064fed3789dbc5893c50,6b2b812fac41f6a2978516b276b3a937cc61a0707895641246a46b576e052c72,True,train,456,-2024-04-08-175906_png_jpg.rf.2cf727e119d4f6120604aea79f9dfb30.jpg,-2024-04-08-175906_png.jpg,2
1c813f9ea5cc742b4bf6ed21196ced8a,4336394fd7208f97e0be7aebd3dddc6c263b0610ea45a07cf11c9ffe90d77379,True,train,119,-2024-04-08-180955_png_jpg.rf.192744a9bd06420fbe9e2c8fc5af12ad.jpg,-2024-04-08-180955_png.jpg,10
1ca9d4ca452d6470aaff517af070f238,6d9f61810000dcdb92dc55c272d5b2ca8560eb50912e1a811124e30e30950f88,True,train,396,-2024-04-08-181226_png_jpg.rf.843fc69ee9716d3d18206acbf111a5f1.jpg,-2024-04-08-181226_png.jpg,10
1cb5e393a5c64d14cf9f2ac0ed1d28b2,239e9544765909b059de4ecf25acd0e100ab3756b5a096f7da6e4cce73c40c2d,True,train,209,og_jpg.rf.6a2e2c4a83c9cb0a6cac9a67e498f163.jpg,og.jpg,88
1d00bceeac02683cec8c4c5c0da39f91,67782b6ab3416f1c518928a4a014d7637e9ae4aa7d1264546cb62a665cb5ef4a,True,train,35,-2024-04-08-181520_png_jpg.rf.78db4b0e2571a22aa8a404888ad0161c.jpg,-2024-04-08-181520_png_jpg,5
1d7aed1bd48cc32ca6d5da4e9f826f91,8c0e4beaf22403763d091baee16c5641126c2ec637729fbc9b36b6bdc31a040d,True,train,453,103f559751e75f575b7101078f8b0fa_png_jpg.rf.1fa1008e124099d13745d4a58068e2a2.jpg,103f559751e75f575b7101078f8b0fa_png_jpg,20
1e1aba3ed50a140f1265f2249c507a6f,a868d9e5ee9d64510606805693026d755f2b64c5253f708337aad840ef12f1e6,True,train,68,irii8idx_png.rf.e9bd006f75fa0145a482eac382f1cf39.jpg,irii8idx.png,9
1e4e23c16e1d6d17f1207c294953112a,4be4b2086c75fd64202fda06aa8ada27c7c4e82f5a93ec112e60be03981593bf,True,train,173,-2024-04-08-175704_png_jpg.rf.a7eba64c91ea97f75e7d9e7737f9bbdc.jpg,-2024-04-08-175704_png.jpg,3
1e9fb56bbe95b8e176377905975a5bc5,d3c6334e8d3b10fb221f6d9f2b489b5b345b558dc2372ccb158a584d9416f7f6,True,valid,64,-2024-04-08-181724_png_jpg.rf.2e6e14d7475efa8d806a029c4e128810.jpg,-2024-04-08-181724_png_jpg,4
1ed790d01762415d4dc3e55a86761c84,daaaabb18b94907f2f8efd5956b6d49afd87bb31def5dd87f46de287d335cda7,True,train,74,steelbeam134_jpg.rf.9d9cb03b27e749897a3b52fe1cb966c2.jpg,steelbeam134.jpg,35
1eff46c04af1fb98a8cc1c4a3cbf89fc,1ba67e6f1f0b685a538e71a65adc6f289d74cb01a5a8da706216e60c89a0de72,True,train,562,94f76c37-4bb3-4a2d-bdba-4ac1cd4c86cf_jpg.rf.be77fdf8c1a91c94992376a3af3dccbb.jpg,94f76c37-4bb3-4a2d-bdba-4ac1cd4c86cf.jpg,21
1f25cd2fb28c8b7906267b3197e7d360,220f9e3d29d688764280fe22f9da24cbf6d1c8c63f38d38771be026bbef7560b,True,train,405,e327edd1-7_jpg.rf.9bc0970d108b6eb3b005ad747463347d.jpg,e327edd1-7.jpg,29
1f3c744945563b6a64de1f167a23529d,e0dbc2132f8a1c91f1c9eb5709e45dce17ac0e9309f0e20e46dc82a85989e41e,True,train,404,-2024-04-10-133445_png_jpg.rf.4851bf641da5646bee94d78ebde7848d.jpg,-2024-04-10-133445_png_jpg,6
20b3f97d9616d2974ba0762345a8f56b,cf57ec0455bc68dd447fa7ffe3deacfbf86c36ab3d65a5ae0e8a5832246a68e1,True,train,577,d5f3ab32-26_jpg.rf.c4a0049ab8522aa56d507f22c44042a7.jpg,d5f3ab32-26_jpg,33
20c42a667fd98ba5deb8b8fe876cabc7,81f5c3f46f1976c4003cb9c8be066c6614bc851cd7bd35a80b98f7c720646ca8,True,train,185,-2024-04-08-181115_png_jpg.rf.a06e0ce777ea7f890d3eca2960432cd3.jpg,-2024-04-08-181115_png.jpg,3
210a6dd36d8b9e43a7c6b096857c48e1,343bee54fe7c12db90bf4ba49e629fb112f105bd1be086f4c91a8787fd7ed5ef,True,train,369,417_original_png_jpg.rf.d949d30ae0fa8cc88741ad99e153c824.jpg,417_original_png_jpg,5
21394de1fe57e2d402160a1aa179635c,9da595999acb82f36edb0645ed6907dc2617871d14a192e703881a6579ae8303,True,test,15,d573a1a8ebd9fed84355b19c820fd55_png.rf.ead4fdaf600adc02aeeb13b32e38f576.jpg,d573a1a8ebd9fed84355b19c820fd55_png,21
213df57ab5d8fe4257a23daaaa67267c,84cbfe37360f518bf2b2d19f6b42f1134869134d7dd127fc1182fbf303a52a5b,True,train,561,-2024-04-08-181302_png_jpg.rf.b6f63f65d98790f889d2fda94444a928.jpg,-2024-04-08-181302_png_jpg,4
2149749bd8b519445b517caec096b940,cbd82caf972fb97457af8604ff90c34105816233af3ccbaa9c19d6a8321d54fe,True,train,277,29f1f335-5da4-4a9b-b638-88294f28e2f8_jpg.rf.12039504c91ff83c283791392ef4a9c3.jpg,29f1f335-5da4-4a9b-b638-88294f28e2f8.jpg,46
214a79aef522cf2f90a345bd7eb727f8,2bdf3808575837371d6e229bc8acb930183ce0af3c32973bdaae99b159f60090,True,train,34,18cf4515-b854-44c9-9f58-1e94104e3d57_jpg.rf.8b1744bbadd56b49860e01a31d73e43e.jpg,18cf4515-b854-44c9-9f58-1e94104e3d57.jpg,56
222b24f486fef10f2a8615a3247ac22d,37ab62a8eff316cbba7fe0420e965477d47470b8db628c5e12f8dde1935b2619,True,train,454,-_20230924182503_png_jpg.rf.95ccf598668fdead9008ad604e699a13.jpg,-_20230924182503_png.jpg,5
22490961c6750088dafaf282547fab35,3ccc09156dc1e0f317eb489f96363ff0ce2978dd2f86ad3c2f91276880c95b46,True,test,36,-2024-04-08-181203_png_jpg.rf.ec5116a3048c6e5eccd23dcc28d21bb4.jpg,-2024-04-08-181203_png.jpg,5
228fc12b5905238bc5fc10c56fc2d163,6281cf9ad2ff6978c7bcdc3922825794b2e44f201d2c6a8937ffd3bbab1795eb,True,train,355,000053_jpg.rf.62a1cc0f524d575209f9222767214513.jpg,000053.jpg,2
229237d2781afd86ecc74f2834c26ef6,0ea0f4c9ee29701cbd9f65596df7544db6b616c8638fa613597c6c9d1c478c30,True,train,373,YARD-J-DEPAN-WH-K_jpg.rf.c7e94f54308abb944bbd4713a17a3216.jpg,YARD-J-DEPAN-WH-K.jpg,0
22dadcdab98dd9f48c270711d6b6a193,8ed587dbd4b1f8526351b74fc6c2ad665ab7e2de03e02b2becc74043618f04a8,True,train,257,-2024-04-10-133630_png.rf.603adc3fce42a2737728d630b88d8032.jpg,-2024-04-10-133630.png,6
2352272a7580659c61eecfac0542c154,52e97278ff010a666aab9d798d4edb0383d4ac3b44e2409300400c195da2e063,True,test,19,7f2f593r_png_jpg.rf.0f4c2e1ae63a2da552e1fb448fbb2f80.jpg,7f2f593r_png.jpg,7
238692c7bb580949ea13298b5f664841,43675bdc5b49d9cf4808023b0313f248eadfb3bb14d057584dca586a30807502,True,train,133,55f2e3dcaca58008c38d3de88bfed5a_png_jpg.rf.9ccd375142b7606466c05dd04380c5e2.jpg,55f2e3dcaca58008c38d3de88bfed5a_png_jpg,20
243095987e0d66860de119d4d8bf09dd,f4f82071a2c109518dc1fcfd0c69c120c160d2b12703b23fc8b76f9cedd61553,True,train,504,16c3ab3b-13_jpg.rf.4ef2764b59ffd0ed6541d8b6dbcb55d4.jpg,16c3ab3b-13.jpg,40
245621e40e0ca4eb365e2a4e458c66b0,5b7050e3235849c6b0ffbcd61339fb5b18123b0bf8aa50a1dc50194f6e926c22,True,valid,12,-2024-04-08-181147_png_jpg.rf.216af049b7441cda996985b2c675e7e3.jpg,-2024-04-08-181147_png.jpg,10
247a0cb0aa565129a46011fe876404cf,8953f690d4e08720f219acd69848cb778ed2c07b95ec5236b2ad1904ad1deaab,True,train,14,8aa04eb3-626c-4a67-b793-80ddd774a7c8_jpg.rf.e408e1dec3f37a83dbcac9ddfd927df6.jpg,8aa04eb3-626c-4a67-b793-80ddd774a7c8.jpg,170
2526eec2c158b37b7bf86f4727cb8675,9d570007ed10c7343055eb85d619d1693e146e4695b289c63c795afc9458fad3,True,test,13,-2024-04-08-181800_png_jpg.rf.efb28d3f4b00af94daf6aa2dc843f40e.jpg,-2024-04-08-181800_png_jpg,6
2546a7f77ab88cdabcebfbffc4067ee5,18ae1255ddde7bba83c967d160a8182577b27f4031e875939575fe217cddd7cc,True,train,146,images_jpg.rf.6530faf65c9170e787a795515bdfffce.jpg,images.jpg,6
256e47471f0a364ca502bb02803f5c30,d1a66afc739142d5cd2ad2bd9a2093b03f323be92aa5b44df53867a3fec03da3,True,train,234,-2024-04-08-181616_png_jpg.rf.04fbb09f4a1b0c226a86a55380251eae.jpg,-2024-04-08-181616_png_jpg,8
25b2de38f67db122c886927d284a83d7,fd2da1bc84d2ac698a7eaa5afad7f5423d720c4b990a54694f520f2c6f4e1a7e,True,train,125,xc066iwm_png.rf.4071c25978e8e1c865654cac46dae8c8.jpg,xc066iwm.png,8
25b52e96e8e40b8a10477e367a31a632,c1387acec637532254e1848c45eb95835e99502b06c0f926feca7bbcd4e6e0d6,True,train,267,04584b4c-44e5-41bd-ba2d-7cd0e878ba79_jpg.rf.2724eeba2fabdda94d229e4b29b0047a.jpg,04584b4c-44e5-41bd-ba2d-7cd0e878ba79.jpg,59
25c02434a38fb8c973e8577a72192d86,a54c164a929acd8309a22d86c373c4656d7d5a4822d56610057702abc61388b7,True,test,31,194277bf-3501-4f42-857d-3edfb330c2c2_jpg.rf.997fb4e9f2ccbcd18e20cedeb01efae6.jpg,194277bf-3501-4f42-857d-3edfb330c2c2.jpg,54
2608ad7a96bdb4ec1257326521e70695,5ee6a47ad2a056b0493e3e4d4a933ca88714be1ca45eec479f0853deb13ecaad,True,train,104,-2024-04-08-175454_png.rf.be15b84950e658c85d2ee4140ff7b464.jpg,-2024-04-08-175454.png,3
261b93d15eb4353c2dca174e36035aad,4db4b4769c10341d62a2906a4ac4a3855fd0cf1b0fccc114b3b4c6b9ce348b3a,True,train,518,-2024-04-08-181107_png_jpg.rf.df275e7d6ba09f879fbe8cec75f2ccde.jpg,-2024-04-08-181107_png_jpg,6
261de1ae46ff355bf594c0ed573850fe,18164ff2cb7d266dac420b35ae60221a3709b0350e0be05fa7ffb2f15a68575f,True,train,103,-2024-04-08-175838_png.rf.1c4668f463ed67d1084769a9dba16a97.jpg,-2024-04-08-175838.png,6
27c6489b00e240d9f5aa4b52eac9a903,f85ccf1ac29c4a12651f08ac222d1e9880e9cb97c527cbfa87b81924842d7143,True,train,421,Welded-Steel-Section-with-T-Shape_jpg.rf.811c1d7a5f1833231a74921ffa9d8621.jpg,Welded-Steel-Section-with-T-Shape.jpg,13
27d7c0ba499b0b825ee97076c68ca89a,9b102a20813433c14e5e3da4bff5c5d07040a65cfa3bb90e08c4d69161f1d408,True,train,430,WH-L_jpg.rf.36642ddc3afe8ab5d170794e1dd293bd.jpg,WH-L.jpg,0
27e181fc357a0122b36caa1c094f9db1,e55bc3cd1a443d4c21fa9e3fabf20a54b8d97feae77c17949bdadf7c464df1a5,True,train,438,-_20230708190552_png_jpg.rf.12c380ab7ea8f67a535bcb4e73dde8d1.jpg,-_20230708190552_png_jpg,2
282bec67d5880851738c07b3e356ef00,4017478b74d1b35ba1765e4b429b3b2c3c79953a7b1bc6040e06af6860c6070b,True,train,233,-_20230708190548_png_jpg.rf.14e67b84f02413d3ad0f85c41e953451.jpg,-_20230708190548_png_jpg,3
2837e19139ddf3b97fc29cd0520ee12d,5850a19259989bee950f890679cabcaa9cd819dcdd699731897cf55ae7c72ab3,True,train,286,-2024-04-08-181644_png.rf.b23c4d82894c4f8dcd6f3f9f98017bf9.jpg,-2024-04-08-181644.png,7
28fd61ef5299860576c88091c80b101e,c2617b6c40f27ad1e1a2994f4304a63009d6f2f7e193f913434aad133874b70c,True,train,414,-2024-04-09-190744_png_jpg.rf.14545768908ee2f14338027abea2bfbe.jpg,-2024-04-09-190744_png_jpg,6
298a1493a861782a10a8b0cce8445ea9,18362f9487cc0616f6c2847e79b499e7c9862e10436d7e85253b9dfc0e66073b,True,train,41,-2024-04-08-181332_png_jpg.rf.053988851af3ea049b4767ce2bc01886.jpg,-2024-04-08-181332_png_jpg,5
29fe2343a3932d6556c6612c4b5a329d,3d0fca6558ba19238920f82e648313023bbda9d4fd4b602a8447da1932a026c3,True,train,477,steelbeam100_jpg.rf.ecf56fd3a2cb7981bb712316cd56faf4.jpg,steelbeam100.jpg,60
2a5cc4a17c1ecd5f65115eb732fd6b63,a3bc36a9001d3fae0676e5eced60f13105f8bacc6654eac1d6bed2b642f35c87,True,train,503,-2024-04-09-190716_png_jpg.rf.6f3c5e77621e534f42acfdf2e390bce1.jpg,-2024-04-09-190716_png_jpg,6
2aa3b9a34c547b8b77e3678b507a615c,904190c93ea412afa5f00273c51870841b6232eac741d8a9950afa066fe74f7b,True,train,21,417_original_png_jpg.rf.f561516b6029ee33c596f9683ac6c4ba.jpg,417_original_png_jpg,10
2b180428fab99a812b9f9ef9fb4cbf8d,278609611dedc41fcc52cee4a54b3c03970618125fd586d955b0e8aea963f301,True,train,482,WH-K-2_jpg.rf.48b177879cabb24b8a58fdb15552b278.jpg,WH-K-2.jpg,0
2b6493a3216ef02ca22f36b86f31995a,f9aadb4ff4c71eabadc931ca1b53766e716bd3994d18c01000f1c74ea1804111,True,train,179,bd9682d2-3730-412c-a7c2-d41bafdd9416_png.rf.cd06990136a04688451b4871b9ffbd72.jpg,bd9682d2-3730-412c-a7c2-d41bafdd9416.png,5
2be369ef725dfc25a3b1d6a773e20d4e,ace20a856d728f51e8c4a921f6cd898bf05cf5839e336b6819cd70b743928a88,True,valid,6,1670333703-5cdf9b336c4b445e5e7cfce6_jpg.rf.e9cddbe346aa956d56ed40d1b12f788a.jpg,1670333703-5cdf9b336c4b445e5e7cfce6_jpg,9
2c124bb8bb50ba11c145c4065afe9e86,55fbca2213f11a4a158c4dd941820b8244aab0345ab2754ac887cfb023807c5c,True,train,212,-2024-04-08-181545_png_jpg.rf.6905bc85a294fe1add774d3549c7ee8d.jpg,-2024-04-08-181545_png_jpg,3
2c3e4765de3cff38d3a6e0d0d26000f6,7037daaf2216c92a15b71b030fcbaa27ade200975be86597238b8ee11b6954ea,True,train,318,-2024-04-08-181235_png_jpg.rf.68aa8c7c7df2a03d8845d2608985097f.jpg,-2024-04-08-181235_png_jpg,5
2c867cb544c725ad5fea203e14635e0c,bbe6b5637e61fc903d001b2f65df719ccaee7a8589c92e76d3a1020a6f4920a5,True,train,280,YARD-J-DEPAN-WH-L_jpg.rf.a0a13317393cf217d9023b9bd47df333.jpg,YARD-J-DEPAN-WH-L.jpg,0
2c92d2f7843bb780f3f1cf543af44d34,817b94ddbb9a20bbd65e85962f3f26c24f2e0c64034fb4f4ec249f4ac5d60b2e,True,train,166,1670333703-5cdf9b336c4b445e5e7cfce6_jpg.rf.dd75839c74f62228547d00c852c82243.jpg,1670333703-5cdf9b336c4b445e5e7cfce6.jpg,8
2dd128590d0c5c9bb80c842aea9d3435,6533da7f53973fd0b1d016213fde76dfc23737ab7e7b4403b3e3f725b2265ebe,True,train,204,-2024-04-08-181819_png_jpg.rf.a7d979a9766ca994b465d0fe0218136d.jpg,-2024-04-08-181819_png_jpg,10
2dd96e5db8aab06fbead5fc021b48a39,171dc32d272b8ed34ddc40c650752713dce2501e8a66355c07c7c957fb077bb4,True,test,51,-2024-04-08-181549_png_jpg.rf.84626d3e97b9c0c0cfa27f7c0b667fc0.jpg,-2024-04-08-181549_png_jpg,5
2de7e2f576e658f31bb33f712617d37f,a7a6d30fd07f1845356e3a15bc33ef52adfc24435184ef316cd7301f34c48607,True,train,142,0ef4dfb4-134b-42d1-941f-1e77e170374f_jpg.rf.76670b9e2c0feecc3431d91a0426489e.jpg,0ef4dfb4-134b-42d1-941f-1e77e170374f.jpg,100
2dfa43ef242476aebcda1c0dba922c01,2330e480a6abb8faafe55d09ca97b0b48bb31eb1ed7ef67a7e5c67fcc8f94a51,True,train,190,-2024-04-09-190603_png_jpg.rf.270c081525fa72e6a283b87ddc1a7503.jpg,-2024-04-09-190603_png_jpg,5
2e3ae3fdaaae348c7f435b1ee30144c1,12379e7cd4feb77f62c0981b129ef496d134c025283ce5959dceb19f6abc7aa7,True,train,67,img_129_jpg.rf.f307e9627c96f460724fa830f644ba05.jpg,img_129.jpg,6
2e3d6456ba9c509d2c01571ff3d0e865,fd758d6c25a4035ff4c2fc09dd720cd1bacc495574339d985896a20fa51c4fac,True,train,31,-2024-04-10-132218_png_jpg.rf.a90e88dc540f8b5c9db42345dca64185.jpg,-2024-04-10-132218_png_jpg,5
2e517effd61e0546688eb845240a714c,90f68411bb1ea6708cadde69722bfc8b2e7079a67c222e5cabc6ef5ad898e152,True,train,567,-_20230924182422_png_jpg.rf.f2fac2b4a22caf5b884ce46248b9cfff.jpg,-_20230924182422_png.jpg,18
2e68fbbbd900f45b37fea7c5560711d6,b620b69a6b4126cdd01e9ddcb449ff0b48c56e6c39fce63f4fe07d1c4f092eb1,True,valid,0,d01bdd40-12_jpg.rf.ddc56856d942a198b82dbcf0dbbd3e16.jpg,d01bdd40-12_jpg,30
2e888e875333380a9179979ac4e546c7,673b7ca6e86284dbba415230e1150cd11947b8a9a1713b8581b787957d0003cb,True,train,476,-2024-04-08-180955_png.rf.67ffdcdeca619464be005975ae838fe7.jpg,-2024-04-08-180955.png,10
2e91c9811129073adacef47ddc3f3aeb,4670e3fecb4608b018dc8cb435cb8a438257849bbc3578158f60318bde498334,True,train,252,14be09c1-6fdb-41d8-83a6-18f6a75e0234_jpg.rf.75945b972da7bd6c4052c563c47885c9.jpg,14be09c1-6fdb-41d8-83a6-18f6a75e0234.jpg,0
2ecdc27cbd8c175fdfbdaeb5bf6fb48b,be7a6bf091ed37135baeb2ff88f35699ad4bf19dc0c2d158a394e5180b4abd30,True,train,106,-2024-04-08-181009_png_jpg.rf.faa0f6dddd53cb8dd144d06030e03030.jpg,-2024-04-08-181009_png_jpg,5
2ee7a72dc57b47320ac28ec4da7305e6,96177cdcabde406adef2ee9853398acc8553b5c46e9f2de5c9ee769666be4bd5,True,train,44,-2024-04-09-190723_png_jpg.rf.a262a3b43d9ceadcf49f964b068856e1.jpg,-2024-04-09-190723_png_jpg,4
2eee63cc0d94d944bb31fd29edba3420,db4812b7d16a6980f6e3259d84a6e40dcf5dd98385446a237b4d1cbc681f77a6,True,train,240,og_jpg.rf.017673e7eedfd6b89dc9609efce47492.jpg,og.jpg,44
2f507af48a222b48478d3cf6bde01f94,0205e956c2ddc76a0f42431a4e2c57b8e8e58c420ce26640473a626dfec9165e,True,train,246,923a108f41cc108b080c4fe180deb58_png_jpg.rf.1f7f571755d14b2d6d1edaebfdc971f2.jpg,923a108f41cc108b080c4fe180deb58_png.jpg,10
2f585ff03499ea1054213f1d8a97c85f,81591c22fcfebdc6043ecd92d85d419e8d6dca63ac5c5fb7596308e917d9e368,True,train,283,-2024-04-08-181514_png.rf.234412baffbe35f8230844734e29160a.jpg,-2024-04-08-181514.png,5
300c6557c1c08e0f89fe4564f8bcca70,0e590f99c1d0bddcd38110f2e6c741ec7d5d6d4e8f0b6a46d7d443c5d6b2cc69,True,train,76,16c3ab3b-13_jpg.rf.76079b1f0448de29aea6dc4b6f450b9b.jpg,16c3ab3b-13_jpg,24
302f2d7626b570c1c62e13920a46efa1,a0731a5ca10b9c3d93dd5bf65b0c400a565c01feb43bb4056da1022c3df231aa,True,train,342,000036_png.rf.eb76e85ec85c7952401d92674621466f.jpg,000036.png,1
30b701cc3876ae36b1161a12b49ea90d,6d527483bcb85714bb4a16250a7cb9c3e83f0136e3dd006dc0a4ff5b24ef7382,True,train,345,-_20230924182425_png_jpg.rf.0f238fc5554604ed252957f5f658febb.jpg,-_20230924182425_png.jpg,6
3134a4f9e07f8d7f62bdb89c36397451,91649cffb9c65cba4b1539bbe23a2ea88805bb1e80084e979caeb3af56f22ec5,True,train,418,-2024-04-10-133630_png_jpg.rf.e0825ad7329063fd57a75bb7e954ff57.jpg,-2024-04-10-133630_png_jpg,6
31559c114f71a63876462dc5b4c36afd,bd26353f95f4f7382e7e191c25fe303c494e0ec00748ab8c05acc8805351b4d5,True,train,402,8ea64c42-3a4c-4a22-a4c8-297905eb331a_jpg.rf.4f644dd9c4216531345fe1aae27b6ab6.jpg,8ea64c42-3a4c-4a22-a4c8-297905eb331a.jpg,42
315d4be4383dfcb8041d47b1196e0882,02ae48969c0ec8caf4ed4991a502d6a9cdefa6e36a05ea9a23c952ebbf51df33,True,train,563,417_original_png_jpg.rf.1aab4f337a556c23e8957367eb7fdea6.jpg,417_original_png_jpg,10
31d5c1eab7a288a814b52099e8320413,7d995c11fd3f8e73a49f87ed3c48a7e94377d08f6461f76db527887fa93f2059,True,train,9,2b13b33baf8efae5a7c98d265a29d9b_png_jpg.rf.5a1290b569de9de9b7215c5f8c4aaf8f.jpg,2b13b33baf8efae5a7c98d265a29d9b_png_jpg,10
31e6a8611b7c9956227e23b1fa3e78cc,37dae3e1d498f753e57e70d1699a4caf67f6103be949f1cc7b30cd5d5851eb5e,True,train,86,-2024-04-09-190744_png.rf.24a4446728cbc8ce0271c57db9e024fa.jpg,-2024-04-09-190744.png,6
3276ba4505b8311753156c2ab60f41c2,e298772003e5705b8ab46e0316c97cfe19b14b25ded73fb9339383816d8a2117,True,train,268,-_20230708190618_png_jpg.rf.fac51a06fd1b840c38c428f9184f962b.jpg,-_20230708190618_png_jpg,4
3288ec03d7c7938eb74cda36c58753de,7507929f6ccfe50bbdee7ff7255f389699c48853e6bd4d374095e5c73dc50883,True,train,344,-2024-04-08-180928_png_jpg.rf.37f72efd27355cfbca69517e2e7d795d.jpg,-2024-04-08-180928_png_jpg,10
332645f19e290869ae83fbc4b09e964c,c08b7fe4f8479f8d53bf3b0f0ff6be0e8d45c0b10de80714c334a5b17136ccff,True,train,156,d01bdd40-12_jpg.rf.f4134a13e13879f991969aa1e9b4751a.jpg,d01bdd40-12.jpg,21
3482fa8f85f3e5a35dfd249685d17c51,9451d590b8e7a67f974add3dd574607e614628ca0df36b5588511fca75b7b763,True,train,89,-2024-04-08-181337_png_jpg.rf.943e76bdf6549bd3a3569c3436858e80.jpg,-2024-04-08-181337_png_jpg,5
3482fa8f85f3e5a35dfd249685d17c51,9451d590b8e7a67f974add3dd574607e614628ca0df36b5588511fca75b7b763,False,train,217,-2024-04-08-181337_png_jpg.rf.c3d1d432409ddaef6e6843f3cf7aaa06.jpg,-2024-04-08-181337_png_jpg,5
34a4b7e0a5bfb642e4547fe7c1e6ce8e,03b14ae34fadf6215f68a5fc8b7cabeb8c114f0aa711cb484cfe0f18e9adfc6e,True,train,508,-2024-04-08-181644_png_jpg.rf.96e39fdb9149ebb052297f2d0b32a292.jpg,-2024-04-08-181644_png.jpg,7
351134e2dd1c27611a718ab56ecbb83b,90db917fd8f4c9123cb54569a359df07fac5b62ac25a996acae3dba13bbdfd5b,True,train,161,-_20230708190548_png_jpg.rf.8cdd4ff7839c0f5b7f4975fbca7a8605.jpg,-_20230708190548_png.jpg,3
351f84197e34f02359556e16a5643a8e,0d78ec7d0a0adf4e05510d8af668ba8a335ac2215803489644959888770f8208,True,test,33,0f4060d50c39f101b100626f93d1f04_png_jpg.rf.25f9d27b9e8f36487c52e396eea83383.jpg,0f4060d50c39f101b100626f93d1f04_png_jpg,10
364650c13a3fc1a0f95dda9f6db3f668,1c8860d1df82eecb1c8e7e6aa670c683de6ce1a162c2b0570ff2f7c2a234fb47,True,train,381,-2024-04-08-181446_png.rf.16886911ed61e13223f7c8bfa5562929.jpg,-2024-04-08-181446.png,5
364adccd6e9bbfd219afe40dd3fd3c3e,d7c47187befced5837a83db053ea76a13fe497713fa9a83cb265ef48ec36e5fc,True,train,525,steelbeam46_jpg.rf.3874948b7537b41af28764eb33def4f5.jpg,steelbeam46.jpg,8
36ee58bfdbc85341378a1f3c0dfa9fc7,fb25bfc9c1c1baee79488326ab852063a7a3c83ef46d0811233a8582c2e34d9f,True,train,295,d01bdd40-12_jpg.rf.19cbb763db78079f61ed34f2a80998d6.jpg,d01bdd40-12.jpg,24
36ff911ed10f209fc544a849dbc2587a,210d1520311a1f737f7cf53b9eed1c14262dfb5ab5f318d4a8840417c2944bb4,True,train,70,fe395024-27_jpg.rf.7b39576d839499df0668920a49f95314.jpg,fe395024-27_jpg,39
371b1c1c73760eded735f27d0b7ae727,3d30766440efca98884310e986a9684fcff698cdec4e54f23f3b1c7040d88c89,True,train,219,63425d5759c4599a8fe3dca4673630a_png_jpg.rf.dae764e988bd26ea290311fcf1b3db3c.jpg,63425d5759c4599a8fe3dca4673630a_png.jpg,20
37b6bff410583208c5e8d017b2d27f4d,09abfc662d4e6562df999cd400afe9d3531e957db6f3e81b495c425d8bcd2f09,True,train,49,-2024-04-08-181001_png_jpg.rf.f5f01c01d9536de08df8d93cfc3e9ae1.jpg,-2024-04-08-181001_png_jpg,10
37f3c135faf3a76b322f53b65496ac07,310b968fd911aa78eae6f6a77e58c677224bf96b65acb7773fcba09b5c1028f0,True,test,53,I-beam-price4_jpg.rf.4ecabe9af7e25304e5677581b6af0ff5.jpg,I-beam-price4.jpg,1
3811e6438816f24894b933191e54871e,6025211ccfc122d703e7273652a46be9d9ca26d704971976fe87dc17e51f63d8,True,train,94,-2024-04-10-132306_png.rf.d149cdcb203432491593da97931aecfe.jpg,-2024-04-10-132306.png,6
3836ff1019876f9945a7172a246d290b,a6c578bcc8135894aca4fe832cf25e7c65ad5e7a907f9fad47edfc8a84b7d5f8,True,train,16,-2024-04-10-133618_png_jpg.rf.c19a3d3e321d1282d1b9cdddba985e10.jpg,-2024-04-10-133618_png_jpg,4
3842f969a4d3cedc27c0e4d6b999821c,b83c145e67d8b04fad4a0486148e0d8301d945a59705e8dedb1cb7ba9ddc5d7b,True,train,147,-2024-04-08-181609_png_jpg.rf.aaa25f2fef81fd038f4185b4b99b9bb5.jpg,-2024-04-08-181609_png_jpg,10
3a1a9f1210382473a7c4feb42245453c,b36c91fea21b88dd495708666bf45a41a21c8c756677c4c63168d946769a5937,True,test,37,7p96blxd_png_jpg.rf.691f9a534e16151f2802592089aac65c.jpg,7p96blxd_png.jpg,5
3a572a7ad311309d107c40941e5530d0,d2ace1522127eaf125cd8b9996d0771b23407775566e0965b487c8efe3ca0196,True,train,143,0ee70760-ea1e-4f2d-8dab-180ca80b975d_jpg.rf.bcb04084249d3f3cda965264b5fe4858.jpg,0ee70760-ea1e-4f2d-8dab-180ca80b975d.jpg,372
3a86dba4cd9a75725966cae7609ed970,b1c0ec01d0038dab7c1a3cee3d3f15308357fc9f371f30a0eb303d1bbe137269,True,train,513,-_20240404161218_png_jpg.rf.b8d65663cc23109611262a9d64d632ac.jpg,-_20240404161218_png_jpg,7
3a9949f4b5bb37d515aec31d0b1fb3ee,17b5d587e438c9555a49eece432f6b660bee034104c8fed7a9de39d2312d422e,True,train,366,-2024-04-08-181644_png_jpg.rf.31bce3c0a01c8586e02629a91c88e547.jpg,-2024-04-08-181644_png_jpg,8
3aa537d0b5607f05999728d3cba6693f,a35591be85c75e92161f3050b9656c634eef1efb07dd9a7c88c3a244a77dc669,True,train,33,img_128_jpg.rf.39383dd69ffac7634f40188539a65fc1.jpg,img_128.jpg,3
3ab77a2e3b74950ed14dbdbfdcdf4210,8dee48c29ccf30df0c77d28326447987ec33359f583a43a4c06cdb2918dd1811,True,test,0,product-0323479001538175476-o_jpg.rf.f94e53642c2a553087c19cb75552b27e.jpg,product-0323479001538175476-o.jpg,12
3ade4fc2dc22b3701b300b424e9bbdce,be2dcdc32046d120340014afda07325a2bbff95838c41f9ba779253d6a18c866,True,train,256,-2024-04-10-132218_png_jpg.rf.3999970e142741f6b5f27cc3885253dc.jpg,-2024-04-10-132218_png.jpg,5
3c6ebea59ae3c94e4b754e7b9f87bdaf,3f411ec0535bcce037756a696e377abc8352d2165c019117c7ed6aa8b57a5ee2,True,valid,50,-_20240404161215_png.rf.28d60d040cec5aadde5348556b9b65b3.jpg,-_20240404161215.png,2
3ca2a4d3ab675a2c4faa03b0bae9affd,cd74cf2e6da2c118061a2049ac5d421eb5c8b36878c93398158c97a492e51bde,True,train,536,-2024-04-08-181248_png.rf.c3d3ddd5bea33ad1987050c12d11179d.jpg,-2024-04-08-181248.png,10
3cadebf3f5d6d0619192d53a898495b2,426645bae3dc1d016d927b969e2646fef03a5d82004b6e3e45504bb2742ee70f,True,train,285,-_20230924182506_png_jpg.rf.efaaae9a8a647280a0fc2974fe431c8d.jpg,-_20230924182506_png_jpg,5
3caea5800d4dbfb58dfd0009cf786b5a,d5e8d83ca031549bd5cd6a438e3491eb6a2e558cfead8a6a2e685718a68c3dc9,True,train,141,ecfc3327-59d2-4b13-a011-eb51bb05d766_jpg.rf.cc023ab462583985dabad543ac05335f.jpg,ecfc3327-59d2-4b13-a011-eb51bb05d766.jpg,0
3d169bf76517b775f43b84c90d8dc5b8,54efc9529832dd00a8d7b91f2178614bf910e299cc5a89aab2b26074b003c5b1,True,train,492,2b52f034-07c4-46de-8166-a0f0f5edbd7d_jpg.rf.76d2320a984780a0c70039c6a20b42db.jpg,2b52f034-07c4-46de-8166-a0f0f5edbd7d.jpg,30
3dda444f08450911e2cfb66ec01c50e2,b627a491168e9f18a459b575272970f446810e244b220b1fc96298ab028ebb13,True,train,552,og_jpg.rf.e71d9a784cd2eb5e9838cfa3984059ab.jpg,og.jpg,83
3e3f28099308b7e3071f85f272ff9631,f16f59691da87617fbbb87c36126a3dda863c4b15a0270df95a1b069857f422a,True,train,255,e6c6ea18-15_jpg.rf.883c06130b059c1bcbe991eef8c6e2cd.jpg,e6c6ea18-15.jpg,9
3e5091e185ebeb129229e5082401f415,590d7f4ea9cc1a16f50eb2177e6795a89722f1196ca08814e68911bf03686710,True,train,598,-2024-04-08-181137_png_jpg.rf.4c7ea0516611757c2ed34a99c44e8a85.jpg,-2024-04-08-181137_png_jpg,10
3e8621d0538061ccecd4d592f559b192,74db33bf3394ecb48bb0b79af4bb396e3c54b9d37a9fb7f13a4472e029115ecb,True,train,467,images_jpg.rf.b1b395dd34d760d5be62973e5dd249ba.jpg,images.jpg,5
3f193449f6465aed6bff0120334df3e1,e51f4b80d13e812baae8edf6e94050e274e7e8b81e68f60096778f6e4fde8334,True,train,416,l9i3vdsp_png_jpg.rf.5ff7a8af6d6ecf7767abfd83c32381fd.jpg,l9i3vdsp_png.jpg,2
3f220813f6e49e6e75a410de0c0cac57,23532db2e62e582d1c637178bb5e8a5cd1a1dca92cbd420a893ecf3d805ab31d,True,train,304,c60978eed390eee904ede0407128e00_png_jpg.rf.c6d845c2f715f817082c19e1fded778c.jpg,c60978eed390eee904ede0407128e00_png_jpg,10
3f37d2bc1f20516354d60f6d466bb341,ce26a0f0af3e5de21dbf775b473a499fb2c12fcbc07b3b6838594f86c2b7591c,True,train,69,-_20230924182506_png_jpg.rf.83c7299214f8c46e46e9c83b193e3b42.jpg,-_20230924182506_png_jpg,5
3f45d647188a82aee1e25154795dcbc9,93d670758f87614c993efa0099a02132df1b7e0ca9cca23262e08c947cffb383,True,train,528,-2024-04-08-175642_png.rf.8547fce54b7015be9fcdab2dc5f8a117.jpg,-2024-04-08-175642.png,2
3f99cbc8ba5728a88eadb359995de45d,91f40038b94c8ad9c200778aeb3104670ea29d8f6735fb9f03d674866c6a76b6,True,train,361,a11e48597575f2867df096f0aff0f8c_png_jpg.rf.1c5bc1b2e5d1871a1ae52b039497b166.jpg,a11e48597575f2867df096f0aff0f8c_png_jpg,9
403394c51bb675f59f9e37bb1601e7cc,f5ee94b8fdcb9c8fb5f22e0e4df0c9ad96c08feec7ea8bf507fa23bb092eeeed,True,train,554,img_76_jpg.rf.78c6f1fe66d6c5a714096edd20805e8d.jpg,img_76.jpg,2
40443bd0572079957cc5db0df709a028,f0887c970e0c2eb2abce0d292e6b0401eabe12ff97c05fb4ec85c7f13aa1be93,True,train,507,-2024-04-10-133445_png.rf.4084b78db39b773c762e0ebfc2635419.jpg,-2024-04-10-133445_png,6
4117ba020dc42b96b4a597c49408c6bd,47264e1a885c2b13a0f2588ce5847d2b6bbd26a1c784844ce80e3819e24886ff,True,train,122,-_20230708190558_png_jpg.rf.36bb345a4d9d04bcda9a6ebcf1a92aea.jpg,-_20230708190558_png.jpg,19
41631a29a179cf5ee13a0b96fc168fc9,1ae8bd67edccece7dbd1ecb37cd9bf2585a40c3c4cc239366dc5ba6273449880,True,train,529,-_20230924182503_png_jpg.rf.12cc6ca6b32655d4b8555e5a74bab480.jpg,-_20230924182503_png_jpg,5
41f4ed5161697bd24d067bc415d22de3,3e2b1afe2223497a204186360a7462e0b926eb906b6cbd1a5c5da1b356788a45,True,train,196,86605a3e-c9cf-4fbf-aabf-952a7b24b408_jpg.rf.9921f9560cfcd8c52ee17529cdcba242.jpg,86605a3e-c9cf-4fbf-aabf-952a7b24b408.jpg,16
421963015832e592320a783fbf4acbbf,265cd5950844745a7a97431e26daa5b1ee39c10432878ef933785fc6fa1532cc,True,valid,62,103f559751e75f575b7101078f8b0fa_png_jpg.rf.08f0dc71e511c2e66a1c50b0c81769f7.jpg,103f559751e75f575b7101078f8b0fa_png_jpg,17
4225a8b96c91e3418468ea7a7f99c7d2,d3ac4e7e22b25e8c83a2d6d1b38515842d75dda68b1fbc794e91580d636886f1,True,train,80,-2024-04-08-181302_png_jpg.rf.30e16ce1de87e9a42b1fc85c04f4afb6.jpg,-2024-04-08-181302_png.jpg,4
4237b41156896544ff9e5d5cfd79ec28,e21c86adc4331f11dccc87cdae00ee92c2b1c4ad1e92dc9e5ede686df9d013f5,True,train,585,1dce8876-f9ee-4d23-9c1c-f850859b329f_jpg.rf.da27b702fcd776a052876fc0b7962486.jpg,1dce8876-f9ee-4d23-9c1c-f850859b329f_jpg,18
4294aa42a13aee7287ab7464b984e4ad,66b0c9e9be078466074cab6da617867cac0f2be99b7530281e6cc6976326116c,True,train,207,52a9972f9c6177ed93c9ee9718fb72a_png_jpg.rf.76ac658ffc37bf7025a8bb70228e94e7.jpg,52a9972f9c6177ed93c9ee9718fb72a_png.jpg,11
42c615b903e8f4219e55183a67fbd0bd,749e84a94df3fb31ebe70177c835767c7302c5a6037a0f1bf69d4cb4ebc7a90b,True,train,573,-2024-04-08-181030_png_jpg.rf.07d28b97da9b7cdc61cf7886dce70c11.jpg,-2024-04-08-181030_png.jpg,4
43bd1da5a9c8b59a1a1f55817517e2f9,75a8f19bd3076b44ac8856ace9b3855f22c3a28ef9469c1e0a0515721e4b6c2b,True,train,523,-2024-04-08-181446_png_jpg.rf.a635fb9daea8dc9e6ce68a67ecf2633a.jpg,-2024-04-08-181446_png_jpg,4
43ef46760c411ae2f4b28adaf391ad7c,f668cc1bc303a13e9c4012a3fa055ecadcb462d04d0a8c1e9a525255eecaabc0,True,train,500,24ensjn6_png_jpg.rf.da63bd010d4ae706512b191e620b4ede.jpg,24ensjn6_png.jpg,4
43f53b904783397a243845e748fe2d75,c42c361f70930869e2e3be5fe34aad594e676a49c6feb3f72d800189f465c0c3,True,train,484,-2024-04-08-181430_png_jpg.rf.16be615356a25b38aa6ff33dafa8089a.jpg,-2024-04-08-181430_png_jpg,5
444a1dcc4c03427de6262a9cee195e80,7ba0bcb0f0340f6e4db42c7a7a5dad81abdbdfec29c509842680a6d7cfb893c1,True,train,124,-_20230708190618_png_jpg.rf.421624250aff9db0eca40bdad545c90d.jpg,-_20230708190618_png_jpg,4
457dce169f901b31ee23a7dac2947a73,a3fda2c5926229ca861e6f2ee20599b8db9ab2371e18e7441e6001516ac23f99,True,train,350,-2024-04-10-132132_png.rf.1109c2e90afe5fcf9229d59ddd450850.jpg,-2024-04-10-132132.png,7
45b632743b17b4fdfa66552f54e814e9,5b19eec7eff83bdf4ae00a59c676e892491921563d37d886f427ff5221c9ae2d,True,train,272,-2024-04-10-131903_png_jpg.rf.3738e7bd0f135bf399f0903ae4e9c05a.jpg,-2024-04-10-131903_png.jpg,11
45b955fa8529fb5577cbbb6f1f22b7d9,ebe87de6c010a410703d74bdc0986d64c59584e94e8c3799c12893755c776281,True,train,32,-2024-04-10-133445_png_jpg.rf.7f2063505075266cf6d3509b5f921e44.jpg,-2024-04-10-133445_png_jpg,5
45f55dc73ed881ad15eeef0d3f87358c,1bde6afb108715cac72292404577a641281ab099c85fd3fba526ba186ec801b1,True,train,511,c8902ef8e99e0a92d38e98ccb831d94_png.rf.186b0455a7d78f84fb88c8397f55775b.jpg,c8902ef8e99e0a92d38e98ccb831d94.png,10
4699b08daedb5450905c560161028933,9358de12b1b5f2859f530b3116352ab75dc005bc98151041592fa932fa8d4424,True,train,524,72f629d38f7cad8a5a767fbe1c8c47b_png_jpg.rf.75fa60a6b2893776542c6a83480001b2.jpg,72f629d38f7cad8a5a767fbe1c8c47b_png.jpg,10
46e1574964d197b47d6f5353532f5da0,370e95c04a1874a0b1be19740cf6bec2bc93ce41ca8f09481ed452e1dfb1facf,True,train,546,-2024-04-08-180928_png.rf.3b38e84752ab329648d8fac9a3e01e5d.jpg,-2024-04-08-180928.png,11
476115c14a6f84cf10e8bf0f7bfddad2,eada2c548385d668d4d99ab1dfdabcf9b278d4eeac29e7b0e42537363e4d4865,True,train,564,SUS-ASTM-Universal-Formwork-Channel-A36-Welding-Steel-H-Beam-for-Bridge-Building-Material_jpg.rf.25543dc1c057c0494ce13ea9e78cb643.jpg,SUS-ASTM-Universal-Formwork-Channel-A36-Welding-Steel-H-Beam-for-Bridge-Building-Material.jpg,29
47856d045c28e397f736bdbcb6580806,46956079c400ce8b73f5f740fa913ad26c0c6c8b0a29fa6dd71ef964b116fd37,True,train,332,103f559751e75f575b7101078f8b0fa_png_jpg.rf.118ace62e224b5e88c54da9dc10f727d.jpg,103f559751e75f575b7101078f8b0fa_png.jpg,19
47b79d268e0a907695b105fe17e4325b,64de4b6efdddbd4595568cf5620bf3661616f9d5592018fe42f8933178f8fb9c,True,valid,35,-2024-04-08-181729_png_jpg.rf.1dd08647f6e98516aa0ccf5ff24ccba3.jpg,-2024-04-08-181729_png_jpg,5
47c8df264eb8723a399a897fdf48be9b,111ce2871bf82c63644b3ff764a1bc902f94c114244d66fbd2a00f5ae0e6db58,True,train,66,-2024-04-08-181529_png_jpg.rf.863f351691138ebba3d921c38e533118.jpg,-2024-04-08-181529_png_jpg,5
486579288e9d7456ce59f5a32f966bfb,0f390a51c030ebce7462c03a97d8917c00f4abc0ee64ce2665deabf75a196982,True,train,575,55f2e3dcaca58008c38d3de88bfed5a_png.rf.8a04ba030f91eae2c7020ba1df25a445.jpg,55f2e3dcaca58008c38d3de88bfed5a.png,19
48df8a614c4bf2666b2888afba17c23a,60bb4e5764ca7cd0469c46f61889b2c5cce3d4c60198d1dd43e81db0606955d4,True,train,199,-2024-04-08-181056_png_jpg.rf.226da48773a3f418d44f7b9416bdb2c0.jpg,-2024-04-08-181056_png_jpg,3
48fc0b5f09fd113b489dfebb374874e3,96b1f59c5b72a6d25aefd5204cca8a1b7e35650e9d6497d27d68f57637aa2221,True,test,24,WH-L-1_jpg.rf.cc4aa76a336c7ec9f79a31f8c91728ca.jpg,WH-L-1.jpg,0
493044c2035be3e606b55456b3f8e234,3c83bc0f41bea42f6812221cbf6851bed70158992ac3d228ce442d9784ec9ce8,True,train,413,a11e48597575f2867df096f0aff0f8c_png.rf.da102205f93c92905165ad1da717dc8c.jpg,a11e48597575f2867df096f0aff0f8c_png,10
493830267cb7d03fc261e97e727d1695,feb91733aa6300818e2a41023471e4e81f06fab49ed5b0d383893b14b5e4a546,True,train,401,-_20230708190558_png_jpg.rf.98e9140be11e15991a98a04d469f0470.jpg,-_20230708190558_png_jpg,19
4a5da599825427b1cde6c41442729476,5b2b5271d4ff0d06cc2864c30aba7d66a4962e21727076917473caae1c7c46cd,True,train,237,0804d9c3-5e85-4605-a005-23740bee0700_jpg.rf.a271f670916890f35e2cce060598040b.jpg,0804d9c3-5e85-4605-a005-23740bee0700_jpg,17
4b7206347c2db68b1984eebbb3b12f73,7dd39c01e5c923684bace13f852497cce9bec803fe6c5213551defb7f0cb9e5f,True,valid,55,-2024-04-08-181235_png_jpg.rf.7be795ec0186dddf7b70cdff41fabe14.jpg,-2024-04-08-181235_png.jpg,5
4c4cb394dfba70a6cdfd1de65dc099bc,8491d9ed013783df2360ea40235ab2a9cd60189e3e6fcb1577025180d1ab74a6,True,test,22,-2024-04-08-180147_png_jpg.rf.b0708f569ecaac54ed7d96b9e108b491.jpg,-2024-04-08-180147_png.jpg,3
4c7eccaa3528951b1900b7b15c77a8bd,62ffb1207e3c0259b35c215fdbe22c33a320f815c6045f844644912dfb18a98d,True,train,502,steelbeam79_jpg.rf.f7733f49f316dc062a9192d526679646.jpg,steelbeam79.jpg,6
4cd5be756c1ad81d1909f40093013b98,a2120962e30e52511ed893053704cb917ad0cf126ec7616b50283e6e9bdc7934,True,train,174,-2024-04-08-181337_png_jpg.rf.edb094d1b1c09b5c8a94558ccf60c644.jpg,-2024-04-08-181337_png.jpg,5
4cdee9592718033030aa5648de116e41,94098f648a4c51091fc6b7f09c355cfd3f295319453d7dbf0d43f77b2d41d3f0,True,test,8,irii8idx_png_jpg.rf.cdc24aa2a7d30d01124d0892016987f3.jpg,irii8idx_png_jpg,8
4cf1ff7856f7ee0357714efe6094b729,6330d4399fa1d21dec484b52bee382b3f0e61f965dbf23d0184b08e06b664f78,True,train,60,-2024-04-08-180937_png_jpg.rf.98786218f7daaa5b6281b293826ff2fb.jpg,-2024-04-08-180937_png.jpg,10
4d207b94d394dcf5a2fe9fdb430b2dd9,7373bf2e2c186ed46c1a3580f397b0c904467612993b35ac4ecc6019cc538bba,True,train,206,d5f3ab32-26_jpg.rf.7ba944e45747a1349a9de9bd91b5cffa.jpg,d5f3ab32-26.jpg,30
4d23a6a53ad986eea574bc47aa10560f,16581083d1624334adf240b1b82a92ab889ce7eca613bde906e8e5ec9cfcc182,True,train,532,WH-J-1_jpg.rf.a71aaf4e357ff6b05eb9b6e1e7547905.jpg,WH-J-1.jpg,0
4d3d8f0486399b4b3d53751a7b988f3f,12fe61c3644b03ad62126afdb2d3325b8595a917cc52a4774dee31cbcb4289a6,True,train,463,-2024-04-10-132159_png.rf.bd0da056a6021ba82bb884caa445ad74.jpg,-2024-04-10-132159.png,7
4dfe4110d60ebc13652589506a96a067,2d1a7ba7b1026975a47cf0b002e34bf3e3f6f0e0e4a3a3ea23efef182ba0c2f8,True,train,317,-2024-04-08-181752_png_jpg.rf.a99ae06436958f4de8ae54037467f539.jpg,-2024-04-08-181752_png_jpg,4
4e790149abd198140761da91ce281dd7,a0b47ec3255bf3606be2a88b1634b87f3aa69285f012540bdcb7f25ddb703668,True,valid,74,8c41814c-8_jpg.rf.a498d338dd102ed7f78b11f2f8eb9957.jpg,8c41814c-8.jpg,16
4f00e82d2bed53c736cca01349a56308,992a6a302b4b90a2768d11d7f6afd908423f36fa1dc138c2b0526d806d939aae,True,train,391,7496e1da-eefb-472b-abf2-576548470bf3_jpg.rf.9bf1e5c965508c526e36219237444113.jpg,7496e1da-eefb-472b-abf2-576548470bf3.jpg,0
4f82cb3230980495a41a58919ef21f08,106aeb4125e95c3e6ac6f3a1ccb1c7b8a9ab5c621009ba5ea0d5e44b8e96a837,True,train,270,steelbeam75_jpg.rf.aa7ca2f4b8a17b2437dff54000e2f02d.jpg,steelbeam75.jpg,7
4fc059a7ec50e22e52882d8a7a64b3cb,b6de40031ae2336b79248f961007271b8d5f17f520b32db3f9449e67a65efa0a,True,train,165,-2024-04-08-181703_png.rf.7630f5829d1bf7aae8b064bb89a3d937.jpg,-2024-04-08-181703_png,8
4ffa681915e1fc8b5cf92add649dcaf7,046f4a9e5fce64552a4f993c0ed09bbadfb3e55c663f938c8cf617bff0459e95,True,train,583,ahxol49d_png.rf.ab40e0438a0126f3ae0bea78ca04119c.jpg,ahxol49d.png,6
501014a2b5d80031a6c70d07da9e25e5,b62f596075367702ad0493068ee1339fb94753ea20d66aa87594f6428f75c3bc,True,valid,66,steelbeam64_jpg.rf.149838a319e40f9e9c2390b642360ff6.jpg,steelbeam64.jpg,4
501d35f4fa7c79a076d4032abaf8a291,8613305b86cdf098c6854703a6f369455d82fd157e6570e0722e42e740772b66,True,train,572,-_20230924182411_png_jpg.rf.3825dcf203b86eeb5f397a86d2596d1a.jpg,-_20230924182411_png.jpg,6
513c71befd59476c2c7ab916cad6a2d3,3752dfc05176ea08396b2a2f158fe5276170ccb74c04a6d1ed92489d8e0cd38e,True,train,53,-2024-04-08-181342_png_jpg.rf.f599f6d6353ab756aa9ba483f41cf111.jpg,-2024-04-08-181342_png_jpg,5
518f9499e40bee290b01c7fb0c7b270b,e185979ec031571370af0ecffe3eb0ce04a95857457e63784951936ef1769b10,True,test,23,images-5-_jpg.rf.108ce0f7b88aa4ccfe2a93224aa0c53b.jpg,images-5-_jpg,5
51d430a6d5acb82063e3bb7a6c43fd50,fb29c218ec2188eb9bad576f62b4477b0cee3c7f407ce8d3e783c3e6bbe33acc,True,train,230,-_20230708190603_png_jpg.rf.1fd7110a400810142466a1fd1a0a6135.jpg,-_20230708190603_png_jpg,20
5306f8ef1626a2ad33f2212d4d4e7cdf,979b056f2e3a1b982a8b60201cc854dbc33a5a0730650743adf4e1df2b78e563,True,train,42,-2024-04-08-181435_png_jpg.rf.496e06b15da7432b25d3c48fdfd68023.jpg,-2024-04-08-181435_png_jpg,5
53888277de39b8b198b48a51f8af91c2,7292a3ca91874957ac587dde88907a21e6bfadd20827c03f3284b60cea416912,True,train,337,417_original_png_jpg.rf.3147c341ede88b64db192c0b76c919ee.jpg,417_original_png_jpg,19
539a5588a72e05280e9f5f0ebc531d69,555e091dc3f027527fa3751a9ceca3b6a3bf586a3c173068e4e9cacc7e495ebd,True,valid,33,images-1-_jpg.rf.8bc97442fa36a38e58690dad5d2b55dc.jpg,images-1-_jpg,3
53af3e3ca98d17104945f62996a6009d,1951be18f215a6fd5b90af9eec947523d1eeebf25d63e8d2932bc2ad67b5581c,True,train,28,-2024-04-10-131903_png_jpg.rf.479ab8eea5dda149743b98b5aa686e05.jpg,-2024-04-10-131903_png_jpg,12
53ba3f8f9d181438ae6a681ad0e17cab,b662943a6896e844cdc6ee430c12ad66c303e899c1a8b09a01fad45c3200dd52,True,train,225,-_20230924182509_png.rf.349078d8da99a1b41f72dea48c5da64c.jpg,-_20230924182509_png,5
53c8c5af094e5f7800301cd499b929de,535ef5e4e4ed394d5aa4ea616ad2165ac4087a53d4e3d7f59e7c4711a679e77d,True,train,37,-2024-04-08-181549_png.rf.db216da486049c81b13aa4b37c69e7e9.jpg,-2024-04-08-181549.png,5
53d4710fb7a2725441b389e124b10fc1,94c8ca83189cf54c7fa6d0a50d03cf1a702fcd97025f67238f7551df439dcdce,True,train,20,-2024-04-09-190630_png.rf.810628929db96b55b34ab8c84bd8424e.jpg,-2024-04-09-190630.png,5
5440f6232967cbc2f802d5e3b1377065,70fad6347ec6777551b57bd3eeed45818d0c40446bf2ff1e44f30963a3420182,True,train,129,-2024-04-08-181805_png.rf.1d4020ab4c4edcbdfc7064b13c778f2e.jpg,-2024-04-08-181805.png,5
5544b616b81c8d06804b67dc71247027,6d25a9719c2c1a6a8b7a8204ade86f5530406954259e34b286ce4b9f6f2e2632,True,train,314,-2024-04-08-181549_png_jpg.rf.cb5a69d6d41a1ad196b7213cfc547cac.jpg,-2024-04-08-181549_png_jpg,5
5576a72b58d9a4e758cecd2643684fc9,8ead168b565f085a8a19601e88bc91ac076b6aee26682fac28134221d5d0c79e,True,valid,21,-2024-04-10-132218_png_jpg.rf.35c6b9a8404eb835fae25fe0b459d9cf.jpg,-2024-04-10-132218_png_jpg,5
559c93f4b5618593faba1be75f0e9ada,eacf8aac652fed9adb1b2b2bc9c86814c5f9c86a2853e846aaaf4e0a3fc169ef,True,train,306,-2024-04-08-181153_png.rf.7fb2692cf435173ccbb571347e9cac0d.jpg,-2024-04-08-181153_png,10
55eebbf03fa44df437fe1d855c353448,cefed9a8818998c392b9ce7ba1b83f328731fb28b952767c6a03dd19ce00028d,True,train,433,-_20230924182432_png_jpg.rf.61e7a7e1df08d0922263aabbc843b4dd.jpg,-_20230924182432_png.jpg,5
56463fb0eb5064baefcff799250733f4,9a934f4af0e549d69bbc57fd0885ccaf2a040310cc4a5fa15a61fabdf2a697e2,True,train,222,b13bf2a1-9ea0-457d-b9c3-074405b5f03a_jpg.rf.272b357e7490c347097907fd4838219a.jpg,b13bf2a1-9ea0-457d-b9c3-074405b5f03a.jpg,0
567d22c0c26036b2ae466b725fae66f7,115db1b0a8e101fa5d47cfd9ff5e57114daaac542c9855bf98c0dfe7fe0eba64,True,train,275,WhatsApp-Image-2025-12-18-at-11-56-00_jpeg.rf.20b6c4d64fceb9ca84fff6cffcf03445.jpg,WhatsApp-Image-2025-12-18-at-11-56-00.jpeg,92
57337890eadb40216ba50e2ca4134bf7,ed89c96c60a2f46c2183d68a110e85b2a4be6807b522f855b60669600a0f0d37,True,train,93,-2024-04-08-181030_png_jpg.rf.c0c8ded3c953cce1168785cea6166581.jpg,-2024-04-08-181030_png_jpg,4
5753b316f43260f6f28657cde209cf7c,98a0766aa33cde41255000c10863079321614ad82060d0c6761ff0cfe0c27c9a,True,train,242,-_20230708190603_png_jpg.rf.7c98ec09def3ad7a8783e1c82b2a6457.jpg,-_20230708190603_png.jpg,19
576db1dbd392c2e8eb5d3241c1c5e2c2,3f9b3653cba6fd5b66bb68d239a38e869fee1e8b7dd3fdaaecc771f51b6e86ce,True,train,154,c60978eed390eee904ede0407128e00_png_jpg.rf.0f4b13a5d98fc6f88eea695117e76b5b.jpg,c60978eed390eee904ede0407128e00_png_jpg,10
57c819898b7c6ff4af59b24a178e4bc6,1e96c836b04114f53738325be9f35705cc5e5320fd9e7cbba1ea1302592fdb68,True,test,54,-2024-04-08-181115_png.rf.f30f1784decb26edc2433a189d52577f.jpg,-2024-04-08-181115.png,3
5833a861fe47300a975482aec151f43a,be86e705df6b52e197edb76e78fb4b01812a9dafacb6aabaef698ff57b3762e6,True,train,134,-2024-04-08-181616_png_jpg.rf.389271eca25e8eee46cb89349a7089ab.jpg,-2024-04-08-181616_png_jpg,8
58af550c50dabe0e0e74862076350df3,753b4e484aac1005a1abebc230b28021da938f7141f5043d8f4e56fe8ded8a94,True,train,224,og_jpg.rf.29f29fd053b634324d4195a689541517.jpg,og.jpg,41
58edfc1e10635166681a6922a4575b25,09bb2208cf0b65d3d1405f4ba5bec9ae4feac21ad2e2c6a2187756abfe9dc9e2,True,train,426,-2024-04-08-181403_png.rf.73070e1936ba09c2f4e8798a9482a234.jpg,-2024-04-08-181403.png,5
593aaf12d629df766fc81a06f9961336,e9b24f5411d2e4bcbf6a5da8c7e173dbb69e35b317318a1fc2ece0895a11d63c,True,train,588,-2024-04-08-181403_png_jpg.rf.495c4487c6efc96b990a02d8a0b2d8f7.jpg,-2024-04-08-181403_png_jpg,5
5986aada73463044fbfd94f3ba35d76a,30295d155fdb27661bee4cd7f55b49ad5a8ae84ed284d66b8ed17e7ffe1aa891,True,test,1,-_20230708190625_png.rf.1dbeb499a40a627ece7de2ea4b418170.jpg,-_20230708190625.png,13
5a3ef7a0f181939e86fa66f462f2f044,8ea182aac88604fda8665c2e08a9ce6c54907e0c3133181a606a40f7199a714b,True,test,58,-2024-04-08-181353_png_jpg.rf.ec275773f5795bc7904e73e4858db711.jpg,-2024-04-08-181353_png_jpg,5
5a5b390127e6b26dcc64c79c92b56845,27b90d04a1b02e34fb2a33a38208ea0cadd880b360c57819153c07d092b8f9bc,True,train,473,og_jpg.rf.a915ed0cbc9ee259044416ff3d686398.jpg,og_jpg,83
5c04dc2821220739d835c78f8fa0a1f6,fe5c01befde41eeb1fa4c55542f08e3a93bdde1dee1c6ab05ef0a48937defbe2,True,train,356,-2024-04-08-181319_png_jpg.rf.453b503dd02306711d4d4810006848b1.jpg,-2024-04-08-181319_png.jpg,5
5c8068a0461f1395c729c319fcfa535a,a11e8ebb79df0f9fa9fc3e60fb8f858cbd098fb5e30ce7fd6f7a3b395cbb75a3,True,train,424,-2024-04-08-181203_png.rf.568fe8ca485ddf1ea38b74a34a509109.jpg,-2024-04-08-181203.png,5
5c98d6ee0eebeaa4cf05095f485ff0ac,5b533859220b7d669c2d2e83b92d3c08995ed9bc09921f5f0a4101306c96b09e,True,train,483,-_20230924182512_png_jpg.rf.d941aced2d6d7f772cfe9a7bc0f6e94c.jpg,-_20230924182512_png_jpg,5
5ca05fd70968de9f716ef14cc7da80da,a9afe91098f143c106295bd227f0bd85047be1da5775680e6aae16c256b34dcc,True,train,489,-2024-04-08-181425_png_jpg.rf.4ace5a192d0d77d440a65d2c7fe3dfb9.jpg,-2024-04-08-181425_png_jpg,5
5d612d517a4dba8566816539f50982d1,84d8e0504881b906191da328f4293c6ebf1d6f596d543c63edea839bcbf910af,True,train,201,-2024-04-08-181056_png.rf.046522d1164099e1b8382a4f885fb400.jpg,-2024-04-08-181056.png,3
5e94c9700e1268dc464c1105e43a9681,719367375b4c05b7e980b8bbfb1ce8eec2f28d6a229d701fd979cc9420d62988,True,test,63,c53b2cdbce75a32fd0107fdacfe80da_png.rf.44c62955519c64c5fc90490588fbc247.jpg,c53b2cdbce75a32fd0107fdacfe80da.png,5
5ea12e9d1592c85503971f7df773ec62,eabdc1fc513ddc3efc37c4c318b7f1767239c91a8a009c31b6894a5761fb1a57,True,test,2,1dc16d51-1f31-41d7-81b2-8ea85fdeed96_jpg.rf.a3232e3094eb76c953d3eae0b87764f8.jpg,1dc16d51-1f31-41d7-81b2-8ea85fdeed96.jpg,0
5ea95f0d034b3fd1f40e209f10e115ed,05bc7d2fb37f3ab7fd459732abfba55f14023db1aba26af9aee389230000e01b,True,train,499,-2024-04-08-181324_png_jpg.rf.314ec08e4b8d5c59184e8349e55297f2.jpg,-2024-04-08-181324_png_jpg,5
5eeae3af9bd269347a1ca5b503199542,8e01782459a766e2c85f207e1307409b915e317337fc51e5b5a2503cd8d4dd92,True,train,162,-2024-04-08-181409_png.rf.8976213ec4af8640ac63dfebf3fc4a2b.jpg,-2024-04-08-181409_png,5
5f1312233257a230592afa808ce56df6,5f83d663d6da79d0b7316b9c8012c66733b823619bb4fd0eaf9989bdc7e797c4,True,train,192,-2024-04-08-181302_png_jpg.rf.ddc07d5157150cbcfea8d7881d8189c9.jpg,-2024-04-08-181302_png_jpg,4
5f8c3ccf367ec08a601ddcf09bdd5a1e,26731f261d7b617bb859a9cb0b857df612e5bcd4567bb94a0a9bcd4a767e76c9,True,train,506,-2024-04-08-180035_png_jpg.rf.48b1959959dea743807c4cfb6615919b.jpg,-2024-04-08-180035_png.jpg,4
60126ceacf32a9b7b0c90dfb04e617b2,12cc6bae0031492972607652f2542567d17477dc0f96aa6face8b18324be9f50,True,test,38,-2024-04-08-180955_png_jpg.rf.77e29a49100f5f83595c645d1a625b4c.jpg,-2024-04-08-180955_png_jpg,10
60184dbd4b2dfb17dcbae55077d70315,f57bca0f1ba6710e2719c278e856294cc462c830a312082f8e2e3b9a6320662d,True,test,16,-2024-04-10-133606_png.rf.8159ead40f52200e233708b69028f26d.jpg,-2024-04-10-133606.png,3
6022bcbe3036f4a773aa80aedd98d249,a48035de0ab1b0fd0b7016684369b82aee8fa01d9ac3e12bfbaa3ab01042f96d,True,train,18,1597886626403_png_jpg.rf.1e0a56b0811861c2b70fa29e4603db63.jpg,1597886626403_png.jpg,8
60445852a33f7cc520c4b17013f59cab,0c29f587097cde32d562a9b27798e4430d94e8c67c18a5471d768ad9973791d3,True,valid,57,-2024-04-08-175857_png_jpg.rf.424b42f40fc4ae68e8792a1ec5a924f0.jpg,-2024-04-08-175857_png.jpg,5
60514396635a3a2605004f215bee4bbc,0f507e0a1fe45244d8463fe54eb6cc6d2e967d03c23524ed2c975437f0b853fa,True,train,108,-_20230924182512_png.rf.48a624442b138d5d4c2b2744bccfb22b.jpg,-_20230924182512.png,5
60e66ceba9d233030b644d9b4cc5817a,d5601762c9b94d9d9ef433bcbdbe7e4698f6ac4070128ed304c3c68571026321,True,train,347,-_20230924182512_png.rf.a8fb74ede78bc8c2b0180228a3f3f523.jpg,-_20230924182512_png,5
60f41bd9c25f89f9f55534754a014fc1,22e705256e2b87855ed4c2b4771c1315b35ea6ff9d68aaf775b5c1d36d124cf2,True,train,466,1a6d38b9-fb29-449b-8476-3a01c93774a7_jpg.rf.464a12c99edff6121671fb7dd47363fe.jpg,1a6d38b9-fb29-449b-8476-3a01c93774a7.jpg,42
618121f31fe2cbfad4c56061bc2b8e6b,b87a3a67c606c4ba62041c0d2f3b695d0918e90cc7c827e2376b5749b1a6768f,True,train,472,75eca624-51dc-4c3c-b562-01af37c83370_jpg.rf.d7118d5734d7becdb0d99c6e691209ca.jpg,75eca624-51dc-4c3c-b562-01af37c83370.jpg,462
618ef17114a48c765187b4e075d5d3d6,32cc8f9e103bbdf088d472d4e6f376e89ed115508e5ffd1b46ea3496f4768a4b,True,train,182,Besi-T-Beam_jpg.rf.82db4674c829b412f078eab2ab52e03a.jpg,Besi-T-Beam.jpg,18
621ce76a5bb83995a3cebe4bb01d1a33,904dad4db66b5d4d452d15f02f3d55c8b15ce0e53e910f718be9efc10d3a586e,True,train,191,-2024-04-08-181724_png_jpg.rf.12b12c8990805868612d4466409add12.jpg,-2024-04-08-181724_png_jpg,4
63a44f48a48cfee9dcc88c723176fdf4,1e5a97445f758abe6326df243dd328b860161295d5a2e7496abdfe5c179c7d36,True,train,157,8c1ef5ca-bc5b-4f76-9150-408f28da951e_jpg.rf.b8887c5124adbd11b30315bc9c3ca577.jpg,8c1ef5ca-bc5b-4f76-9150-408f28da951e.jpg,143
64305e0cd76689539eaeae554ed7cd71,97a294035ca59fa9bb31a8958e5c7115f0823194601a76644c2e49ad72fdd742,True,train,195,103f559751e75f575b7101078f8b0fa_png_jpg.rf.a7b2b9685f0baa7c77a74247040e9597.jpg,103f559751e75f575b7101078f8b0fa_png_jpg,19
6431213f738f0dfbe3a6c4e078702a29,c9306c7b0e6b168a82cfed75ad4c075ce0277ee81c7fe7e214716f6307937c59,True,train,97,16c3ab3b-13_jpg.rf.89512a0b0e76c8ba149f7cde5c467942.jpg,16c3ab3b-13_jpg,18
6468c5df8d57d97945359ea88d36876d,d86f0e475c007b742a4911b80e583739db51ac26b07cdf1a09f4cb3846b32dd6,True,train,186,-2024-04-08-181529_png.rf.7408b0715373ae26dc85b598ea7b081d.jpg,-2024-04-08-181529.png,5
646e56fd3b222a5fc54f1a93088da123,1416d2bc16fde505fc4e76779e4e31daecffbb7545b66eb02106b8c180781c36,True,train,102,-2024-04-08-181009_png_jpg.rf.ccb81b0871c8e5128076ac7cbf56ea49.jpg,-2024-04-08-181009_png.jpg,5
647e899ef7037ec66c91dc632f616205,c77c067b5d2dbf4b6a65cd348cc111f865137071e90a28dee2211277c9b8b907,True,train,399,118217de-aefa-4733-bd3b-a3e7eeaa1144_jpg.rf.3d7c2c66c81bad8996ce234a46ca4542.jpg,118217de-aefa-4733-bd3b-a3e7eeaa1144.jpg,154
64945de04cf8a154ef560025a2815849,eebde87a0a4e60a6a6eb1b486896609edd607477b30ccc42dd833d601731acea,True,train,221,-2024-04-08-181324_png_jpg.rf.155db8400de4037e844d0fe1b4bc303a.jpg,-2024-04-08-181324_png.jpg,5
650ff7c1d28837cfc1abf8435d740162,1b8acffb2bafef5cd7e2d360723419636bd819ce223e468032d6432e28338ef9,True,train,571,-2024-04-08-181409_png.rf.a62b5146508613abdc1589ad6e7ff7ec.jpg,-2024-04-08-181409.png,5
6519cfec5a5c53900ff2131a8c1c06dd,027fc14fb1c9cabd32e40fd3b45afafc0a096649c4004c531dee3e9fff1395f7,True,train,485,f1b0a59b-29ce-4d9a-80fb-33556ede7ad3_jpg.rf.3ec168d70392bab901203382ca5ad33a.jpg,f1b0a59b-29ce-4d9a-80fb-33556ede7ad3.jpg,188
654f61c160947d9fe61339f95d3f72c6,6ab4512726c40cb846abe7711cd2653bf9fa1345109d03fed33cc78a3931e570,True,valid,69,000045_jpg.rf.977d781ca53e03bcd2df889b030f46f0.jpg,000045.jpg,1
659770961d980a020b51f088908183ec,96e4f313618f79ce3281eee5fa0ebb0214c9b52ad236f66b7efd47bf0392a3bf,True,test,5,-2024-04-09-190744_png_jpg.rf.3249212f7c709f5b83e87d085a05238a.jpg,-2024-04-09-190744_png_jpg,6
65d4db18ad11af3d09069fe6329bc1c7,abf4c0053a82985e7721694f818d0a082d2905005cc7c2ef52ca951f66107e54,True,train,331,0f4060d50c39f101b100626f93d1f04_png_jpg.rf.f6e692584c7e292914de65fcf82a33ea.jpg,0f4060d50c39f101b100626f93d1f04_png.jpg,10
66259a23a10e3fda3a63804f1bf3f6f8,b4997b1f5bde812196200fd68b149763a60d6083fda3ebacc2b60f9b48a859ae,True,train,384,923a108f41cc108b080c4fe180deb58_png.rf.d75afa96fbcb29e6e50305796a4652a8.jpg,923a108f41cc108b080c4fe180deb58.png,10
6680ada7c4eb95183f510e3330faafd2,271686762c9beaa5bc21128b3435e2fdcf6c0124032d476fa623fd30f6fe183b,True,train,189,000044_png.rf.52e21f7ad95f863c10543d9fd3648bb9.jpg,000044.png,1
66f631ab569c19db26d683ecb1f5de3f,4e9a0034151cb821e9bd7ed9d690747c81d4ce6764d56e0dab85d7394dc2378b,True,train,360,-2024-04-08-175815_png_jpg.rf.abd2a1c949cc7a0f75b0e39052590c56.jpg,-2024-04-08-175815_png.jpg,4
66f9ff3239f067210ea69fedb70210b2,a181a61f18dcca479bbf5df142395dbfbd75db275e59814870be7238beeed395,True,test,18,4aedfa6ec53befe81c754afb6a00c59_png_jpg.rf.8d8d2d8d6ccb2f80d07b1c99dfef832b.jpg,4aedfa6ec53befe81c754afb6a00c59_png.jpg,19
6719fae41b7731c45fd9e07859dbde94,f26a6d9684637429e1e8724aceb2900196801e966cc125992e2901a0d184b0b5,True,train,216,-2024-04-08-181446_png_jpg.rf.7a64670d3907539dbbe32eb0090d372f.jpg,-2024-04-08-181446_png_jpg,5
67273c67e15a71e9451e2144fb8ebde4,5ce5dd19172ac8b921df41dd73c5f1913b19ea8731f39c7a187d7fadd0b04fbe,True,train,478,WH-K_jpg.rf.4a711c3785c648ec53f65e1c92490580.jpg,WH-K.jpg,0
673c77673b84ccb53efcffa4b625e08a,ee06e72483bb0f6f0be03455a8b9c7b34870e2e5413f30cc3a2c706d05924b1e,True,train,566,-2024-04-08-181153_png_jpg.rf.624ac347071f5dcd696bc3c05b9b2571.jpg,-2024-04-08-181153_png_jpg,10
678d0921e0fcb0e69952f38d78e1fc9c,e9b1de3d33e680717cf347c17864be60a11488f7c0bb08897732d501582e7fde,True,train,324,-2024-04-08-180937_png_jpg.rf.af2f92bdf6cb9100fb5ebac965eeabd1.jpg,-2024-04-08-180937_png_jpg,11
67ae95ddfe47952f05cef8fd3d0562eb,4f16551de17dd305ee3bbf65f9b76ddab70278a14b88a69c162573374f2be8dd,True,train,594,-2024-04-08-181729_png.rf.c44416e27bbaf404d5615f5ef3fec873.jpg,-2024-04-08-181729_png,4
67bbfb908ea85be87b9fdab0d41bd102,486724bdfd712332940bdf0b1edc76831c146c3b6c186d14d22353774935fe91,True,train,250,I-beam-price18_jpg.rf.adc2bc41c5827d9cb84d6a6e12767027.jpg,I-beam-price18.jpg,6
67cbbd14be9462c41415fa61affa6b86,4f5524f46d22f4c5a21a9a8be7ee83de371dfc77b910bebf053e2dec8f28830b,True,valid,47,7d2b6e9a3a463279150b7312f8b3ec6_png_jpg.rf.0ad1fd8bc232632c3a6522e64c2798b9.jpg,7d2b6e9a3a463279150b7312f8b3ec6_png_jpg,10
67d1908f36abd12f5097dc3660e2e710,2356893d5da291c09edaafca7b5410e41da0fe78ff0003aedad63a29c048ddc3,True,valid,56,05dfrr2l_png_jpg.rf.e207d66dfcf45097cc59c907ed7cdfae.jpg,05dfrr2l_png.jpg,23
67f66aa40abb9d92b53a2fce20ebd75d,779b3c8d1585ae2cdd33f16aa330d1c60b2a81fd946de24a9f79c9d3fac0d349,True,train,541,-2024-04-10-133606_png_jpg.rf.51c6de2167a59ca455c768a27329c491.jpg,-2024-04-10-133606_png.jpg,3
684a4f437e8290f09529b78686911a42,2627d36ee64f8276343b59ab3c407a992df411ad736109bce2b2171c6a3332a9,True,train,110,a542eea0-3457-48fb-b251-a2de8b20507b_jpg.rf.444107475564769a6904f5c453d933c7.jpg,a542eea0-3457-48fb-b251-a2de8b20507b.jpg,33
695b8f08f5f7731d7deb35e9e9318a93,a6cdf4db4a0328ff04a21f0c850040970f5952596597d42b5fe72cf0cefe3d33,True,valid,14,-2024-04-08-181324_png_jpg.rf.2d7bb797d51e25f70a1cc465e8bd1792.jpg,-2024-04-08-181324_png_jpg,5
697bdec2b74e02a6778b840fda4927b7,8792bc95a9d4f445a65bf16f6a8b7640a0b58cb56f193201a1fe0aae536a714e,True,train,370,-2024-04-08-181153_png_jpg.rf.632b0a1403aefe6d0fe3ef9c4a0915c5.jpg,-2024-04-08-181153_png_jpg,10
69b5bf8f599639f45e0b9b009a6029e3,55155010774d8a8d93df2713946395c2bcae39401f8881925931a56113f830f2,True,train,515,-2024-04-08-181235_png.rf.46874dcfe8bdff46c4056274284a9342.jpg,-2024-04-08-181235.png,5
69cad98029aa095c3b10eee4ead0350f,3272773e20a4e06a7281d84420c8155ae4ebe9ab0eec1495c0d9d4b301390ea1,True,train,131,c8902ef8e99e0a92d38e98ccb831d94_png_jpg.rf.87568ed56418f554497fb4f00a44aaba.jpg,c8902ef8e99e0a92d38e98ccb831d94_png_jpg,10
6a0d38e9e2fb96f1468edae7e96341cd,f7b9a8d8b74cb36701f2f6dde22c2913646fb71a3e830420613b019457555967,True,train,127,-_20230924182509_png_jpg.rf.8870d2b156f2df489c1352dac64e367d.jpg,-_20230924182509_png_jpg,5
6a79705d599334402835276209cadad9,1c7c650b838f3fe6e04c008858a6fea2742aae22a5042fc105a9a04068c85da3,True,train,113,-_20230708190618_png.rf.a1fc9e600f6daa5cf6c13b56a17c6537.jpg,-_20230708190618.png,4
6a7d65c7fce16cb0cf59e3d087bcec94,9d5f98abb3a5c04e91ae389fcf942f20d76fad831f64b5c3418fa22d9189fc3e,True,valid,18,d01bdd40-12_jpg.rf.4a1fd65fc6291ed3b87165496d86735b.jpg,d01bdd40-12.jpg,9
6a7ee6e15f9701abadd30d72a009652d,1f6da4a4817e539da387cbcef0b459997efd57faebaff65b5472033670628040,True,train,218,16c3ab3b-13_jpg.rf.a15c28289df44deacbf430f7179a81a2.jpg,16c3ab3b-13.jpg,24
6a934168112a06d8e6aec1827d83d461,3b2607c14864417026e03bbf1a0c609b93f4b333c3446d8c59fc58fe7e21ff81,True,valid,2,-_20230924182432_png.rf.08ff066cf83f2910f77a4bdb52f5ffa2.jpg,-_20230924182432.png,5
6b1917eafe723dbde9683d4ce01d69b6,b8cd635b3d2c596bf14aa6e4158332f282bbac6c92d11f2ff3f7f9278025c9d2,True,test,35,WHSE-M_jpg.rf.3d5f3003e9464561e33a06d469268811.jpg,WHSE-M.jpg,0
6b43413994c8d0778c238e88fed75a99,a841e86ca0c0f8cfa084a5aad734b3884b72c8a41ce0bb782da84a2b8158ce75,True,train,474,-2024-04-08-180955_png_jpg.rf.fa9695bfe016c0458ed78837a91b91b3.jpg,-2024-04-08-180955_png_jpg,10
6b43413994c8d0778c238e88fed75a99,a841e86ca0c0f8cfa084a5aad734b3884b72c8a41ce0bb782da84a2b8158ce75,False,train,526,-2024-04-08-180955_png_jpg.rf.0a751109ad7b793e635123723ca88733.jpg,-2024-04-08-180955_png_jpg,10
6b9a09037d4579fd980a780323925064,1b7c005085f14d91b6a579952dab4f702d3163707bdf076c4dfb10492e6ad8f1,True,test,46,63425d5759c4599a8fe3dca4673630a_png_jpg.rf.28210f7e9b181b690880c8db33c7c2cb.jpg,63425d5759c4599a8fe3dca4673630a_png_jpg,21
6bf403780aec9b119ffc32344ddbdd69,d47ef6d610d02255c54113d92377c853e76174f833ca01cbd13a3518d2543c35,True,train,111,ddf31c9f68566960fe78a1d6bd88ecb_png.rf.4f942568cfff10d1f2729e8417e2ac61.jpg,ddf31c9f68566960fe78a1d6bd88ecb.png,4
6c00a3aceeae8a2814ecb075b089fee6,89e948fa22600ce2f7438c22a9f7e237f397fbff748ec305c5bf5ea7c3351c78,True,train,305,-2024-04-08-181800_png_jpg.rf.ea30d71abdb082a9d3ddf2dc064ceabc.jpg,-2024-04-08-181800_png.jpg,9
6c8d9ce30f71b14a59290e8ef8fade80,6d26ef504714c633839e62a0c58cc212b85195335571edcf9fe947f1340769f8,True,train,45,PHOTO-2024-10-10-14-22-00_jpg.rf.b47a2d79ffc3acd666042ab3b2f9dfc7.jpg,PHOTO-2024-10-10-14-22-00.jpg,45
6cabb070ca13e6110f55d9a9bbd83806,7a3c038607c099933bd21f4bd820ba20636e3156cf79ddbbd1e48f26d0bcba8f,True,train,231,Besi-T-Beam_jpg.rf.e777834551eae9f4008748d947bee062.jpg,Besi-T-Beam_jpg,19
6d01eabd2ca0802d2dc0cdf7eff307d6,18dbe07c6b34366d6d6438a8e052b724e2afe800161e7ce31c31496b49cb6832,True,test,12,-2024-04-08-181752_png_jpg.rf.beaa5c45337ca3638c55b911ccdd402a.jpg,-2024-04-08-181752_png_jpg,5
6d6d00999dc4068d15b0050734a5d6f4,7876bb5341279993b197831243970324089d2eec89feddb95b4639571ec08665,True,train,533,-2024-04-09-190700_png.rf.b777a9e5c9deb7c488aaed17ec21be12.jpg,-2024-04-09-190700.png,5
6dd91397fb42705b229df72e8e110f77,dd569a4e855cef6b41fa426428e65b58a6e3e7af65572c61d867326a0f17b0b9,True,test,74,-2024-04-08-181342_png.rf.81bb37a18c94e175a5c0aaa89d1a609c.jpg,-2024-04-08-181342.png,5
6e152c7cd1b0697c31318a9175ab66df,22169a590b04b69d68cb22237d9559b2c6b33453c5ebaab4bd51836ba94a66e4,True,train,262,-2024-04-08-181441_png_jpg.rf.7828c2bea9583ea4fe3b4ef6ebd19789.jpg,-2024-04-08-181441_png.jpg,5
6e791b2b8a78e3946074213eb22c4b32,b0440f0bcce7a574eddf6339a62e326962db94639a4932bf259e85b129c5a03b,True,train,241,-2024-04-08-181430_png.rf.d64fb6c92fa9834047418e3ac6a6d673.jpg,-2024-04-08-181430.png,5
6ea192a9a042dc69383179aca572825c,557acb057d88ede72024b58e6f401f76891ae4a09b8fd74a1ee2098f5386a0a0,True,train,570,-2024-04-08-181302_png_jpg.rf.af4af8594cec519765845d2de9961c8a.jpg,-2024-04-08-181302_png_jpg,4
6ea19bb5789358298700385482ab87e7,5fc44f9e8d379dd7488fd90ac1994a45aa2b57edc99ecebf3f96d189ee4398f9,True,train,77,2b13b33baf8efae5a7c98d265a29d9b_png_jpg.rf.ce35b48343d89b796318a11d874e4ee7.jpg,2b13b33baf8efae5a7c98d265a29d9b_png_jpg,10
6ebb9fe02c27073e567389ff3d796002,0b485f404f3ed1e6dc4f00bf005c96b90b5737d04fa06479829edb1cb47346e1,True,train,266,-2024-04-08-181514_png_jpg.rf.9e8afced50c534fa20ec533f77b4b077.jpg,-2024-04-08-181514_png_jpg,5
6f0955f03c95b2ac8b1de72eac5b279f,a62e0d5d9a5baf280d164250aaedf3216eb0df89d48e595f8b45cc4e265a7993,True,train,550,-2024-04-10-132159_png_jpg.rf.f70986734deeded597a8c2c366403ac9.jpg,-2024-04-10-132159_png_jpg,9
7010a25d65781d2cba1989471522fb95,c0b6e9ae7f5de78664e2479291fdb59f1f10b37aecb21858056fff3573fdf719,True,train,336,-2024-04-08-181825_png_jpg.rf.5a3089fbbc83db4c0aa6860fa19c310c.jpg,-2024-04-08-181825_png_jpg,4
705c54fe6882dfef843fdb13975b6684,4effbc4bdf328e47ad8786b496da5babf552391f7f6e83c44e2cb0b7255cc16a,True,valid,73,-_20230705013609_png.rf.ee9cb53919b0405aecca9a85e4c9ec5d.jpg,-_20230705013609.png,3
706ae697b5abe1d940a3eaae3e5cbce6,2f4c6e3026c5ed6028394c930b57fc05a9cab36257c1b98506fa1633316a2f83,True,train,553,-2024-04-08-180157_png_jpg.rf.4db58c6abc76fb968efa34397c9e3f66.jpg,-2024-04-08-180157_png.jpg,3
70e026e1a9c0f9465e3198a511d9eefa,924f98648c89badccea56ae0f8ed503f3bcb5e8d7de50c177df6a5e9a0d00e4a,True,train,193,55f2e3dcaca58008c38d3de88bfed5a_png.rf.01d01dcaf6494b5e2f6b2db767cdd789.jpg,55f2e3dcaca58008c38d3de88bfed5a_png,20
71d5d8dd12e9cf14496fb4111848cd12,19763ec9b3a051d2b420b6fe1a34074333c62329d78be1f1cdf6ed750e8e62b0,True,train,152,-_20230924182500_png_jpg.rf.1d9bd704a1fdc88c491bfbfd947d0c69.jpg,-_20230924182500_png.jpg,9
71d9281c783ec15f4ce010a8630c5917,4c70bea73c928fce0b377c1df61f45d4b0b53ec1c3062c3b37c2a47c28c1f702,True,train,47,13ee5b15fa3a156bb16bb7383011af0_png.rf.00ce4b2958b65d2ce79e21fcd0ac7f05.jpg,13ee5b15fa3a156bb16bb7383011af0.png,3
71e381b6cbd41d1678f721c73a2cef0d,a5b0fd2b8806304048e92cb091da8293bc607102a8e70ab88ac4362b7dcae0ea,True,train,512,-2024-04-08-181453_png_jpg.rf.db54b36154d75e201324b63c3cc2c70c.jpg,-2024-04-08-181453_png_jpg,5
72622b610de71616986a9b0c750dac0b,93a5ebe2e6ebf5aef7cad8de4ed45851eb76f647ade81d87d9cbf5ef2a1c27c9,True,train,397,img_121_jpg.rf.6f7d965370ef62333c553bbd4dba16a7.jpg,img_121.jpg,4
728ff8bbbc6f7a0d55f2976ef7175b12,960719a03be353e7944b65ea37cc263a6566d0c88dc5e44e0a198cefc62fba69,True,train,542,-2024-04-08-181047_png.rf.00a285dd4efdbeb1472a76e126c9a957.jpg,-2024-04-08-181047.png,5
72a0553d0ba3df1e043e777c501f2619,914a510f8b7e5decb7e280b0355ed457de5fe3aff7f0cd1ccccb11c214bd9074,True,test,4,fe395024-27_jpg.rf.a59bc7187ff6b95ef4fdddc01195ea78.jpg,fe395024-27.jpg,36
72a686a7efbe9ec7e1ca6016fbf78db7,9d2cbc38d4a99b4655ff99486ef151c3d7404f92fff4d9ba3a0fbc299d1fd851,True,train,548,-2024-04-10-133630_png_jpg.rf.c3dd8a731147ee0b9bd584aec983deed.jpg,-2024-04-10-133630_png_jpg,6
72cfcbdaea4047bb2b798a9063abdfca,faec4336e5fb55f24642a3e6a0ab2031ccf174699876fb6744338bff85496e3f,True,train,376,-_20230924182509_png_jpg.rf.2438bea9f97ae690a9251108621fccc1.jpg,-_20230924182509_png_jpg,5
7326f98dcfd40e0c3d4778b2a5fc3c5a,e9ed0203541ccfe78c72d4e80b2c2b591091fa7f4098b66364e897a81ba09594,True,train,299,-_20230924182506_png_jpg.rf.88e6107d50f635f4c1fee33da710a455.jpg,-_20230924182506_png_jpg,5
738b0984d6550b855ad49ae65f197811,fae58c70a0b5faaffbc0db21eb2987c2a596c351051394fe131476d2968c79ac,True,valid,1,Harga-Besi-T-Beam_jpg.rf.048a9682789d7316db08efd585d64021.jpg,Harga-Besi-T-Beam.jpg,10
73bfb761e7c8ef45731d8887c281f54a,764a195d729d16e9426d15669b1d0fefea371ad0710ab6ea88e4e66374661923,True,train,12,l1wafxgc_png_jpg.rf.a8c4b7ac2bca18d119be389c0d0d8d73.jpg,l1wafxgc_png.jpg,3
73c91a257c2e498cb551211d7de68243,95947b732e7d540a510dbfccd5f8308502f2cf8c490365e2f79c38139aa8b2fd,True,train,301,-2024-04-08-181001_png.rf.73a490365946fb07a394fc0b5c944654.jpg,-2024-04-08-181001.png,10
740055e793f56065242bbd34fff86459,f9d25e43adc30e5d9961f42f72e9270869400db3cd711d4de74244075a0be14e,True,train,330,55f2e3dcaca58008c38d3de88bfed5a_png_jpg.rf.0905df01708655dce31a42257bfebb1c.jpg,55f2e3dcaca58008c38d3de88bfed5a_png_jpg,20
74d5e6138fa6ec679c5b5fa8e3c752bf,c366d31007b86cc0b95fbdaa5fdda5b6f861d56156d0d95272b7f5752436c78d,True,train,38,images-1-_jpg.rf.a70d45f4d778af63265901617049fadb.jpg,images-1-.jpg,3
750cead910ef646adb31ac034ab49069,7fc67ff0c463888a54c5897a6e340ee13d101812fe07b981da6d9ea2c9366553,True,train,213,2b13b33baf8efae5a7c98d265a29d9b_png.rf.cc5f65c10c3b91993f84e98538a3efb9.jpg,2b13b33baf8efae5a7c98d265a29d9b.png,10
76503c7857f9d4b9edffb71b5a52eb4a,de2ddafbdd87fe0a9f2689a84b843cb108267546dee7a404df23d572bf5887c1,True,test,34,-2024-04-08-180136_png_jpg.rf.15369697a429b4c0b6e69d7e947d6d39.jpg,-2024-04-08-180136_png.jpg,2
7694f0261949e6329ab5788262a8624e,e0c414657530dfc934c7f32fc7f3f7e2eecd8979614f4f8e27119928e8744de2,True,valid,13,-2024-04-08-181056_png_jpg.rf.9cff4bd4e923a8725fb52ac0fa5a9fb9.jpg,-2024-04-08-181056_png_jpg,2
76d790c857d7f7c119457db0e961bcf3,084ddbb92e901853500b65335cd70db6ddbd941d03ff5f6e3332fda93751fea2,True,train,223,-2024-04-08-181435_png_jpg.rf.b18d63d8064d906103558116ee9e227a.jpg,-2024-04-08-181435_png.jpg,5
77d630b395bb57eba5199d6daada74ee,b031bd3507dbee0e6acf69736c2247129307f82f22f48023e1e873d83120ccb7,True,train,519,-2024-04-08-181520_png_jpg.rf.84263b255a8dc9a7f5667ca5b8883034.jpg,-2024-04-08-181520_png.jpg,5
77fe20decf6df8fc1d11b8de64da347e,c0ffe6b29d579c2ed1eff946aeccb8ff72b5f94f366b8c14e7a2241191653b9f,True,train,220,65867ef9-762d-4a64-afe5-739d073e49da_jpg.rf.680e408854aba2e6ec520a53e3f1925a.jpg,65867ef9-762d-4a64-afe5-739d073e49da.jpg,658
7872bc3302e239dbf0e9587f2f41a9bb,9eb9028e05791feda1a2815d97fabb95d8a5026c6f02ca09b0459a7851a64985,True,train,493,-_20230924182503_png_jpg.rf.54a25341d5d11e5f4caac00b7e9e8311.jpg,-_20230924182503_png_jpg,5
789461fc8f73de06737001b6b72b18e0,318f14124e6a9400d09bdd91c9525ee49284ded1a8e45ccfc307d17b075b59ab,True,train,279,-2024-04-10-133606_png_jpg.rf.251572f4d3030d35a6966a42f42ed236.jpg,-2024-04-10-133606_png_jpg,4
789461fc8f73de06737001b6b72b18e0,318f14124e6a9400d09bdd91c9525ee49284ded1a8e45ccfc307d17b075b59ab,False,train,346,-2024-04-10-133606_png_jpg.rf.a02f4ae2b6bfd81d4d8474d55c80f655.jpg,-2024-04-10-133606_png_jpg,3
792eb128ad3da40073040c63f2fcca2f,6fd0fcd5bc82f79bcda0235b2dd8e06ecf6dcef2f7bac6971da154377b484ea9,True,train,5,fe395024-27_jpg.rf.7e0247fa88fba62ab3e15a635cfb9716.jpg,fe395024-27.jpg,27
795d736d534fa6d0cacba07adf065ea6,35118d4359d7a967135fb5feadae3be22e3fbeb8d2ce6a0d1d9c18c76586177b,True,test,25,52a9972f9c6177ed93c9ee9718fb72a_png_jpg.rf.0106cf3af92bb10d1c2e17d1233fa0a8.jpg,52a9972f9c6177ed93c9ee9718fb72a_png_jpg,9
7993a100591d2c41fb00b8f0664c6600,12011f0f583e7a6db3c8a6818d9da230138fec025b301f5db2c9820c9cde4af3,True,train,378,0f4060d50c39f101b100626f93d1f04_png.rf.046df0b9c40fa8c64496bdee55420384.jpg,0f4060d50c39f101b100626f93d1f04.png,10
7a8657cc085d96ba4e1594cc3dc35c2d,4f9249aaff6cb653b70bde966a950ccc3e0c46b716d45fac850f8fbd70a57483,True,train,307,YARD-J-1_jpg.rf.1b738728061c894858a33df082fd26b0.jpg,YARD-J-1.jpg,0
7b75f773012360c9c29205c94eeac8d2,e23a5e28d29eba523d442efa766f9261397ed13717eed4de8cdac703b17ab31b,True,train,501,63425d5759c4599a8fe3dca4673630a_png_jpg.rf.318f665fdb749a84b60de2eb1af6f9a3.jpg,63425d5759c4599a8fe3dca4673630a_png_jpg,20
7bdc0a6b7a30fd1bcf358b0801bf6c34,14b35e1403962cdc7db5ec55c7c602cdce5fa3b6257a8641e3f92e50468dca16,True,train,390,-2024-04-08-181703_png_jpg.rf.4d58fbbfa279b2bd160ca283c664ab7c.jpg,-2024-04-08-181703_png_jpg,5
7c61b42a72656a1cc0442967f6cc7163,5cc318d7fbf32a11e35ade0515fa9a208da71f3cd462a718cab0afa39b18d4c0,True,train,551,3b4ae7ba-46e9-4ea2-81c8-863f8907b44c_jpg.rf.edea4af93e245d13c1a24b10553a961f.jpg,3b4ae7ba-46e9-4ea2-81c8-863f8907b44c.jpg,80
7d5e1aaa7d38bf51cbf5716f083e3e83,49792ed162191de1411c1ef0be3e45fd053a8326b42f52d51d56edb0e48f5291,True,train,84,-2024-04-08-181056_png_jpg.rf.08f7891bd09fecb8b103aac9642455a4.jpg,-2024-04-08-181056_png.jpg,3
7e919a6bf8b5bc9c5557a4bf522b1f34,250cb4d186f79ce37dd4ca3aaca9866bb7ca3eedbe5cca06359b277886cbc79d,True,train,6,-2024-04-10-132132_png.rf.33453cf9a39cdf13dd41ab251ecf7887.jpg,-2024-04-10-132132_png,7
7eac9c9c15a6c16386e01dc6c9cb8b88,f3d2fbf32730d10b0693bc5a89d0e6e9acd06ef56ba27f086b43e6aa22f01dd8,True,valid,52,417_original_png_jpg.rf.12b39c520a4a68ddf2cb1fd55efe2f40.jpg,417_original_png.jpg,15
7f00400e6eced6347a8eb9e3e5bf108e,ef69e4a2e298ab0de3bfe4c50b7f7ce1b7bf16ea55ef2bc2f6b9a0f9cfede2bb,True,train,10,-2024-04-08-180059_png_jpg.rf.dd1bab371902572a8865b53270830486.jpg,-2024-04-08-180059_png.jpg,3
7f5a3c71515bdfbd2f821de2c02fc8d9,baf6ae4f4b1ecb4ab98c14c8a9e1cb2d26983f95e4114971f7ad11830d363b26,True,train,63,-2024-04-09-190750_png_jpg.rf.529a9c3beed59a8909b9ff70b998807e.jpg,-2024-04-09-190750_png_jpg,5
7f760ec2377133f24fd41451bdb07981,d293ae8f721c374a7dfe7c0e309c279751800bb8724f4d7acb2af8b6183f70a5,True,train,449,-_20230705013609_png_jpg.rf.d7e44aa5ebdfdc8f05e49c757f44e919.jpg,-_20230705013609_png.jpg,3
7f77c162fe94fbc6333008c4df42891a,5e74f2f9766dccb7479001359ff1c21cc68f643ced65b1ff9f9891d174d3f09c,True,train,292,c00ccebb664def77130f55678b31ed1_png.rf.52662ef9dd89749f5d7d7c4bcf3ea16d.jpg,c00ccebb664def77130f55678b31ed1.png,10
7fceab77d271fc65e4056cfc3597e992,2566b44ab9ccd496f94c759be6e1f57425c2a192e8312083aba7c8556efc7dad,True,train,251,-_20230820171912_png_jpg.rf.c42b9088e8b7be7a4328a1c3549f5656.jpg,-_20230820171912_png_jpg,21
7fdf3b10eaaa5cc7c625823d59d898c7,7e88e80cf9527aa72aaeb373cb2bbdc682d7382cd9bccb3ad9b62a89f459e4ea,True,train,383,WhatsApp-Image-2025-12-18-at-09-27-38_jpeg.rf.05defc4e524b1aedba7105bb9429c4a1.jpg,WhatsApp-Image-2025-12-18-at-09-27-38.jpeg,132
7ffe54cfe45cf8be33c8abcb4620f9b8,9aa655c69351f2140a0d2bc85ecaf4fe539e83cf2437c8a1255dec2d1217654b,True,train,205,417_original_png_jpg.rf.16cf390ccd065f4a18053f0b569e445f.jpg,417_original_png_jpg,10
81de6b90fc80a51de08b5e4427e7af9a,708b3deb5cb588e6741c645322a481030d023e0f1af490a04f57a2bbc1d563cc,True,train,313,55f2e3dcaca58008c38d3de88bfed5a_png_jpg.rf.e21ec4d06e35e138dd067f8aa603ed4f.jpg,55f2e3dcaca58008c38d3de88bfed5a_png_jpg,18
8240152e560b7d1ba621a7232da8be4e,3901033ecc4b18177124551047f839b0a2ef25b245e30541c24fc0a74210fcdc,True,train,27,-2024-04-08-181819_png_jpg.rf.edb17afe58e05150822c7b7ac52dd1b4.jpg,-2024-04-08-181819_png_jpg,7
82441a21b0b645ea952b430b9673b781,a88f184084f642ec4f0857e9fd7fa40d89d5f889e8a9bebfc3d9e74673ea543a,True,train,510,16c3ab3b-13_jpg.rf.bcf97ccae695886514439fe18c81cb45.jpg,16c3ab3b-13_jpg,28
836bb5c99b017f54608a2beda9c3d45e,c7c1e65c90f804b06ad6772dff6ae3f2a03a43ebad13e0e2c7e2c155e48c7619,True,train,460,-2024-04-08-181337_png.rf.a9cef95f8671574143e7ea06b5353d11.jpg,-2024-04-08-181337.png,5
83f29184faa5d2d430f0988a284e7826,e648a64d86dae65e48d2eb883ba4f6b35fd00f7148083a5eab899175d5cf16cb,True,train,13,-2024-04-09-190603_png_jpg.rf.a925bae102d60784091c94e54946c2e5.jpg,-2024-04-09-190603_png_jpg,5
845b7c991ce666147a0b02614ea067bf,e114e3595f82411cef91b53fae45eeace1f2f2ac1bfebacf24d5045046ff4267,True,train,429,-_20240404161215_png_jpg.rf.7f5509170282f1142491c51e81772016.jpg,-_20240404161215_png_jpg,2
8475c5428ff5c5caccf7814b38b20dfb,08e6fd196e08af13afdc58599e637e8a77b363bdec376d382910484e4619fb91,True,test,57,-2024-04-08-181616_png.rf.40a07664a4b2cfebc41c4e3eb20ccd3f.jpg,-2024-04-08-181616.png,7
8502120d6851b1a0e6c8c1c712bd4706,0c6159626aa6a4c4e262900e8791519e1ffff96b8001596584e693e1d87a8fea,True,valid,54,irii8idx_png_jpg.rf.05e1f1bff0f68110225d2abda067b70b.jpg,irii8idx_png.jpg,8
85449b80ce9ac06075ac49dfe35f0ef7,3b55f70782c44ea44af0a3247c56f07fd8a038499ace44c7d9943adf78eaf209,True,train,557,-_20240404161218_png.rf.07b18883d1c0b38358b9f419fdebe1ad.jpg,-_20240404161218.png,7
8635c38cd34046255e5e4e1f81bf91ea,d3d92c785dc97df4191594ec8f8baa0ee7246d405f94e395ee59f572d39a3d1d,True,train,455,-2024-04-08-181235_png_jpg.rf.65af6d057f442195d53093afd088668a.jpg,-2024-04-08-181235_png_jpg,5
86388a486e75de80061654a9a84baf65,53a95f777e31ae1e810696826a25f58d9889a08a5e3edd25ee71791a558e286d,True,train,0,-_20230924182506_png.rf.b154782a12e156d502c93a15e9b4f14a.jpg,-_20230924182506.png,5
8645fc84b501bc1e0ad6e70b2373108a,cb09e0f5b0205ef60b9497f2917769c83d4db90a6057e32564b5babb0c16c5c8,True,test,41,-2024-04-08-181746_png.rf.d05859d30f5f956ae3aa6a4020c0f953.jpg,-2024-04-08-181746.png,5
86521c427de581b9cdee054eb2d7fc45,cce03772db32d939c14616a1fe06ca820508e4a826000b21023473e5b63b9a9d,True,train,160,-2024-04-08-181009_png_jpg.rf.cd3e4b87397eff9fcec84cc5b239f36c.jpg,-2024-04-08-181009_png_jpg,5
86585f8cd8c73b3fe823fe1cbb533a55,c4a8d0023534171101dfed14a7ba1a2e1fcd971597877ac1e4c2e9674b053f55,True,train,273,steelbeam21_jpg.rf.83a11ced5b7d647f37c3aea3d682e430.jpg,steelbeam21.jpg,4
869058a4d713c684b97e38561089fae9,7986ae45e56ad975e760e37c2ceee03ccc3ba072ddafc5d9a85554c16029771c,True,train,197,YARD-J-LORONG-TIKUS_jpg.rf.36a9c265d985258184b26dacb59cbe3e.jpg,YARD-J-LORONG-TIKUS.jpg,0
86b174dfabf24c515b207c876c3f7b49,c6595f2360c9ce735815a4f222e90a439fdf4016ca6c425fd4f37233d5553b73,True,train,309,-2024-04-08-181819_png.rf.13ab02805714dbfdd76fb33f0b04fa87.jpg,-2024-04-08-181819.png,10
88160bfaa7ae347ae226fd7c12a9451c,6e1e11392246c37194856a0a3c44d4d8c121e1faf8fc16130213cda95903ef31,True,train,78,-2024-04-08-181409_png_jpg.rf.060df85b636b9861eddc36471f034de7.jpg,-2024-04-08-181409_png_jpg,5
8858705919b280c271452fb3d36d2c45,432287d69b2656a4e69096f155021f35ed3bd24b15ef9a9ca3e64244f8b9855a,True,train,274,-2024-04-09-190707_png.rf.ddf74d6629b85f87655e3c4f4bcf5191.jpg,-2024-04-09-190707.png,6
88c83080cf8ca3a4c0fe1bffd174e108,edede35f904eb93ec10f629e5bdfc82208c32c43713d570e390c7cd443e61763,True,train,19,-_20240404161215_png_jpg.rf.d3560faacd3158f8a1df095455b22fa4.jpg,-_20240404161215_png.jpg,2
88f9964eb0db863e5a62894013d8edbd,9340463dd62d600564d7331efa93dc1afa17340617f56b445a9ec22892ce3237,True,test,67,47791c27-13db-4650-bda9-5b1dd804f321_jpg.rf.a9bfc98ce20c42209bf63c6648b720e8.jpg,47791c27-13db-4650-bda9-5b1dd804f321.jpg,262
891105224535883e2b488a9ab1ca1a1e,1c5febd00e303a51be3ecc045cf9605fac9ee53f7c7217a2384eca081f899253,True,train,265,-2024-04-08-181425_png.rf.d441ff86ac7eab6786471052d27fe2ea.jpg,-2024-04-08-181425.png,5
89249e7d45cc8bae5eb8d1c01b6db761,2b820334e217950bf7219241260bcd043fc4d1d1bf02b2bc5110c86b25105ab3,True,train,29,-_20230924182518_png_jpg.rf.6b8d85e9d1b422273d83ff8bc35407fc.jpg,-_20230924182518_png_jpg,5
89a031ee017e6265bc85ef353ff1216a,e9c429254e89e0bf13b370a1aaaf29c2040d93406c2b0f63ea63425e7137435c,True,train,151,-_20230924182518_png.rf.4301e11dd9e3e7e71e3c431bfcbc76c1.jpg,-_20230924182518.png,5
8a28e79455276b82d8743892e8ade710,b8c3ff63db02fe40f1a4eca220e0b420fd9e387f79f9a77841b24c70642c19a1,True,valid,59,WH-K-4_jpg.rf.c62219b71443ae265a9776fd8a4b10c2.jpg,WH-K-4.jpg,0
8a7a6eaa4308b118787e71b0b719af97,eb6f534b6d389d6d4670428d870c2d537ba02c8475287787befa9393bf7ea094,True,test,45,img_73_jpg.rf.05f3c0f41ed3d5d58095473a2f395768.jpg,img_73.jpg,1
8be28e75cf3fe1d0f19765c8e0acaa9a,418e739b39701da877f7b0bdecf5669d5060b08d2b61b2be3966e4af76623097,True,train,558,steelbeam54_jpg.rf.e8acab57e4639abdf1713b7855b5b9e4.jpg,steelbeam54.jpg,8
8cd75920ecba62c1ab74d0b79f25974b,be5342a0251e47bdba3b12a967997468f0f45b978508423f9ba8d9deb7896297,True,train,297,-2024-04-08-175806_png_jpg.rf.ca47be1c76d229125de28cb6521c9459.jpg,-2024-04-08-175806_png.jpg,8
8ce8c5759d816ca03762b896a4bc4534,5facda8863d39701dc946c3f8c7941e53bdaebe95dd3347eda29126148f96ad7,True,train,281,-_20230924182515_png_jpg.rf.07d49b9349bf06ad103d925565a6511c.jpg,-_20230924182515_png_jpg,10
8d45326a5da951f86cc8ccafaad2a251,d4cde88fbdf56bbcfde2edba42d22d1ffc3658b034445587c043c64f8a791331,True,train,576,-_20230924182503_png.rf.6e7486a6301a6dca00128f80c868b080.jpg,-_20230924182503_png,5
8d54ccdbed104f19f795c0ed9e42c4c8,9fbe6b6ce56ac61316aca2878a946142d9fcf3a9829898dbedfa30c9265e2dcf,True,train,50,-2024-04-08-181430_png_jpg.rf.41ada6f75f5b0be7a99a68c1c11f4b52.jpg,-2024-04-08-181430_png.jpg,5
8d6808d004eb73d126b0ba3e663652b1,4ef4f6f0a8f6cd754c183ee258743a46d65165809c26eec9582ca53f8c40acff,True,train,392,-2024-04-09-190619_png.rf.c50f01fa48668bdf6c7f6b7f21cfb110.jpg,-2024-04-09-190619.png,6
8df60a5252f0ec239d5deab1093873e4,9b5f226ba80923c95e5121233a57f966bfa5cd18f72511efce5ae377270b2abd,True,train,323,-2024-04-08-181453_png.rf.87453a7a8a231aaa35841ad2a6e2428c.jpg,-2024-04-08-181453_png,5
8e529e98818bc039940c6696f40d4200,f54a8b5912c38c807c07b54b87fde62e962c0fc9a78c007269c25cc53b909ee9,True,train,521,2b13b33baf8efae5a7c98d265a29d9b_png_jpg.rf.8be35efde1fade8d78c0406687406055.jpg,2b13b33baf8efae5a7c98d265a29d9b_png_jpg,10
8e8047dfa590fab37411d5570a6e5c75,c01274cb66e6589e146b3590cd9aad78c5c8ffea34bc0312efa4e91b9fb6819c,True,valid,70,c58c53af-4792-4ce9-82d5-48642c074a7f_jpg.rf.2fca219a7908124ee3412b2bddb9a4fe.jpg,c58c53af-4792-4ce9-82d5-48642c074a7f.jpg,475
902dd11a1e4654bae865696bef1f1221,b92a967d32495379068f5eb4b45012dbcfd64cc7ea82ca174479e6365f778a98,True,train,436,d5f3ab32-26_jpg.rf.17383c65c3994cc6887869301890e746.jpg,d5f3ab32-26.jpg,32
905a0deab7acc1b32b618531dbc94867,236e51bb21a9b9449bfc8e97808b10971dfc6d2eec149af9cb6bd87b7a6c88b5,True,train,326,8c41814c-8_jpg.rf.a3535f37f4fedb989d4010b64d10efef.jpg,8c41814c-8_jpg,6
90602de6bb71a973fce21aefa6b1121c,85837ae8a0449cc75f70a0862887087fd46371dd10c33a9edcdb9683499affd1,True,test,59,c048c3db-14_jpeg_jpg.rf.2dad50308fa2e5a2a59e4a2cdb70959f.jpg,c048c3db-14_jpeg.jpg,23
90618ed7890580c424fe6be0dcaf4ceb,19ae27896b8e7bd5ffb6c1a5296d409f94a2fa07a86aa3ff8caad5cacca6feae,True,train,109,ddf31c9f68566960fe78a1d6bd88ecb_png.rf.1b886a37fda731520eb26506bb098a91.jpg,ddf31c9f68566960fe78a1d6bd88ecb_png,4
907e1e0d09ff1608fc462b41474efd6a,3e9b6044f19000ef7a709ae10da174edf1d9ba0ab35b025872627d0e1e18010d,True,train,258,-_20230708190618_png_jpg.rf.314131c458834867ad24591ace7ef76d.jpg,-_20230708190618_png.jpg,4
91d11d2448d8eb28f99fa30c1b9076b5,190174d5cc6eb920fbd00764173ce0380d26e062544e23d01cba17898e127649,True,test,50,-2024-04-08-181703_png_jpg.rf.725bdf1414ce31f7c1388ed34fdcc55b.jpg,-2024-04-08-181703_png_jpg,5
9200c0e7651b49e2a9c688c964d52397,ac32af9bd9f593f9571728a599ac20b8759e07227675a159157ed3246e88ac22,True,train,215,-_20230708190552_png_jpg.rf.0a9cea77e559dfa737ea097fd90a1811.jpg,-_20230708190552_png_jpg,2
92391af4ffb284d8ebc9bccd4a161948,902a84091b5091a10899edf11d235c5c97f269ce0b5ea8f5cf4673a5a9a2aa54,True,valid,48,-2024-04-09-190716_png_jpg.rf.fd98a2b5085809639c8251a188d9bec9.jpg,-2024-04-09-190716_png_jpg,6
928675dbde294f58c6aed45c7d490543,873503eeb4920c5486ab810caee4525d799260788fc41204573634b0b5992af7,True,train,464,52a9972f9c6177ed93c9ee9718fb72a_png.rf.f3b71476fa3738f7210466fd42b4f6c2.jpg,52a9972f9c6177ed93c9ee9718fb72a.png,10
929c1855eef12ce17798df44ce3d107a,2dc1ead95bc8fee26b145e01b92b2f553d13b3ae5d8a25ade4193d02f76514e8,True,train,180,fe395024-27_jpg.rf.52510d17f5074b44b72f3431e17e1a5a.jpg,fe395024-27.jpg,33
92c522f26e5327dbeccbbad0a4ce2db1,bcb397fcc609fdf6b34be3686a04f7d01edd0e312045a3aa36fb22c9df5aa00a,True,train,43,-2024-04-10-133618_png.rf.aa02a3fbe46135be6e4a02204fb35cfa.jpg,-2024-04-10-133618.png,4
94cd7ba596a2b5b4aaa1ead15e9a01cc,9457cc79b29173adfb0daabbf19ff99340a66ce6fee4df0cc4d80783d4d73854,True,train,202,-2024-04-08-181353_png_jpg.rf.1c8f2ed7f91a29645727eb6d68cf3cf4.jpg,-2024-04-08-181353_png_jpg,5
9526dbddf92d700f7ff09ded840d0a7a,0a1039a789ba09303e92fd1205ee42852d55b97786ab05655152f9c2a0f83068,True,train,114,-2024-04-08-181332_png_jpg.rf.d58cfaf0271af6bb8798f80e908117c0.jpg,-2024-04-08-181332_png_jpg,5
964acadf35e8a10c2fd34cdfbbe6a292,507e732067e18afc24c5f6849c5b55971a2a44e9a126e13667dc0cf2a1d92b67,True,train,452,-_20230924182448_png_jpg.rf.ecbad50ba2cc38d38bfe6e6116123652.jpg,-_20230924182448_png.jpg,4
96c5f3866f1da858d1f4fbe7a3d180a3,7c15d3188287ffdb1a45fc8cfe9ae1c1cf81ce392b4451e58ec0d6412df15849,True,train,82,d01bdd40-12_jpg.rf.efab17b8a7626e2b1bc49313fd2897a5.jpg,d01bdd40-12.jpg,38
96d237067117ca71286d26d855a75e99,79387cc1b34e8db3f911247421f70157a496d6d7f6e999ef981810b2dea2245e,True,train,126,-_20230708190548_png_jpg.rf.c5a48f496ef522bcb9d22a31ca133142.jpg,-_20230708190548_png_jpg,3
96d6c068b17601312cd528350ffb44b6,e5392295a074e33462cdd35868a4944e74f76d3adb7e07be3aa59dd3d244b859,True,train,481,-_20240404161215_png_jpg.rf.30e30c6a7bc3737b93cbdaa1b67a9ed8.jpg,-_20240404161215_png_jpg,3
971720c7920c4a54a2e26f0155bfe30b,9e247e15bf499179d71f050a92c388325f02ea03f5aebbfd8f09c67dc52052bf,True,train,367,-2024-04-08-181729_png.rf.e9e8f17e8332c53c0fc05dbe120bea94.jpg,-2024-04-08-181729.png,5
9743b8f83e6f5ea614ff21dd984ebc40,1bdba7c2825793ca1c2a4f58213eeaa9797db75ba072af305b3730a40956b0c4,True,valid,37,2ea78bdd-bce1-4012-b19e-68c24bef3647_jpg.rf.e46ee24e523d701db9b0545353cd2ec1.jpg,2ea78bdd-bce1-4012-b19e-68c24bef3647.jpg,195
97508a1321792926336d5be20dcc8193,3bed0be3af4e3d2369e137059044bf8e0119890977768598b54bcdcd37380d94,True,train,168,WH-K-3_jpg.rf.5bca1ae7576b827e95e7809066de3295.jpg,WH-K-3.jpg,0
975396d271e398ec0007869be59796e2,31f74f6623c86926e424d01f1c7240dd696e32254e0db6c55c84f77b24021a6a,True,train,263,-2024-04-10-132159_png_jpg.rf.7ec47e1bfeb55e023bd4db077e43ddf0.jpg,-2024-04-10-132159_png_jpg,7
982c91a22e22138bed66e1962312aa9c,1d3220cfcbfc1c889a08a5f1c2fa0cf37572e7e260093d65a2274f5c9296cece,True,test,55,e6c6ea18-15_jpg.rf.51d2f526bbdbdd7efbc997db0eec0a54.jpg,e6c6ea18-15_jpg,15
9894f8aed69cc94d0cd4952e5b58d586,c60c90bc77dbe0996cc95e1cb2fc086277a820d9f06dfedda6e02b2168937ad6,True,train,325,-2024-04-08-181609_png_jpg.rf.ab7e2cb88f668e7279d1e7300bc9baf1.jpg,-2024-04-08-181609_png_jpg,8
98ceb0bdd13405494e2f500c55019fdf,acf0af53edec403b07406ff56078847d0ef295c0c37e0429ff4ef820b9df6fda,True,valid,19,-2024-04-08-181616_png.rf.e0626bb0ecf6b0b2cca186b5090abfb4.jpg,-2024-04-08-181616_png,8
9963c59d1e182c589d2b46236f01e5b8,e9500e9de747a7733886bcb63b6c5035073cfaa0fe8d1b9cb1c67210d2fcce01,True,train,243,-2024-04-09-190957_png_jpg.rf.e6a40a71a5f73fb52695f3c38c6ff883.jpg,-2024-04-09-190957_png_jpg,14
998a34a770e77ceb6aa2035a3a2ddf0c,8ce0dc22eb0ada3850c9dc3e4f72b4fd181904e1d7eccdb8b73590bca75f2eed,True,train,335,-2024-04-09-190957_png.rf.5571c03bc61a6aa722fa6b014489b68e.jpg,-2024-04-09-190957.png,15
9a22422b4d7d6bf021036d8067516b5e,dc3949d3d7c5c59315e27f8ce37068c4e9e949677179dbf4c13110cd82d27b1c,True,train,208,c8902ef8e99e0a92d38e98ccb831d94_png_jpg.rf.07121c6814a29b59ead447f1d30421b8.jpg,c8902ef8e99e0a92d38e98ccb831d94_png_jpg,10
9a22422b4d7d6bf021036d8067516b5e,dc3949d3d7c5c59315e27f8ce37068c4e9e949677179dbf4c13110cd82d27b1c,False,train,549,c8902ef8e99e0a92d38e98ccb831d94_png_jpg.rf.9154170f583a0f53c28b1d5218e9a7ab.jpg,c8902ef8e99e0a92d38e98ccb831d94_png_jpg,10
9a73279501980617f37a07d58032552d,d16aaa9277a291b481de096eb62e46d779917e566b2fc0b240faebf28d854e28,True,valid,34,img_137_jpg.rf.119710da47759af0ceb20e7053c136c5.jpg,img_137.jpg,1
9b51a70215210829fb51a490ed736eb7,d3deb7c3c3d95abb45ef7adbc54d1036714888a2e63bc53a0a6a7036d3ad1521,True,test,69,-2024-04-08-175631_png.rf.9277a4b9df26e4086a0928ae8a7ddcef.jpg,-2024-04-08-175631.png,2
9b55b9d9d07e08f492dc5d46f02ca790,96fe01f1f7197e0d04e1921f7ea515c8d6f8c5b9e1cc3e8c197cace9db439a56,True,train,534,-2024-04-10-132306_png_jpg.rf.38a2a3e9b8e4e65fc8d0ff1bae5cb940.jpg,-2024-04-10-132306_png_jpg,6
9baad66e5f4623d38a7da14fa8811e46,9d7e6a4f8620553d06efdf540c3c318e795f16d0c1cdf877b7568b7d52f917d5,True,train,302,f3336d5d-4d55-453c-8a26-5c7ff938f84d_jpg.rf.c439dd215ed6d4ab874d2ca15acae1b4.jpg,f3336d5d-4d55-453c-8a26-5c7ff938f84d.jpg,28
9bb2b0c8e6be814b50276750cdd1398d,88825f3b6147929f4a9fe2bc923d52e62a4eff40a6b86ba0eb550278d410a4c8,True,train,435,-2024-04-08-181030_png_jpg.rf.b4ddede3740b79ed4798d45637d9828b.jpg,-2024-04-08-181030_png_jpg,4
9d0af75df9281d0c4c4fd4f79dce39e7,a68f2df1eab982815b7e2b7efdc8ce843b9d76870ff03f2d1d5d4905b99a3ca0,True,train,427,bd9682d2-3730-412c-a7c2-d41bafdd9416_png.rf.62de91004e6d8f3cf8198dffb0fd1574.jpg,bd9682d2-3730-412c-a7c2-d41bafdd9416_png,5
9d8e8f777e6d8dd167533a8560bb4ecd,eaac90c90eb6cf080b1d4a0bc1791448a0cbb504f28a82318e6a683e073b5879,True,train,24,a11e48597575f2867df096f0aff0f8c_png.rf.2de0376e2fa5c0555cec1ab170c08c17.jpg,a11e48597575f2867df096f0aff0f8c.png,10
9e20cf3721022450f40f187f6f163581,c9c1ae1a2ce834edbfa5eb68e34fddcac0139c09272b7c9714401793cf5d73f2,True,train,289,xc066iwm_png_jpg.rf.1ef17144483286904b57d207979fe8a9.jpg,xc066iwm_png_jpg,8
9e441433ac7b51a9319ef558c9c0eac4,75d9f5e9a79073a55a37926823ac7d209c8a4753fafd2634ba166fce00a2fc7d,True,train,48,-2024-04-08-181746_png_jpg.rf.f23fcf3b990d79e2cba9f7a659332132.jpg,-2024-04-08-181746_png_jpg,5
9e473d5c722be0ea1b1585b2eeb34513,3347a540d4b8b1f483967034978b49c93ea40e3adf35e5ea4f89f3b7147335d7,True,train,175,-2024-04-10-132159_png_jpg.rf.70c7fba288dcf9cd8ffc2802528a972a.jpg,-2024-04-10-132159_png_jpg,5
9f238cf43f0601fca9cc5fd0f4d91041,77a884ce2c228cae2544234216068cf857c96571b2f328a4df0eb62f0412a9bc,True,train,298,-_20230708190618_png_jpg.rf.20a06ee3ac16daa8ba057c29301c029b.jpg,-_20230708190618_png_jpg,4
9f6511f05f538d10eb6366e61e38421d,0eafaf4d91b5ec1899f7bc8ef8a6b229847f17f5e9743890bd102b210d759808,True,train,471,-_20240404161218_png_jpg.rf.e1214d76a90755ec36b4e74c6fefbe8c.jpg,-_20240404161218_png_jpg,7
9f7a651c5fe6d615a62f75c21605aa90,73943b13add4d1c62f5ff656fd87755f111737986b67fa5063836e49ed9b714c,True,train,136,-2024-04-09-190619_png_jpg.rf.9cd82e5ff386b66f45754c7763d0cd86.jpg,-2024-04-09-190619_png_jpg,6
9f82a461a602bca366afdc9676d78837,7066d393f92140827268925a09adfab0bf7b5a57e149e2efaea6cd5e9331fd3f,True,train,578,9755406a-8517-4ae6-b24d-1230487eeb40_jpg.rf.2fb69acc5f9e063d5aded130322ac3e3.jpg,9755406a-8517-4ae6-b24d-1230487eeb40.jpg,144
9fd8c65152c5300a2c9d9ce33cb80d0c,94e8b562a47669357eec1bc5afe29fae25e7986ca146223b1ca8b83b074ae35e,True,valid,25,-2024-04-08-181115_png_jpg.rf.babb51f6343ef4b46c4c760212f3a6ed.jpg,-2024-04-08-181115_png_jpg,3
a01908d5a2f929eff5e76dbd8c68192f,4e98f90527108f3fb6876af4d357985950e1e9def6102d40aa09e609ac4ac51c,True,train,398,-_20230924182503_png.rf.ab9bbda6261b292b9faa107b2834b608.jpg,-_20230924182503.png,5
a02238d57e57ab83442bcf7bb2542450,49419f0fa8397d2a4071ee5c253560b8a4878f24e30d6b5ea2d867bc1deccfd8,True,train,411,-2024-04-08-181520_png_jpg.rf.5dcf9eff3dde921221959a41a9806cc2.jpg,-2024-04-08-181520_png_jpg,5
a0536acb0b4f439c4fbe68ed62ee914a,4ab2bf7718d55b1b1b797db106be63e3fb4fead3444f270d6bf45cb6d1e0b32d,True,train,56,img_98_jpg.rf.f87462137cd8d310ba910a1e6ce80654.jpg,img_98.jpg,2
a0e359fde19265d41821cb3436abd11b,7f50473636ca78e1d785adc3c7b57ece68a15904733ad70cb0e3e687bdd1cf44,True,train,135,-2024-04-09-190700_png_jpg.rf.02d9f17433cdd376cd1c8182c575419f.jpg,-2024-04-09-190700_png_jpg,5
a204fd3b2233149721550ab5f1d15218,20e08d39a8bfd69007d35beb20b343088f9120e3f5004b4729bfdf6016a4b2be,True,train,591,-_20230708190552_png.rf.e062ca24a3bd6a641c5a56f6c151a36a.jpg,-_20230708190552.png,2
a2562fcb4de7d751964671a8d9b715ec,86842a42784a53a58377b8a15b7eaa704a431d66de574e8ed84607588ecce9b8,True,train,388,-2024-04-08-181107_png_jpg.rf.70a9b9c14fc02a89289daac2d52016a2.jpg,-2024-04-08-181107_png_jpg,6
a2bdb63b04be0f16481d1692679aa560,2032ad23d0efb8e932a108dbd6e1fcbf5de9207fbe7eabcd4b0ba762765a4fdd,True,train,354,5baa02c65ffc09eaf3235a2eb5be451_png_jpg.rf.66db8906313b51aec74bd69d7f91d793.jpg,5baa02c65ffc09eaf3235a2eb5be451_png.jpg,12
a32ef85eb3fbc5a70a49113ee1e36b5c,7d924f4b853d26c5c4557bb9f138b6b66b6201c03dda187493c317e3ac7ccc03,True,valid,4,-2024-04-08-181248_png_jpg.rf.554d1fa7f6d5f94997f3a59b3e39360b.jpg,-2024-04-08-181248_png_jpg,10
a3e5528cf53f4f861fe5f42f7334b527,f384655e95be2ffe86b07480c9f3c4d28775fa91980081e257ea86d0144a9029,True,train,465,-2024-04-09-190744_png_jpg.rf.b45538cd4a9c5e76515c9ed5b7735212.jpg,-2024-04-09-190744_png_jpg,6
a507bff15feadd2c08231269f756c601,ccaf049512abccb97396c17923c208a4a8527dbcc4d091c5ca4a7f662f83f121,True,train,132,-2024-04-09-190648_png_jpg.rf.1e391eae55163f526f594d873fb9880c.jpg,-2024-04-09-190648_png_jpg,8
a55ead0654570483c7a9424d5c37822a,39f6ffca7b971c16b651a27c410fb6aa6cd89712d2ea27113f1e1b474849e64e,True,train,71,WhatsApp-Image-2024-12-11-at-16-37-00_5e56e57e_jpg.rf.1f8735c3d4e84f861ae16bcbb1915ec7.jpg,WhatsApp-Image-2024-12-11-at-16-37-00_5e56e57e_jpg,0
a60d452bffd999b0bf3a1f29a6a0aa3f,ffeeff3371110221158bc7ee71d9ff5b07bdc2ddec0858f7a35e2cb20bcd2494,True,train,319,-_20230924182454_png_jpg.rf.b573071dc0c357a203f88dc310609bda.jpg,-_20230924182454_png.jpg,4
a71afccb8302b4360b0e112fb4663196,ec12628dec535f219c3fcdb5e36abd234cad3b82282ca4699e0f45000f80e901,True,train,167,-2024-04-08-181107_png.rf.95ca66b5e111e95e1c0e8147e601980f.jpg,-2024-04-08-181107.png,3
a741fdd0ea3fb3067fba033fb3e621ec,5674cc406ad9b40d1995debb4489d14d337f79d184555d3b51554d8e96b545af,True,train,494,-_20240404161215_png_jpg.rf.2ec49f14ec4ae692b8b1ff2f2f0f4650.jpg,-_20240404161215_png_jpg,2
a77ad1eceb67059950355bce0f0d7a80,c76ba7410b7e4001feb9ab70d5e28a596dba27e3d3ffc06f5bd36c9879890be3,True,train,490,-2024-04-08-181137_png.rf.0284aa8bab736579dd651f5536995daa.jpg,-2024-04-08-181137.png,10
a78b3ea145119630a5368981f588941c,ef7f45a1dab2c070552583210f27f424621ced05c5c896a8bd970a36a5fc35c2,True,train,290,b2493ca8-652e-4282-a8fc-95dea3f64391_jpg.rf.fcc88874dfc4cbfa2293ea6d5fd36e5c.jpg,b2493ca8-652e-4282-a8fc-95dea3f64391.jpg,498
a7ad3b83b52d99412c735776558cbfaa,173246e1d223ef38e35d052dcb3023df9fe2530ab7132979fda4a9975d2178b5,True,train,2,0f4060d50c39f101b100626f93d1f04_png_jpg.rf.cbdf971b7b0280804b0268b9c885784a.jpg,0f4060d50c39f101b100626f93d1f04_png_jpg,10
a7b300f2095fa1063f7e158e4f43835d,0154faca33a50d38a8a2287caf43857832e752db30e185566efe204aac7fdb4b,True,train,343,-2024-04-08-181425_png_jpg.rf.2eb24f2d9de6f5816a70ebbc05b82984.jpg,-2024-04-08-181425_png_jpg,5
a865962640f686e59d01dad475100c58,62e8e1a4230a3eda5129083ea19b1da4174e6c3a4e7697c6dc4c251372a54e6f,True,train,15,-2024-04-08-180945_png_jpg.rf.d10c18401771514f4109bcf47d8e4c5b.jpg,-2024-04-08-180945_png_jpg,10
a87c726e29a5a33e593966ae43956281,af7f6b362150f5a938e2169e0b10c97d8f019a580462ed3a8212df995e0b3722,True,train,470,-2024-04-10-131727_png_jpg.rf.3b18862dc407f852f0319dc98b6df2e3.jpg,-2024-04-10-131727_png_jpg,6
a8a5f841da0cf57060c9658fcdb54649,fa5616c163a34d9096491b38aea154889ceea662d8dc62cbc3e0a2f56d68cfcf,True,train,497,-_20230924182515_png_jpg.rf.6e9707e11629e1b50349a7019914684f.jpg,-_20230924182515_png.jpg,10
a8d88a6d2d0669cea5ea01ce3809e4bc,e9c9df813d6a3d0aa02879d7f109922dd2578737018f3f5b407a78e91e4eb14d,True,test,9,8hofgt5m_png_jpg.rf.de1e7647b2b4ab060ee2a853962fe227.jpg,8hofgt5m_png.jpg,3
a8f2791c91baf581ef2ce401afca381b,cd89f8390c6516925726cd84ee16161bb5e8b8c51b5baa4c2e67cce3dba18d41,True,train,431,-2024-04-09-190603_png.rf.bbb3830ea58b0d0333af441c582e0cab.jpg,-2024-04-09-190603.png,6
a90c988e2aba4b1159662af2d7428204,927cc96f96837fc9f68f64f902fea5ed87cb6d310b1700be8db81d1ab1c80073,True,train,248,-_20230924182515_png_jpg.rf.0a65a80a7797cbf96f5e490638336582.jpg,-_20230924182515_png_jpg,10
a91e639e6f60e0e416ca5a579b37ab57,8df2eaac98d14137a9a26279eb2af268805b0f2bf7799d55461c76a81feb3628,True,test,32,-2024-04-10-132306_png_jpg.rf.ad9017b95087b6284516b569be9f69e9.jpg,-2024-04-10-132306_png.jpg,6
a956bef60d773a1d17bde074edb0ae0f,cafe51fbd1991822396772ed7851b2218bf906ed8f91792de7a28fab37fa628b,True,train,522,-2024-04-08-181403_png_jpg.rf.355b3007b08d23626b0a6d6cfe89461c.jpg,-2024-04-08-181403_png_jpg,5
a97d9fe3e8e79d67ed4934b684318a48,4c3e74f2224758bb3b331e91c3debbe96c9435bf2921428ec5c370659cf29c31,True,valid,11,-2024-04-08-180015_png_jpg.rf.01af342fe631547ccb60dfcf196de200.jpg,-2024-04-08-180015_png.jpg,4
a9cfdb327328c061261fb5b86b3996ac,566fc6c5aa72098354ccea53f61ae91931ed7049863a239d5f50f33df68014c5,True,valid,3,-2024-04-10-132306_png_jpg.rf.25ce258cdb621d36f9998d363af2340f.jpg,-2024-04-10-132306_png_jpg,6
aad0a0d952a5dd4f34589e7645b2851f,64587f497dbcac6a1dacf988b969900fcc1cd71ddea4709029aa3ae1ab4abcc0,True,train,587,000009_jpg.rf.492dfc72704e4dc1534d2a18808046ea.jpg,000009.jpg,1
aad7178cc2c67593a5460a62d906455f,bd1e5f76c36e933b3c1b015b2cefc87b94638ad63d40d56d37f1541879317ffc,True,test,47,-2024-04-08-180937_png.rf.cd2003b58e9c6eb1fc9e2ae20c301d6b.jpg,-2024-04-08-180937.png,10
aaf606be5eace1cfdfb2fb616fd8324c,2d11e210b4eb33b51ac21bb54d70be198adb25b01113d4a13fae5a74ad9b445b,True,train,187,-2024-04-10-132306_png_jpg.rf.0aab5b3c810440f95872529eaccbf494.jpg,-2024-04-10-132306_png_jpg,7
ab69b503166637f88ea7d449825309d5,097134adb3c7578cc7b3670ad124d5214b572d1357974cb458fc9a5b40144002,True,train,368,-2024-04-08-181703_png_jpg.rf.675124f47747a399fa31d488b67652f1.jpg,-2024-04-08-181703_png_jpg,4
ac0b5db3a83194e0508dc97730eaa41a,7a3ec2ce5a69cadff903f190961b1461c1ca6f6ed6d374194f7383ffe46d91e5,True,train,153,-2024-04-08-181132_png.rf.f80212004c048388256bd1d7e4a7c1c6.jpg,-2024-04-08-181132.png,10
ac2f1c0f840b5a1a430626d02b985ce2,e35e757226c8d068d39f75a14eebeab6c1c5a2a1a4ee17548e2f67977b7bcbe7,True,train,440,WhatsApp-Image-2024-12-11-at-16-37-01_8cc7dd8c_jpg.rf.50ccf29c35467c3021dc9c488c29aa9c.jpg,WhatsApp-Image-2024-12-11-at-16-37-01_8cc7dd8c_jpg,0
ac39e7b172f02ae0eafbc380170cbb4b,4f1207e8d1dfa9a5b9fd8e7fd0d50b3023da1bc9b1f4a99bdc47d75ae78ebc8d,True,valid,36,images-5-_jpg.rf.a7b6815a33593def8dfcafb662478cff.jpg,images-5-.jpg,5
ad51e88d06a810b2bac0d1a96ccd3f4c,4817fc57e47c72a3ae8757d0c8f2497bbb85df8d33d3c5277f81700e0ce41495,True,train,137,-_20230708190558_png_jpg.rf.bb0a74c468bd34fcdaa26429f09270c6.jpg,-_20230708190558_png_jpg,20
ad5dd1dbeff40a388d649e5f457b7380,dbccfb6d8cd273cf0807648b0a34fd54a3cea79a0b8e80a60c6d5332f2217969,True,test,3,eb43f681d886ca1a7f144046469daf0_png.rf.52022831f2c263de1b5953180f784db1.jpg,eb43f681d886ca1a7f144046469daf0_png,5
adf86d55e27e2ab9a70959756be38d7e,69f0b59fe093119fed653aeff81bcb8ba4ee36f30efc261be8c7d03c37ad5707,True,valid,43,-2024-04-09-190738_png_jpg.rf.dd1a3185f95c4b118e6b79239e0ab9e1.jpg,-2024-04-09-190738_png_jpg,5
ae68d7891eab5bfcd10c8e0116ac53d7,c940783463d2b948043c095461a0fd30402d4186455d93e7274524da113d7f1b,True,train,420,4aedfa6ec53befe81c754afb6a00c59_png.rf.6f86b37dd3b13129d757b96aa35ff8c3.jpg,4aedfa6ec53befe81c754afb6a00c59.png,21
aeba15f04d50359c85805261f724d80b,263c63f77d9f6f8fcbeca6a6b4396fa6dea3ca1a1e0ef345e98e41123c9cd17a,True,train,176,-2024-04-08-181030_png_jpg.rf.f53b83409122d94dce0d72f62c7d7b2d.jpg,-2024-04-08-181030_png_jpg,6
b014746da5e1ea159f72c5dc94621e73,196b6cb089c21d4f1329ef82209dc5c8d418260bdf465e55352771c41231b5d8,True,train,539,img_73_jpg.rf.644d436357f49953d4cccc2b7fc2947a.jpg,img_73.jpg,1
b035b2d6f6cf127363697592cabeec22,cd2ca8b4c83dfe272c4836b00836995e266fe3e523f759636d8a05435078925c,True,train,352,-2024-04-09-190757_png_jpg.rf.dc1cb04689d56391a7f60cce569eb4db.jpg,-2024-04-09-190757_png_jpg,6
b042a688b0057ea295be793d00e2884a,93cbe890c2d9b34b0c1070b7abc3c1eefd42f774494c3a030cf96c533e3cbb1e,True,test,30,-2024-04-08-181539_png.rf.61fa9e7fbf76c813aa5bc76bc6e8102b.jpg,-2024-04-08-181539.png,4
b05d8238440afe2059146f0c2ce2c394,5aa4090cfd2d6e47d9a0103f403288a0ec2c0e715645f2292aadf4db09c491f4,True,train,229,-2024-04-09-190716_png_jpg.rf.233abc573e0dc955f0a1535b9a3b6966.jpg,-2024-04-09-190716_png_jpg,6
b06c8dd8bee0a7e90eb63ba2cc907ae8,229024882f1746e6032dc1cdc81e202bfd0622c253d26b9287e27ae85bde87b5,True,train,371,-2024-04-08-180937_png.rf.51252ea24ac510d33d173da42082788b.jpg,-2024-04-08-180937_png,10
b0c20eeefd8e18a8d30d5879f66dd8aa,756b2171a333a8a6ca8fcdb075916c51510cf346ae007de6e04f697d20cf9437,True,train,92,-2024-04-08-181703_png.rf.0f6461cb9c3a8043442b923f595d774d.jpg,-2024-04-08-181703.png,6
b11f35889f6e4b520b5c9b5380911db1,00017604bc86713a2dde9aea22bf0efeb148537f992dab5819c127513bdc43eb,True,train,382,-_20230705013609_png_jpg.rf.dfb969bb9b9727832e6d7f686253f494.jpg,-_20230705013609_png_jpg,3
b184b0143091583fb67bec11aa1d56dc,c682bbcae140d1ae64733d5d46ec86eaa7f2ef2e1876e7c69be30172cb4fb0a1,True,train,517,fe395024-27_jpg.rf.9a28165a0330617f21652030ffc41771.jpg,fe395024-27.jpg,39
b21d79574e171f7f64ab76568e42de86,f0de2b4f2918cd0a1e89fc828562edcb9cb9975bb9d49ef639c4524a2e34fe57,True,train,593,-_20230705013609_png_jpg.rf.407eb914310c01f75d4352ec3a60e8ea.jpg,-_20230705013609_png_jpg,3
b261a888c4084b7d2d724fef85e085e6,c875ae5be4090da9e1a9bbfa6092a9162d84d854a4b88f2f06f81458571fcfcf,True,valid,17,-_20230924182451_png_jpg.rf.5c832d06aad6c6d22a63c970276b261e.jpg,-_20230924182451_png.jpg,4
b2b11e06efbeb26a3efe5c83226caa9f,5256c142cf884f99a5a82ac8b86852efaeb48b1e3bba59d7f3461c8815e9c1a1,True,train,172,-2024-04-08-181030_png.rf.68be94bbb8fb804e1ee6f96db6b44fba.jpg,-2024-04-08-181030.png,4
b325783262ae1845ae1f14cbc32d9b79,2a5803114be85203c7106046e4d08e6e97ffbee3761733a3c67331cd462fc9d9,True,train,437,-2024-04-08-181453_png_jpg.rf.31163881574f48ffe89a9cfed818b83e.jpg,-2024-04-08-181453_png_jpg,5
b34c2b1f1bdb88587d183f9f9a3dad25,2a5dd7327d19ccb6ddd0212e1c6c3a99e25dba69343c0347aa57563205d850e6,True,train,96,-2024-04-08-175704_png.rf.c3c4120628c09dc464a852b6ff62d8f6.jpg,-2024-04-08-175704.png,3
b3964347f4c56241d263ecfd15783799,5b51c6a37d216f1f5bcbc884d2168e418b594b629837a004f8ddb8d8c5f3d900,True,train,73,-2024-04-08-181453_png.rf.909ca3993d8bac275140491ecaca98f6.jpg,-2024-04-08-181453.png,5
b3b3190e0cde7e8ec93b8799a9298d1e,6bd17f0cc0a6ecffdb1412080857fade9660a16e432bb929e989b47cdfcb96eb,True,valid,72,PHOTO-2024-10-10-18-41-20_jpg.rf.0d9a2b13cbad80f80c10e2c57a6d4309.jpg,PHOTO-2024-10-10-18-41-20.jpg,84
b477c5ceb9c78690a3468d8b6d20ac18,32a27991d872b523523dc2e6d3d41e7e312a46b9859de0e40222428c563c531f,True,train,3,-2024-04-10-133630_png_jpg.rf.77e24f83ab1b0914b82a88c65590fb34.jpg,-2024-04-10-133630_png_jpg,6
b48bca48aa3f241956382356f970a058,69aecb0396759793d724f392b630a7be1b15ed832f53fb6eaa6dc45dfb7c7fb4,True,test,62,-2024-04-09-190738_png.rf.bfb3bb1900cfc224f65316d3f81d8a6e.jpg,-2024-04-09-190738_png,5
b4cc2bfdd5790ef54a7c181937b677b9,25802e1a867ecca8e6dc9a51581cafd0ba33817111291d08d122260b7929de32,True,valid,44,irii8idx_png_jpg.rf.d2af3187d20a7e90d6b222f1740cb7b7.jpg,irii8idx_png_jpg,9
b4dfc8edb30addf602540e515ad3dbce,dad7077da8d0b9d7e0ebe4b9ea7e964bd72eae4e834ef1e480efe71dbc703660,True,train,322,-2024-04-10-131727_png.rf.dd9893610694a225a3110cca75fb14ae.jpg,-2024-04-10-131727.png,6
b512a0bcfcb2784a7b23c5c04e7494c8,195bd1e5eff543ef4134b394c663c062dc4de3fa10c49e76fbd97937a00e6461,True,train,58,-2024-04-08-181800_png.rf.a43053edfdf49e2c0c2076a8f6546897.jpg,-2024-04-08-181800.png,9
b526472f97f30dae28e5bfbce3537df0,26314d7f6f5048570823bd12eb620e70521a8cc9943b6562aef9c6996388180c,True,train,264,fe395024-27_jpg.rf.7d606615ea05e9268c6b14147b9a8220.jpg,fe395024-27_jpg,22
b60fcee5f2812f13a94ca225fd274194,dd9132561daca7b17f9430595051ed9f24aa40137f48a1cd41773c050b2dea18,True,train,425,img_113_jpg.rf.412baff8af541e95f1bfb1a7e4a7fba3.jpg,img_113.jpg,1
b62c4c7858430aef7f11bc3890cd508b,72d154d7e0cce115753b7a9fe4577a0b2d3a9f4ee616ba481def1671ee3087ca,True,train,115,72f629d38f7cad8a5a767fbe1c8c47b_png.rf.30f2492bae190022fd13a8e17990afb1.jpg,72f629d38f7cad8a5a767fbe1c8c47b.png,10
b65c98cc90433604f3b2f3aa8dcd9dd0,27c521f77ee1e705ce03c7aadb199af83fb635ef7c6ae2743738bfe5099cde6c,True,test,68,-2024-04-09-190648_png.rf.035247c5f9a17fd0420dc2c4e416e312.jpg,-2024-04-09-190648.png,8
b78aeeaffa5aa57ff1d6467eea7d6592,1131c8189dff8719145f103277bfe1bc4efd57f8bf198bda53b82d708d915eb7,True,valid,9,-2024-04-08-181115_png_jpg.rf.41e7d8989cd4293fca0f3bbc9bd9746a.jpg,-2024-04-08-181115_png_jpg,3
b7a688adfbdebad7986e7f57d53ff3df,08929d122c5d3e70f7ed0378c040f09ae02cdd52aec7ddbe0d48c7a043f8afd2,True,valid,71,-_20240404161218_png_jpg.rf.b6c3c2f9d66bbc6a9935cda691f2aad9.jpg,-_20240404161218_png_jpg,7
b8b9e2612de9f66e2ca0b2485524240f,ea37ea81bbcba018902770f4e68ca189574558197e34166766d0e675f18e6119,True,train,85,417_original_png_jpg.rf.eccfa1303e175ed57b5def1109a07223.jpg,417_original_png.jpg,5
b924671f05002cb36d54617a5485bd11,367117742eff7caf0d94977847558b60da6c52eec7443fd64f7cde22a630b6fa,True,test,65,-_20230708190552_png_jpg.rf.67c652762e0ffd1c0d8eb8ddeff9dad1.jpg,-_20230708190552_png.jpg,2
b94de12e4a74901cdb18cf3fb31f25df,b37a3cabc66dc4f20c84a0e0c945fa95c44524565e24f240e9275c88f6553d8c,True,train,121,PHOTO-2024-10-10-17-33-33_jpg.rf.75d58b490054e5fed5132bafb5412ca4.jpg,PHOTO-2024-10-10-17-33-33.jpg,83
b960af8bb6fa287fa4b8846760ef9a8d,82640721e1c08f0bf7c7bbc19def6863b2874d00d080aded3a47ed834f13fd47,True,train,291,-2024-04-08-181724_png.rf.f3e1ac2819df75f1a0053f55f9a149b2.jpg,-2024-04-08-181724.png,4
b96c5dfea012db7a7b9d185c53c77734,778cf9b6ce550c3c19e55b405a938a1ea2cdfc7160fbc6316d94cb9b9e46c972,True,train,447,88541225-982e-4240-8f6d-e7da49b2e0e2_jpg.rf.0219cbb723564fe5fffcd1f9c39f2a8d.jpg,88541225-982e-4240-8f6d-e7da49b2e0e2.jpg,42
b96e57ad52b0ff62bddbfa1a034ba73a,1c857e3a4bf5f365800ddd96b076a495c5d2f979ddc2f0fb2debdfa6f8aec664,True,train,439,72f629d38f7cad8a5a767fbe1c8c47b_png_jpg.rf.5c6a0feb00a0bb91f92f19fdcfc6ce5c.jpg,72f629d38f7cad8a5a767fbe1c8c47b_png_jpg,10
b99e3f2a8e77fac8c14176cc9d9b3801,2312940f072560bf20c51172c7e70969f2e6df95a97b49bea9360ad172636151,True,train,11,4aedfa6ec53befe81c754afb6a00c59_png.rf.c7b48a0930b58030a95a3c12e4b56eb2.jpg,4aedfa6ec53befe81c754afb6a00c59_png,17
ba3d7f7b1478fa42b66c0810a151f110,c4c098f586fe9713828133d15a20f97b3b82cac31e26179404dbc15d8c8126a2,True,train,75,d573a1a8ebd9fed84355b19c820fd55_png.rf.0f667448aadd9a7656022b7c0fc733be.jpg,d573a1a8ebd9fed84355b19c820fd55.png,20
babcf028f71f0d568b47bbb93a26711a,f1f434340a56281f5b9f6590aa1da1349f67f474dcc3789711a686742f4a8b72,True,train,118,-2024-04-10-133618_png_jpg.rf.edc40459871e697d7fa321bd4cf1679d.jpg,-2024-04-10-133618_png_jpg,4
bc0d3d6016c67c2bd7c8b1c88d4d9660,fc286c3f816553b60be2c3d47b55463833bf427778b59c2a536b009c6b78ac5e,True,train,123,94586dd6-4b64-4255-8dc0-01b7d8b1ac11_jpg.rf.e9632f8f523d5b81311636e05e7a098b.jpg,94586dd6-4b64-4255-8dc0-01b7d8b1ac11.jpg,166
bc276cdd9941d1ad19f3166e8debdfa5,b12776daae2b35acfa8676d1b833a48f361b6fe6439230a784b7c2a80ed95a8d,True,train,363,-2024-04-08-180945_png_jpg.rf.a04aa2793ab0191fd6b5c0b22dc39012.jpg,-2024-04-08-180945_png_jpg,10
bc56f70aa35120d9e217441e04bba6a0,7b55836a41646fab0e89a448f2a19b6371986b5b592cf0844bd7d3ebd639d548,True,train,362,-2024-04-08-181825_png.rf.cdf7c2f2f5ab23370f226e288fae3349.jpg,-2024-04-08-181825.png,5
bd08517c6b2eaf7ec19353ac6760a6ac,ed6224260a2186bfdb34a0e79bb06112f3c53663c03d72b60bdda610ad68cae7,True,train,52,-2024-04-08-175552_png.rf.d8b7d78f8ec77597d145fd241af0feb9.jpg,-2024-04-08-175552.png,4
bd090cbb22c9a055fba073e673145b25,398727e2088eb8ddf0a6675013e9d4156d60f6a6220212fc75262ae3cb9a06be,True,train,138,img_88_jpg.rf.1ea151907a191019c1af39df45bf6767.jpg,img_88.jpg,2
bd092eb39077e7300cc40919016dcb8d,db3de3d1612389e59b0f28be67339fe3d2155ca2546e9899a5bfb3e874c24531,True,train,569,-2024-04-08-181337_png_jpg.rf.87cdaa080e442f49e30b8f998dd2bd63.jpg,-2024-04-08-181337_png_jpg,5
be4ba20bf45ed815d833307008439a8b,1d5fc0111090164be0d75d37b483d5698379855606eb79c799d7eddc58b910af,True,train,487,7d2b6e9a3a463279150b7312f8b3ec6_png.rf.1364d4932ec00bb822cf65340a20799c.jpg,7d2b6e9a3a463279150b7312f8b3ec6.png,10
be684e47e1551ee035c3e99f5f17d0b5,cf4b8a3269d110361ca7543234e2b07a5290e70e58883449fae964a2eddc4ad5,True,train,72,c048c3db-14_jpeg_jpg.rf.7d867debb8d16ee635176b40f96ad462.jpg,c048c3db-14_jpeg.jpg,22
becc6e30d0a0875c8b64ad00515c733f,cbf193430d8c2cb8601badacc031584a431524445325b736ff7555fe4e9ffefe,True,train,531,8c41814c-8_jpg.rf.1449d6107c3dc9824168271581fbe473.jpg,8c41814c-8_jpg,27
bf521e1dbcc94a467908d4e9ed4bae87,e8714822f9a9644802b9d46add309b9156969993ee76482aa2548a76c78face9,True,valid,7,-2024-04-08-181403_png_jpg.rf.605f2b5dc05c4dd378a1c288f6169d3b.jpg,-2024-04-08-181403_png_jpg,5
bfbe32c0ee188916f2eea572d29a3ab9,0ea26426a0e72d841efb21f7b765badfb5bca182d5865894c0eb49fb84c81de0,True,train,358,-2024-04-08-181752_png_jpg.rf.95bcb4001d970be0a0f8757d2323bb34.jpg,-2024-04-08-181752_png_jpg,5
c046df28bc9e81863b899ba81198b06f,309d248e595a1d5272eb77a888d3a0127ec90ae8fbc929a7ff20aba805703e49,True,train,556,ahxol49d_png_jpg.rf.03825076b590ade095c16ab7eef433e5.jpg,ahxol49d_png.jpg,13
c07a0b3d5493eda5732e5d7b7878c332,748022c8531518a8b945448aa0ad8d95a480c86aa2c5e5b6070ff8d7f094e7b9,True,train,139,-2024-04-08-181729_png_jpg.rf.c48cf9156026a974257fae009db341d2.jpg,-2024-04-08-181729_png_jpg,4
c105014aed9c654aecf3d4943d5c8fb8,6844482ebdf33a6479bb04bb7b984dab95428883bb1cd6451d1a7ce2ec504ad1,True,test,27,-2024-04-09-190957_png_jpg.rf.e3cf670d329fafaeb93d67c89da80ece.jpg,-2024-04-09-190957_png_jpg,15
c123dedf6745194f134faaff15629b47,54f39f8ba1d1590da85d42d9c46bfac3b8fcfe75591bd41f36667e3681270966,True,train,36,img_123_jpg.rf.3542c67ffb9fc5c16352fc121f275111.jpg,img_123.jpg,1
c12fcd9686a54e32d8b8202e657e13e6,0904645218f3a96a5fe2cfd0c5ed83c965242ffcc26aaf201db0a723b12c7694,True,train,565,c8902ef8e99e0a92d38e98ccb831d94_png_jpg.rf.7b0cd9aba711c62c21f094b17d590011.jpg,c8902ef8e99e0a92d38e98ccb831d94_png.jpg,10
c143a2fa83f40aae6fa1a89c2ce1fd11,d4909a175ba5a9c1a4ebea54b3f8ee1e4503f686482c2f0604b4a949eb77359a,True,train,46,-_20240404161215_png.rf.f1aaf73ba223709c134d3776b1f738cf.jpg,-_20240404161215_png,2
c14ad97af05d80d84873dde676ee7fa8,315636f9156dac2de8ab85d421adb4dde7b3f0d4609dac39b9a4a2cb6515f8a4,True,train,210,-_20230924182509_png_jpg.rf.7f8b15bf9c7e95e3b2007018ef1d94e0.jpg,-_20230924182509_png.jpg,5
c16b960b302898f91e7ba04e18cfe5c5,df7f1b4e9cbc16ba1d14cecfda4fc1618d5fe949de0eb309d0542ea63368d705,True,train,446,-2024-04-08-175718_png_jpg.rf.0346a761897a2e7c780ddf555d774929.jpg,-2024-04-08-175718_png.jpg,4
c1c443fc0d148a0b711a913296a2626d,02331b5da7f497e0dadc58108066265a20e22fd801a3d9a583f8eaf0026ce110,True,train,458,steelbeam148_jpg.rf.e9a8e2a867c87c274100b89656cdceed.jpg,steelbeam148_jpg,148
c21a9a9df50cc74f451e2b5a639de63e,2201a6860794b6f8c82ba59f2428439efa78993817d47c8b007aee2f687e7e31,True,train,303,-2024-04-08-181805_png_jpg.rf.e343f4fa36c62e628ab1b9cdcc01a246.jpg,-2024-04-08-181805_png.jpg,4
c28619666e3542605d77bbf7d8f4c8c3,987f4f4238788add01a563bfdf91c3ccfe1c4c51c4780b9b260ded8bcedea464,True,train,574,-2024-04-08-180117_png.rf.67742b8218e4c5b04a774889eb36e1d1.jpg,-2024-04-08-180117.png,2
c2fa3049b72beecc8b26d9b4fc9bc329,aa50d232063d98983cae1468d283c9772bdd2a4bd1d7aa648d07de9521215248,True,train,259,-2024-04-09-190630_png_jpg.rf.9f93b2d1047a23b0c138dadbe06c24d5.jpg,-2024-04-09-190630_png_jpg,3
c362b86091e992a31d156232682b4550,2baa6f0ce09973340913aacf5ff40c476ef01ed80a17b978b0808b7bf5e4cef4,True,valid,24,-_20230708190558_png.rf.12168cefee055f6e3e9f2b6936a9c078.jpg,-_20230708190558.png,20
c3850e5b4d90c4c4b641685676604613,34c8c58d4ae14a278acd86faef757b3c9f8bf19adcd56aabd856c20ebb9f2b3b,True,test,39,-2024-04-08-181425_png_jpg.rf.e44317c44b030c3cccf52a8c4faeaf97.jpg,-2024-04-08-181425_png_jpg,6
c49f16975385fbaf527c98d000557778,de6369f00dea2579cc2a5f6dad0e4a1b92772632c2c45b0c903d6b0605b932ee,True,train,107,-2024-04-09-190738_png_jpg.rf.7f28be964d4cf05cecde7e9b9b7761f2.jpg,-2024-04-09-190738_png_jpg,5
c4af1cc18ad1ce0f223b5b91957c9aaa,90c7930439a13558cd4b5fad4aadee65ee10292ce061811a2c9056422b0c2859,True,train,254,-2024-04-09-190603_png_jpg.rf.e6289e2919b4e80793d976aa99267505.jpg,-2024-04-09-190603_png_jpg,5
c5adc60b40c83b0b215b7d325acf8b5d,5f4d7eb69eaea9f6e05d51ed4b1eade19786054d75005ec95b1e0fe0c4e5d703,True,valid,61,-2024-04-09-190723_png_jpg.rf.6c3b46e16f28d283f8459af937728d53.jpg,-2024-04-09-190723_png_jpg,4
c5cc35364a4a990f84004e2c05629aeb,7156efa3720b2f70e6668dcaf27ded0b9fd843c035be3ad992e20f83d6b71751,True,train,271,1670333703-5cdf9b336c4b445e5e7cfce6_jpg.rf.f6c3e1da4e15285f1116f318814fad92.jpg,1670333703-5cdf9b336c4b445e5e7cfce6.jpg,7
c5db3853248e0c0d2b73d9d4c331d8a9,6028adbc9b9569015612fd992c75c6bfebfa0d73469f5a244fb30ba31c83ce83,True,test,10,52a9972f9c6177ed93c9ee9718fb72a_png.rf.a63881ab03568d6a654cd37c8a0617ef.jpg,52a9972f9c6177ed93c9ee9718fb72a_png,10
c601d20f2e6748ef8e6771c485a105c3,dc6fe41e00a026d8568b0b3dbf417ce1c6df4bebc707002a524db44f7b2c6fb6,True,train,25,-_20240404161218_png.rf.28ab24e9430dab286faba91f671f1f61.jpg,-_20240404161218_png,7
c63eeb22bf0dda1b50bf5bafe531288a,9c2c9d564d789dfd99e2a61d430047e30bd1aebe9465da824ad5181d6f0aaaa0,True,train,62,-2024-04-08-181819_png_jpg.rf.2a7748e105f2ca279e7d3c8ac74517e9.jpg,-2024-04-08-181819_png_jpg,9
c6495ffe7eea91b222af5aa6438953e5,5bb0c9116f90df997588b907dbecc09430949f3a8460858b24b24ec6a2ee65c7,True,valid,15,-2024-04-08-181514_png_jpg.rf.c046f1f04459eb65601a799960cdb9f9.jpg,-2024-04-08-181514_png_jpg,6
c7cd1be53eeeeddbd5a7e397558121f3,c6e45c15c0191521b99ab675595cef83cb1acc4222c7567426e0cebab05d3b46,True,train,341,-2024-04-08-181332_png.rf.525aeaf8410fb04879c72a3f465487c4.jpg,-2024-04-08-181332.png,5
c8befb6054dd71cac506d482d9c1125d,f88869c74931160547e1d1459c3c74d13eae1c24b760ced325ef52722bc0d6e7,True,train,155,923a108f41cc108b080c4fe180deb58_png_jpg.rf.b88ca170e94df278fe867c6c7e3fd2ff.jpg,923a108f41cc108b080c4fe180deb58_png_jpg,10
c8d602a1e9f9a9a63d6de978bff4abfb,c65178edf97129ef1e208a906658ee60e5b640877989baba529fc0e22840b5b2,True,train,584,8c41814c-8_jpg.rf.f973429ea643a3a0dfee19bce6a2b8f9.jpg,8c41814c-8_jpg,30
c9564a4d23e99d2d2d3ee5b8d2068af5,2f6d5025b777f104e5a719e91f0b9c3f413bfc2cc528af73069973ac17122d94,True,train,65,01f13791-5551-41b7-8fa6-ee5152710173_jpg.rf.df6004b8f0253562864ebaeefd8a65c8.jpg,01f13791-5551-41b7-8fa6-ee5152710173.jpg,48
c9ba0bc70a90063fceb8c0edb59e2929,c2728bebdf629679f10c2109bddf5da3d14b2e9c0b6dcacebd74f56e8d7beec9,True,train,200,-_20230820171912_png.rf.98fd85871d6d293127f2b56f4ee4e057.jpg,-_20230820171912.png,23
c9da6aafb99c8d2c375851a29aa336bd,428fd389f622032ecc0db9db11ad153ba9c0d079fa9c4156fb4d30a992d57be8,True,train,227,-2024-04-08-181752_png.rf.6f28e1bbdfd29377c919cd5d0d21c948.jpg,-2024-04-08-181752.png,5
c9e5233587b81ee88a574a7ffa80aecc,803a11e81900b888b77d89782ce625c134b561c85657b44c36afd39ad6df39ef,True,train,158,-2024-04-08-175651_png_jpg.rf.25dc4bce097699d5fee702f5d0eb7efb.jpg,-2024-04-08-175651_png.jpg,3
c9f4692008562f3d6f9b37b7a0965d1e,e92f93335b3656508b9aca9bb62a09fd7f2ba9a373513bade63e7a6bae63c696,True,train,442,-2024-04-08-181248_png_jpg.rf.a75860a6c57e163d214b336f70983add.jpg,-2024-04-08-181248_png.jpg,10
c9fc10be999e41a7ffcdfae6a446913b,8217056f56658d0ca128aae90de5781ab7e40eee4c2011ba16005ab95eaa0678,True,train,91,img_137_jpg.rf.5336b4b6bfa606e945531708cc93993d.jpg,img_137.jpg,1
ca26252a0e69e032fac03a433fe4083b,a302ea0d9bf1ff26feecf9164e4a54766ddd3028d557bd336ea88e4a45c30f86,True,train,308,8c41814c-8_jpg.rf.342f4bfc49cbea4b2c67144ce84b2f1e.jpg,8c41814c-8.jpg,29
ca2b31a5521c3c5ba4d3fb2b1af4ffef,cb6bbc4b5a7e51f4af5ea57b09b369ce3dd61f9f651a150658724edf176b994d,True,train,509,-_20230708190625_png_jpg.rf.89da316f477e283b5551603cb234f448.jpg,-_20230708190625_png_jpg,12
ca879066795b47b62f3745f4eb3f2692,5b8fd622e0e6f165ff9c0f87f11b51b2ae12475ca83e3835a7548e07eff17c04,True,valid,49,51d9790d-6350-485f-bc87-bd3aea0b0f45_jpg.rf.6e3191a3fb9f9a8963cf4c5351c1c010.jpg,51d9790d-6350-485f-bc87-bd3aea0b0f45.jpg,661
cabd9706a2d43d477bf62f168fbb7243,69f9a858b7cc65ac1fa90877225f31106fa0e0a823a9a69e4c23048057ea3fc9,True,train,236,-_20230924182457_png_jpg.rf.edca364cf2ef7ecd289efbcebcf80137.jpg,-_20230924182457_png.jpg,4
cc3e2fec413f7c25bb7e1ac5c228bfdd,8bc0e13424a24d596d73bb60bfe78969d5492c477480c864fb249328b3e00cec,True,train,423,-_20230924182512_png_jpg.rf.98d50e01bc4de95076a1d7c975778bc4.jpg,-_20230924182512_png_jpg,5
cd5cb9852af27ba2529386e33fada230,7d60b0bf901383455a0a7bda343fb2ed6656ac5a6ee26ffcee6e0c99739ee9b0,True,train,87,13ee5b15fa3a156bb16bb7383011af0_png_jpg.rf.8215c5567b62ff1e3ab665e92ab24a65.jpg,13ee5b15fa3a156bb16bb7383011af0_png.jpg,3
cd729ca60e672362a693910d3594d9e8,e60a8217e83311872c6553b34c5d7a385ddfaaa84dd34677ca4bd05acf1db93c,True,train,51,-2024-04-10-132132_png_jpg.rf.dfb1d922e921269ff4bd92388def1c7a.jpg,-2024-04-10-132132_png_jpg,7
cd8bdaa25ee70a23d9252bce039ae603,124f7ec77a1a38bd2b9676b82ab741dbe3cd2a98912f0f33dbab5f09b594c3ae,True,train,287,-2024-04-10-133445_png.rf.73e745285db10b20c9faac57ab2b29ed.jpg,-2024-04-10-133445.png,6
cdfdd93d5fd54e033d3091d1e5711c4b,1dad940673d1e0df6666f3927c0a2978a3c8e4da9718611c2f0eaddca200f940,True,train,375,-2024-04-08-181739_png.rf.2c48dea9beb6abceab07701c90e5a141.jpg,-2024-04-08-181739.png,5
ce0bb939bddaa4a4d08201a32609aa09,ef4587a7cc46129d1a730562edf50a7608a025c599372e97435bc2e85a689be5,True,train,403,-2024-04-09-190619_png.rf.b0441fb97ebf05387d6cf1a2d6254ee1.jpg,-2024-04-09-190619_png,6
ce72e54f2dec9b24becaaf4e3e2e429c,b23b04d813b7150fc10423fc79beb04213e79d525558dae5e7e6e0b47efbc5ad,True,train,282,64d267bd-18be-4d79-80b1-29f83f69812f_jpg.rf.9b440daee85fecf9c89ad9e0bc086121.jpg,64d267bd-18be-4d79-80b1-29f83f69812f.jpg,0
ced80cebcf5323a1aca18889bb619ffa,7529cd7092346084debbef93d1ab705b1a42258f050596fd9a7e8863ff14999d,True,train,457,img_113_jpg.rf.e5456e98f8db9bbfff29afbb5b5f94ae.jpg,img_113.jpg,1
cf772b48b7cf61aed767e145697148be,a1d3df54454259bba4179fd77d24ceefe445bedf83ad61cb5123a146cdc0a04e,True,train,276,product-0323479001538175476-o_jpg.rf.0ac8fb4280818feee11a664ba3300c40.jpg,product-0323479001538175476-o.jpg,12
cfd79137418c809bf1ed26e2b8f99b3a,0465756775ffffd550c1a92042406bdb74da67d0d9b4a11c7a8cb3f70faa9c8d,True,train,278,-2024-04-08-180955_png_jpg.rf.980c45555253f9f81fad6a9e7a808112.jpg,-2024-04-08-180955_png_jpg,10
cfe1c1153d7987f89c9d5c7d2ce5cd2f,90ca4bf64eef5523dc5317c0f2a19c97abe06ecfd4a24d6265871bba4f38ecc5,True,train,117,c00ccebb664def77130f55678b31ed1_png.rf.222505a5808c17189178e62333a26d11.jpg,c00ccebb664def77130f55678b31ed1_png,10
d014f47a9a4b2643ce0713735df1b3d5,4cacc7a67eb133af838af3877d457aa2d249f7468b2d9877b830538f1e13f199,True,train,239,YARD-J_jpg.rf.11ebb727b3932367bf5088a548456d3c.jpg,YARD-J.jpg,0
d0479a5c5ed9befb615431d48919fd77,396314bf4293196a3a505c40ed768c1af112811644bae88f56ffbb4f4c67c051,True,valid,53,16c3ab3b-13_jpg.rf.5b90bcf6d5ce04b5688dcff6bfa7ecda.jpg,16c3ab3b-13_jpg,19
d0d15bbe2347f56304c65d9f9f54b68c,d724ba13db65a85b607d074c33b0c9d3dd994602f1bdba0d6d55f20d467b0c56,True,train,116,img_71_jpg.rf.4de073c608c72935c57e45a4091e42cd.jpg,img_71.jpg,1
d0db35a28f3fff6dd765f8e337bc7e0f,1197cd942168117beb71ac5177bf0273307ac68a0b1382d1246392ddc50a8c74,True,train,377,wq2zir67_png_jpg.rf.ea0ed06c6e51f09ae55c8fa21e1729f9.jpg,wq2zir67_png.jpg,4
d10ec9a121991144f8a2f030c48f2138,4a5c3053fe96c90ce25bf7d3dbbe14ca0a4082fa22bb8fbc53b667bf772e5e12,True,train,249,-2024-04-09-190723_png.rf.ffab736eb91d2500011545e8f0241768.jpg,-2024-04-09-190723.png,4
d1d2e25b1c6c562780e5d9a5afe618ac,1209563a9349326f7f8cb5d6fc5cd6da85838a7f393d6f2735269f9cfb57fff0,True,train,486,-_20230924182515_png_jpg.rf.d61e118ed29f78ecec9757be9293a451.jpg,-_20230924182515_png_jpg,10
d1eea2792bce184dcedd44db81675bae,d1539f81e6d40069159d1948d3606c8d57402833639b7d45433fbe4e6db40522,True,train,479,Welded-Steel-Section-with-T-Shape_jpg.rf.78c18ca3f0e4b7cf350bbc46faac385e.jpg,Welded-Steel-Section-with-T-Shape.jpg,13
d2956968c5012a386829b104bff93192,7fde38dd55c0912e34efd1fbec4be260383def5e2c128100426846d7f9c22787,True,valid,5,-2024-04-08-181342_png_jpg.rf.8ba55d5df16fd9290873449a9129c004.jpg,-2024-04-08-181342_png_jpg,5
d2956968c5012a386829b104bff93192,7fde38dd55c0912e34efd1fbec4be260383def5e2c128100426846d7f9c22787,False,test,21,-2024-04-08-181342_png_jpg.rf.b045ab893331f32b5b7649ab257ab747.jpg,-2024-04-08-181342_png_jpg,5
d2e54a1007190aac1f9009432abf7ee6,7ecce8a0b76c872af7512767af89a4a2678cab92b59b303eb20201bc20f8f753,True,train,514,-_20230924182506_png_jpg.rf.d844be5f927b5f88f4c21e23d58edc6d.jpg,-_20230924182506_png_jpg,5
d36b29ecca73d62aee1106f7b56d8f68,35c563433ed390accf5cd294aaed888485655d72577454cfed36138a960fbb30,True,train,389,images-1-_jpg.rf.40bab2a972bfa75d63b12e78e98b7420.jpg,images-1-.jpg,3
d3d874c985274b9d96909a867ecf7fe6,1ddb64e3ebde56f80582f82e2c8b079c50efb981cb8bb59b180afe6f9b56bd54,True,test,17,-2024-04-09-190723_png_jpg.rf.82090446cd4c8c160eb6e53d19242468.jpg,-2024-04-09-190723_png_jpg,4
d3e038953fe8c22fa2ae6e534e657c66,2ada2ac6fd4a692e2ad1b54ce4e2fa21db59d0b6efcf293d0cc0cf667ab38b34,True,train,57,steelbeam106_jpg.rf.c9c5b61b0dd5c78798e0036f1bb54cf7.jpg,steelbeam106.jpg,3
d4235d2b8a6a5e08d438ef4b21985dd6,38a1b7e15c3264f71ed17de4dd162931d8cb0487acfa846a6aee1b608c117340,True,test,29,-2024-04-08-181609_png.rf.ed7125bcdfcfb950f919d8771d71742b.jpg,-2024-04-08-181609.png,8
d44fb42bd4a0ab11f89069e2fb39c523,df010c01507bf34afc392f85a37c7421887b96f9746db72d172133332aec81fd,True,train,441,417_original_png_jpg.rf.c2bec0eca2703138cc470db000aad10a.jpg,417_original_png.jpg,21
d4526852f9b7d6a4935d631def88d079,6ce38b039d0516408bf38656811c6162f36228ddd47d54ab64d9c1d929a93a0e,True,train,214,-2024-04-08-181324_png.rf.5d53863bb0582c0f9c5ead789ac9610a.jpg,-2024-04-08-181324.png,5
d45cc28e186e4bfb59ce49d02f712350,37a4c5c34cf0c566418ceff67ff7cf19deaf5081129a4ac84cd32132ada6a769,True,train,543,-2024-04-08-181248_png_jpg.rf.9917ec5a43562c11eb2ab207862aaee3.jpg,-2024-04-08-181248_png_jpg,10
d488bfb0ba28de3962ca18efcd73c343,68dbe1cfd803312d3d22c97d386831e6f7fe920f872a8a2397205bd8a291cd33,True,train,181,-2024-04-08-181358_png_jpg.rf.bc6e6d724cb3c307da35af15626749f5.jpg,-2024-04-08-181358_png_jpg,5
d4d0d9cb4a1d7395a6c41dd23e74eacb,ce96f1e2ba800def7ad95de5c16fde5501d3f65b41c050c61227c3563f473119,True,valid,65,-2024-04-08-181453_png_jpg.rf.76e552c0d2a67f0e1323e2214909e862.jpg,-2024-04-08-181453_png_jpg,5
d4fd1585a761d152069a101fe9b42186,6a085a283d12a6169933c0a66c09a1a0f6ff1ce7e03f3669ebf81574dd146085,True,train,105,-2024-04-08-181353_png_jpg.rf.8e4aec8f63ace52881a236a0609c5a84.jpg,-2024-04-08-181353_png_jpg,5
d576dc8a0fa9817082f4e787bda9e35d,3afb6450e67bfec2e0ece6476d7a3a31819338d39e56a648a97d0c09262d0829,True,train,7,-_20240404161141_png_jpg.rf.fa643be181538aa692decd98f489573e.jpg,-_20240404161141_png_jpg,7
d5a1ef3ad35064cb83dadf4447f3fcb1,14a999105546dee43baa80816ab8069aed6f160459eb362ded8c5e9038b9fed5,True,train,372,-2024-04-09-190757_png.rf.fc21eb1a2f48c90e1f15c6fdc85c6bd9.jpg,-2024-04-09-190757.png,6
d5fcf60ca70a905a53e0749a1e8d2974,80b3b37eb5f7baebc9e9e30e73ef637610910455c27a1a7369ea3893e4a2b621,True,valid,67,8c41814c-8_jpg.rf.a031bb15fd1e54e226b6b68179da1c4a.jpg,8c41814c-8.jpg,6
d61593bd151f8dff3f88cffa4e433ef5,7034549ec12793131d0eb0c277a317010365cac5790914d37ce0b665aecb6bf0,True,train,445,e327edd1-7_jpg.rf.22ac8b3b118903f727b90f9232d94a01.jpg,e327edd1-7_jpg,39
d6af24b86f4b0098b94469b87531044a,acc0583c0cbad48c63f3c6bb9152906f539fe7514c223557d152494d80a879e1,True,test,70,-_20230924182518_png_jpg.rf.d3df2f67205735aaf21a9af10e434815.jpg,-_20230924182518_png.jpg,5
d7c90b59d8f89753fcfa1a948452926c,fe08027838df84c5b81ae55f86a419bda7e2f34b9b751ca08432fac86fbbf8de,True,train,8,I-beam-price10_jpg.rf.597679280c24ec20ca25d1cda68b5140.jpg,I-beam-price10.jpg,5
d7f056c42f77865b8fc2f5406a4c8c83,2409a6e7a74635c902f3fdcb879456cd4d9d6dddfc2b002848ecd3dc3c50417f,True,train,39,-2024-04-08-175806_png.rf.875920a4a9a41c4819ac664a7aee77a7.jpg,-2024-04-08-175806.png,8
d85cbe85fbac821a1b63f1392af1a0d7,45dcd3b2922ed072cc9b92752a6622a3eb981c422cf3c8b4e8998e35d897e52a,True,train,55,og_jpg.rf.3cbcb2cfb5aebea7b3489514884d9ef3.jpg,og.jpg,62
d87774c5d7d189736936ab7160962d8a,0f3f46bf278366ac7d8ca7d2e9c91ad4556719c73ab5404c9eab9b61b6a928b7,True,train,596,0ccb3945-bf02-4c23-9328-0dd0bdca6a73_jpg.rf.e229891a19d290f1bea277bcced7627e.jpg,0ccb3945-bf02-4c23-9328-0dd0bdca6a73.jpg,0
d87843de01b85c46d76abd09c83115f2,f5a64bc12e98112663c38bd68f94b86e1fbb76e7876b9602b9987862f0ee866f,True,train,288,-2024-04-08-181441_png.rf.c2b7ed7a0c5c07cd0da8a222a44feabd.jpg,-2024-04-08-181441.png,5
d9744f09262ff6f229b67c3ecc752591,beb28f307a76c8cc8a93170b472227f967293b7030d8a74e9723889d2a6a5cb0,True,train,357,1107afa4-cb0c-43c4-a59c-5a82df35f3ca_jpg.rf.79eb2823eaaae5dea9cf22368aec8218.jpg,1107afa4-cb0c-43c4-a59c-5a82df35f3ca.jpg,36
d981e516b7aa48370cacdee0e6547a2e,b099ed7c4d5aee2ed073f399a7a440eb18ee5b96fbcdaa9dea732594a5c47b43,True,train,408,000038_jpg.rf.40e520c2a0123615710297e8e8fe64d3.jpg,000038.jpg,4
d98cd212ea11f896239079bd5754f7a9,d076339d0c2e80c0da094f24320aa64d16e0cc73ecac0bb7ded750219a35a4fb,True,valid,39,-_20230708190552_png_jpg.rf.36ff7a652105817425e2ee11fc7f00f4.jpg,-_20230708190552_png_jpg,2
d98cd212ea11f896239079bd5754f7a9,d076339d0c2e80c0da094f24320aa64d16e0cc73ecac0bb7ded750219a35a4fb,False,test,11,-_20230708190552_png_jpg.rf.9d2935a48d70ddb04403711070e10b24.jpg,-_20230708190552_png_jpg,2
d99a5c5b2e664c9afa6c5e7470243b9e,651aadd3babbd6c4c011184126c13e7d6f6981555184450c40cfa3d33ebe047b,True,train,144,-2024-04-08-181358_png.rf.3f4a03ea7a5b4daa4d7cd7c5ddeed9fe.jpg,-2024-04-08-181358.png,5
d9ba29fca4314eba4c53fe7fed020a59,e89dbf744473824fc4d04c956e667a0680da8223f0d6c6c443bfce57045c6754,True,train,451,-2024-04-08-180945_png_jpg.rf.6ee98e12c22ed507a3805c2ae8328afd.jpg,-2024-04-08-180945_png_jpg,10
da1fae6d10e868b6bc9aa436b56745f8,69affbf262c112fdfccb31e172fc4fa9f9bc9d47a122f4b35c7e030b59e23519,True,test,7,-2024-04-08-181441_png_jpg.rf.150cc9a27521c1c0da448e41a8794665.jpg,-2024-04-08-181441_png_jpg,5
da8fc255546a171a6e1d08ee0068a161,7175d4bbdb4226f503df6a8e21956a4958bf01f4cbb5edca9e3ccb93e3a08a83,True,valid,26,I-beam-price1_jpg.rf.eaacedbc7bbf9a519b45d28d6eaabbdd.jpg,I-beam-price1.jpg,1
dabae8f9369b1b91b5c4fb007d195979,c505312e50b74f6633886a5d8e4759c1a798ab8e40a4f5cafa6aa69e0d980c62,True,train,329,-2024-04-08-181030_png_jpg.rf.2b81c587697de4733331ce08419af006.jpg,-2024-04-08-181030_png_jpg,4
dbb9406d5c9400c8d20828f94494af8d,7f1a6c20fe93cae10c1eb6a6437c82f901ae27a3efc8cb968415b83df2f3dc2a,True,train,311,-2024-04-08-181047_png_jpg.rf.3c6c0fdc7466e09288721e2fc7caf374.jpg,-2024-04-08-181047_png_jpg,5
dc2767d34387298fe89f514686d8e1d5,234fcab4c7d10a06486dc2cd56aa49f979a62a04b8a0dece9a89a7cdf331427d,True,test,52,-2024-04-09-190611_png_jpg.rf.58cb835484fb675f511311f37c5c715d.jpg,-2024-04-09-190611_png_jpg,6
dc487d5f68910556654dd7b93229a041,c9d6bd231ac9f87f5dac6038c517908e27732d26c942e6e21ef353fe69cd9eb6,True,test,56,8c41814c-8_jpg.rf.e3b6379ab16d759ca3ab51aefaa0b600.jpg,8c41814c-8.jpg,17
dc7db100b191f4defc1f09f82358d98a,95a93f456d7f486f31febd64126b420e357fcc8aa732f7e02f4aa557fe960365,True,train,475,417_original_png_jpg.rf.81bf60587b55cd038fb3225066fd2b37.jpg,417_original_png_jpg,28
dc820c3c1254aef4c5fc0ccb3f78138a,1ce52edbe4099542c261460c2b98077b9b2f55f7ffd0b242f3a8b09101efd8b3,True,train,148,-2024-04-09-190700_png_jpg.rf.f535c04fea7e565239401c6d50836d4c.jpg,-2024-04-09-190700_png_jpg,5
dc99d1fae0b51e60b89d5fb9894f51db,314406d5c46ea6f623e77d8de5104c45309db125c638387b2ae2919839b0b22a,True,valid,60,steelbeam10_jpg.rf.777118bfbc445966d56c27138c350bcd.jpg,steelbeam10.jpg,21
dcd1ba4e7fc7c60827a59ff93ab6d179,5b461b5d02c611d6569705afb46e260f4c1a7a8cd0d7d8e4a2df43a8d9e684c2,True,train,238,417_original_png_jpg.rf.cdddc3074d4d75c73e66aa23bae1959f.jpg,417_original_png.jpg,15
dcdc1f863e0c52fedb8ff77b7a7b2cdc,5f473c184a528355a59073943ac14589234720cf6236b4981b8507b74b5bcea9,True,train,23,-_20230708190548_png.rf.ee64e00647d56f9be43677c2922672d2.jpg,-_20230708190548.png,3
dd23498edadd1753ec928bcd7e9652f3,c8cc2253cdf76814877a18ea4405e71bd516fb816111ef5842c2ff34da63cdb0,True,test,44,-2024-04-08-181319_png.rf.12931419c570d57312fcd9a9cdaffc1d.jpg,-2024-04-08-181319.png,5
ddba61aab6f1e72fe9a831b5aaa4accf,7258d30b738538f62294762ce74f93cb41897aaf14fe12a347d929547f8f394a,True,train,149,-2024-04-10-133445_png_jpg.rf.53a73bbe0372466c285d4cc115309572.jpg,-2024-04-10-133445_png_jpg,5
ddee51debd9a9e49d7a6585952769464,e4cc926dc13062f938c9daad51d24862b0771811bdbd8235fbcb6619f85cd97f,True,test,64,-2024-04-08-181319_png_jpg.rf.8c03c56abbfffa2917efc004481ce5eb.jpg,-2024-04-08-181319_png_jpg,5
ddf53d00fa87421d07ada067f5dda256,2cbba9db4f99761f29988b41647bc8c70361f44d172f6189e4f5c643760714e8,True,train,244,a7352af9-e798-48f7-b5fa-59d6b5a284ed_jpg.rf.cf37306441aebc25cfa92ead2cc056bf.jpg,a7352af9-e798-48f7-b5fa-59d6b5a284ed.jpg,264
ddff8578607aa6452de31a2e4f1f1f25,cb39deaa5157ef7115be7ab6778ac25e1b074db28254d5aa787641fa9d9dfd57,True,train,495,-_20230924182515_png.rf.1b08343aaeda58c2fb60530c54542afe.jpg,-_20230924182515.png,10
de56aaea2d3b7b50f534417db1cdc438,eacbd46c56612c830a329d0c752b84894e9ffc6638d01d9b6d84fd4b70f34062,True,train,468,-2024-04-08-181302_png.rf.1e51481a30065bd195d0f1c2094b3ba5.jpg,-2024-04-08-181302.png,4
de9b522fac932b9cd4e5a4f871c19380,8e7a43a5c2582e35794bf3b0827a656d5312a6be1127c90c3b665e3ee7efb64c,True,train,83,-2024-04-08-181047_png_jpg.rf.bdb4e1fd5362b82176868ed75c5b794f.jpg,-2024-04-08-181047_png_jpg,5
deeee88a115447644bed2e19da155a15,b41fa8da3ffd7c5451713be19092995c0bedc1bf0b19cb3280126445b07c3764,True,train,101,-2024-04-08-181226_png.rf.13a464ccf12a48fe2c921cff6fc58098.jpg,-2024-04-08-181226.png,1
def1ec85b7d333848ac6a080003bdd68,b189beabf0233e444ad0925e18b2a0aad56f38010abe3a7c3692d17be6293fc6,True,valid,40,26d68488-3f59-4d3e-8ba2-5f0207fee430_jpg.rf.017ebb52b55ef3cc457be45ad901e534.jpg,26d68488-3f59-4d3e-8ba2-5f0207fee430.jpg,0
dfa61a78b265aa2f9b9b7be1a068119d,da9c07ac81f8b759f822c577a6ac8e90f2181cc532cd66f2d61359cc4476eb05,True,valid,51,-_20230924182518_png_jpg.rf.c9b6a22ccaadf3a38daf3b73957e6c2b.jpg,-_20230924182518_png_jpg,5
e00582746009ad4c4e6f82253324953e,9195900e23bccc333d8856469876fe2cdf24986842ed26f559ab7688fd0ef999,True,train,284,-2024-04-09-190630_png_jpg.rf.c3bf2714ee972107d762b793e9a032de.jpg,-2024-04-09-190630_png_jpg,5
e0da1695c32b361b76fc9de1643ea610,ef9152244d21cb10603282b78d0a6e1b03b7236e7cf2aeb6374403b4e8f0e4f6,True,train,81,7d2b6e9a3a463279150b7312f8b3ec6_png_jpg.rf.0543bafa8392d2edc780b2317bb19004.jpg,7d2b6e9a3a463279150b7312f8b3ec6_png.jpg,9
e0e46a288b9cdfb4c1d004acb5e66148,94a6d4772bec1ee060d57dc4dbf7a141ce4e74516d9c802b1a889e67307c28e0,True,test,71,img_52_jpg.rf.a38d0c9924d96a9abf5a4cb9c659469c.jpg,img_52.jpg,3
e17ab9836806e83294e4315c1a71bba8,74d7351485b1de01ce47bf799ee81693d58f97bc06c659de1a48f5863baff4bd,True,train,294,-2024-04-08-181739_png_jpg.rf.2b441a20113e92f663c0815c292f01df.jpg,-2024-04-08-181739_png_jpg,5
e263b2e45e16ccff5cab79c1008115a8,a21569d7378f294fa37393372aa22990371e81cee045828edbbcb560212d516b,True,train,459,1a7a4d1b-14e9-4bea-8fe3-bf2a0960401e_jpg.rf.661896e6b63978603a073943ede18838.jpg,1a7a4d1b-14e9-4bea-8fe3-bf2a0960401e.jpg,238
e2b61375114864c47f22e7dfec68644a,1c4c5591ab11b59d5e1ebd384dd1173a63e4c48d5d089b7af1f61cc62b636fe7,True,train,120,-_20230820171912_png_jpg.rf.efe7e850aaa6934a85867d3d5a350a85.jpg,-_20230820171912_png_jpg,21
e2befa9af5c0f6b0ec1b941afd3bc003,596af2ce71f909e67b5699671d63f6107e8e3990595897bc7cb611a5807c0f98,True,train,579,4aedfa6ec53befe81c754afb6a00c59_png_jpg.rf.7ae315e496adb2981cc50c4b669b2251.jpg,4aedfa6ec53befe81c754afb6a00c59_png_jpg,18
e326ea61e4d93fedb385a0a7913f2da5,48f9a9f557c577441bc25ac7f29e619341e893b70e9e21fc8813f2e292e53db2,True,train,428,-2024-04-08-181435_png.rf.32822a468ee1a9cad768cb53e427d66b.jpg,-2024-04-08-181435.png,5
e3628eda193e78d4cbad9f12fefc4d4a,598d01d5fa19cc5f7147e53f17ddc817cefc63fc2a2dacf11c4a331bb6f6ff5c,True,train,516,-2024-04-08-181752_png.rf.ddf7148c820c5d3e0ef891b21f9f2fee.jpg,-2024-04-08-181752_png,5
e38afaf8fe5c3b611983bb4ebca5ffaa,ca7e938af91f2700c4fa453ec10bfed36fdeda5012a98985840c64636e6fa631,True,train,128,-2024-04-08-181235_png_jpg.rf.9d3f3006619309e02e9f83aab88c2641.jpg,-2024-04-08-181235_png_jpg,5
e3ef7bce2a18a075d0be53acf38d7ea3,96e963b90950e878b574d146daeedeced34891317b68b22ff316cce5b6c6b514,True,valid,58,-2024-04-08-181203_png_jpg.rf.9db26cc65203ae0970222c38df4c673d.jpg,-2024-04-08-181203_png_jpg,5
e51b68b9ab1025c8d2a6ad382c5c0a27,45a8b8e776ba1235a04d69d0bce250ed17c6b93c433409faeeceb6b77cab00f1,True,valid,20,-2024-04-08-181724_png_jpg.rf.affdcb467917e878f7e7bafeea12ae29.jpg,-2024-04-08-181724_png_jpg,4
e5a6da0e2e429a77565e557986677045,503a28700f1cc7c3c3f5bc5328c90c4a70002674e23308daa30defee339dc325,True,train,448,-2024-04-08-181353_png_jpg.rf.d170f97c9dc1887938b476c65080acef.jpg,-2024-04-08-181353_png.jpg,5
e69014125314c2b1f15d6681dbdaf06a,616654429414a382afc558838fee9adec00f4b9ee8c78e7580cedfd19f3b394b,True,test,73,-2024-04-08-181009_png.rf.3a07ff51bbf6c96236589601d55c87a0.jpg,-2024-04-08-181009.png,5
e6a7ecb922ba8971156e95e3a47edcf9,38150f64eea4dd759c4bb00996b298272637d6dd424e75e4e3ba6e30f5cc3181,True,train,582,-2024-04-09-190750_png.rf.6c92256f3747cb5a979bb019bc60b8a3.jpg,-2024-04-09-190750.png,6
e6b2f6673c128498b2592b4f9b4d2f68,9e62274d2c9efd25185a92b63271d9ea634c816598c87f3ee8446a6322f49205,True,train,560,c8902ef8e99e0a92d38e98ccb831d94_png_jpg.rf.3b3b8ab5f0282cc01e2a1b2ada4ec4ea.jpg,c8902ef8e99e0a92d38e98ccb831d94_png_jpg,10
e6bac127c0b30b4141e10795917abf53,a01c99b93dd884fe76093300c47f6512bb210f2d06798d287865ba0b35d0b608,True,train,184,000021_jpg.rf.4c6cd8f42de2467aaed85eb5bf001863.jpg,000021.jpg,1
e711bea8c56885d833dc31d35996ad35,8fe09f4704cd4d4d667d248a40555e331f3a67b685c79a6a82db95441d454092,True,train,592,-2024-04-08-181729_png_jpg.rf.d804788762a6143744fee34d92d41b6a.jpg,-2024-04-08-181729_png_jpg,4
e76523bf789fc8fe149d27ee2f0abb11,aed70d4d7a086f1e19d39fc3b5290b32116f32c45a1e728ebf05876824440848,True,train,496,417_original_png_jpg.rf.08207f1d9bcea170a478301919105160.jpg,417_original_png.jpg,5
e7a287bc40d32564dbabe1d06628be47,8010c700a0f80e6955b2ff8e6760c81f2bc8847b850d2168f9b17b13e8800b3b,True,valid,45,images-5-_jpg.rf.6be4d37b7c3e6a4b439fd7ff700ea185.jpg,images-5-_jpg,8
e7cad04f5972159275f3ec3ce7a810f7,84c8db7685b9186a8538a3b96c4ee12b7c2069286d3bb45f8cc4260463a2d3a5,True,train,22,-2024-04-08-181425_png_jpg.rf.719e1b4da48fac38160546103698becb.jpg,-2024-04-08-181425_png.jpg,5
e7fcf3c9ca12f0fc02a711777a250362,86645983c5638c821b3bbabdbcef458138f08c461f108589a072e54d0c60de7a,True,train,380,-_20230924182509_png.rf.877d47058f99c3941398045a48eef4da.jpg,-_20230924182509.png,5
e83a677113689cf4656de9a1e056e9a4,85a179da62a192e60bdbcd17d238393e4a146e45da88e9f8d8cb88f813afa5be,True,train,198,-_20230708190625_png_jpg.rf.13458bc4764c96204b8b07b87ee05357.jpg,-_20230708190625_png_jpg,6
e8831d978781b75e627921b893ead338,b6a8c4615b03314342d85f158535c1dd5435cb3d50b27a0fb669a27b9b026eb5,True,train,488,16c3ab3b-13_jpg.rf.a168a6a17dee698abe04e17b43ee64f4.jpg,16c3ab3b-13.jpg,30
e9031ecbed8709eecbbddf0d44fbff01,3b6b891f5bcc90ba79a898a70bc3e145e63a16c75d402dfd3ad49a89ac5251fb,True,train,188,a11e48597575f2867df096f0aff0f8c_png_jpg.rf.ec70ec63da14d02025d29b4b248257f8.jpg,a11e48597575f2867df096f0aff0f8c_png.jpg,10
e9386cc0b8f81e366198e634f34da05e,5e3e32f9f9b724e48a7363520257b4db61d5f3b2e34598a52275e4ffbbacaa2a,True,train,535,-2024-04-08-181441_png_jpg.rf.801f92c6be963e8127e4afa132fd4a00.jpg,-2024-04-08-181441_png_jpg,5
e97652917de702040e910b43d0dd0b6a,930347c35f9e8b1fbb3b65fcdf2efcd91ff2291b41884bb0d6656f2200b55b54,True,train,170,52a9972f9c6177ed93c9ee9718fb72a_png_jpg.rf.0d3d4c432f6cfd6ccb948b514a71b843.jpg,52a9972f9c6177ed93c9ee9718fb72a_png_jpg,10
e97be626b33c2aa45460030a8e0d1370,d49fce102bf3bf7f7711287c1eb2a75acad8538c0a5a9086368aeacf623fdc4d,True,train,417,-_20230924182515_png_jpg.rf.5bab1aed2aad4536ef377b1d5af9910c.jpg,-_20230924182515_png_jpg,10
e9d3ee5b94f16bad2c35c6611b1fca5d,d4a873ab7c8d68f93c26d443578549f6e4786f722ad661ba3b78e58337aa042c,True,train,407,16c3ab3b-13_jpg.rf.9c575eef196c620a106dfcf4d9545dee.jpg,16c3ab3b-13.jpg,24
ea52ff53800b048a9992b0b4d7478a2f,aef3f222b1a4be198260bc5d82235619bc67a51795963b68dc8d21cfe7965a1e,True,train,150,8c41814c-8_jpg.rf.2b602907bc05b2148f6eba84f1c27012.jpg,8c41814c-8.jpg,29
ea7daeb6ad3561829e11b21e3a12256b,0223ba5263bad4e03ecf5ec82b99bdda5b0e243b4a961329b822b76ba6324d09,True,train,145,-_20230708190548_png_jpg.rf.72a196d5bda763cfdc965898574feb87.jpg,-_20230708190548_png_jpg,3
ea7daeb6ad3561829e11b21e3a12256b,0223ba5263bad4e03ecf5ec82b99bdda5b0e243b4a961329b822b76ba6324d09,False,train,261,-_20230708190548_png_jpg.rf.18c61ecb68d48430670ecb60426a92ca.jpg,-_20230708190548_png_jpg,3
eb1c6a6377f4d6f0304007f100230fe4,0a4091f98b8340b3171ea750d9a48a554d2a091d88a4d15ba33ad40f35a97258,True,train,316,-2024-04-08-180117_png_jpg.rf.09ac9070b450215b431f7d459e6db54e.jpg,-2024-04-08-180117_png.jpg,3
eb8ee976c1a32397c308bb696fcf6fd7,059dee75339e1d35b5b263d129909aaafaf9a5b56c57806755e6b1aedd669d8e,True,test,43,5aeda55e-e86e-4770-94a6-a8d9f22712e0_jpg.rf.604b9e49e807af7f3aa998c3d050d796.jpg,5aeda55e-e86e-4770-94a6-a8d9f22712e0.jpg,91
ebb6b6da07583bbf3279f6a4cb152836,3159f23fbf566d01e0329902dee219e34d685c8ef914c7442692735cffc09d40,True,train,530,-_20230708190558_png_jpg.rf.1268ae690a2c2089cfea25a99042cc38.jpg,-_20230708190558_png_jpg,20
ebeec76830a802208999367e0f6e5320,5f91a325abda2445d19027dd124ef3f69af8d643568f518423b7d97870925bbe,True,train,90,55f2e3dcaca58008c38d3de88bfed5a_png_jpg.rf.c07a04cf9b94038fc6d3b7cac5b48756.jpg,55f2e3dcaca58008c38d3de88bfed5a_png.jpg,20
ec99047e1e14c4586d16de6920ce8ff8,024389d9ee9ba69c6f35a9fbf06d7d0ebeb1e00bf4d8930d0d372c6523e3ca00,True,test,26,139164d9-2ca0-4ab8-b0c4-593cea19ab1b_jpg.rf.49831ee18cea6b0cc362162025aee364.jpg,139164d9-2ca0-4ab8-b0c4-593cea19ab1b.jpg,214
ecc0ec8b2b800adf6d6059a824d18139,a987f78c94d05e5270f815fbf586f3b9c248f4ad33540ac267e14c18d89c8acc,True,train,300,-_20240404161218_png_jpg.rf.f97f543efe85b6505114a1324d50f485.jpg,-_20240404161218_png.jpg,7
ecd5b5b350adc6f6f03a0c683fb4b677,1544665771cfb2297382145cfbb476e7cef6118632b76f85b810b9f31782d961,True,train,79,Besi-T-Beam_jpg.rf.39683d5390536efcebac066ab91a8485.jpg,Besi-T-Beam_jpg,17
ed0fe4480628948bb402236a09a0394b,f7f9b50b6901349be3a7fcaa028c56f696b0ab2fd98a146474efad6f351d9600,True,train,245,417_original_png_jpg.rf.46cae3fa462e1ca1fa76d899de14054a.jpg,417_original_png.jpg,22
ed5cc2c52d2b9f1d9d3a1f31732a0590,09e24a82ca0aacb86c3d7e56a22fe2eb3ea0538e9ec217ab830e1cd7a9d9d032,True,valid,42,-2024-04-08-181616_png_jpg.rf.254c85582e2a6e68fe08365bdd19fb56.jpg,-2024-04-08-181616_png_jpg,8
ed98f0f96f236f7ebd5903f83cb8c35c,dcbd5b625a86435333c9e261cee3999ae4747eb1b0629e01ea6e10eb6ea5db4d,True,train,432,-2024-04-10-133618_png_jpg.rf.dd2e356eb453837884939b1e64fce6bf.jpg,-2024-04-10-133618_png_jpg,4
eeb9a8f1edcd1380828d136854bd58f9,4ecda44121dce91a55fb2b6bb8caf3e733763993b121c1550a2dba2ad42f81b7,True,train,505,img_121_jpg.rf.e47ea0e725267fc8e5190c82ea003b3b.jpg,img_121.jpg,5
eed1dfb97077881a5c26c7a51548b3c4,51c7259e775ee718dea038ed0c9e88dd8b5449d5ed2458cb94f5331efd4c3fd3,True,train,232,images_jpg.rf.95c83fd0842911da7ccf80cc37707354.jpg,images_jpg,5
eedad3386850a0c0866a225856e6ee63,7a71535e68ecbbff8ae7ea54aaa402683a7e126eac8619504b8acc68f23b9c20,True,train,334,-_20240404161141_png_jpg.rf.d8683f58c09c13b704cf546b06c7b0fd.jpg,-_20240404161141_png_jpg,7
ef992107f4c16cd68c11e3698894ef43,696c1dedacfd97b0c21c9f62dc296e003acf72948413f173c3e92901b8766a90,True,train,61,-2024-04-09-190707_png_jpg.rf.a237e7a59912311ef1f0c805bff2fa10.jpg,-2024-04-09-190707_png_jpg,6
efca0212e79e39906414584d32e5c9ac,78887446c7533c8e4057c777b962941e9d6cdd9969d8dfc6b303f672b799cfd9,True,test,60,eb43f681d886ca1a7f144046469daf0_png.rf.e7b4f2b4e84b8506c5a198460ea87421.jpg,eb43f681d886ca1a7f144046469daf0.png,5
f0089718ea585e81f4472dce61d19e14,121f52e374606d6ee08d0593895eaf0908abce4c4c39c20016beb5fedb38e699,True,valid,68,-2024-04-08-181435_png_jpg.rf.7b3d6050ec19e955b0fef3fe88d13f36.jpg,-2024-04-08-181435_png_jpg,5
f0e9121b28830dd558ad6d9fe6144d65,2fdbd7b0ed02fbfbdbdf6a37b5b24e1e661818798a53dfb284e2300265882af3,True,train,293,103f559751e75f575b7101078f8b0fa_png.rf.2c5a94b1bc0da68d8c1ab37082e77268.jpg,103f559751e75f575b7101078f8b0fa.png,19
f1173a717de2985d91c492bd675cc920,1bbadea85f3ce97f8d82a82af5f39426c7618ecad57ffe92a1507212ac736610,True,train,4,aefc528c-6ee9-4f61-81f9-c945f58343dd_jpg.rf.1c66c484a1e0bc1f8552c5824a2303eb.jpg,aefc528c-6ee9-4f61-81f9-c945f58343dd.jpg,45
f14ab241db110fd36dfd90f744e9f01a,368e3867f4c11e84cd840f3078ab214f3ee3d6286610be40a168bc15f2fa1e3a,True,train,171,-2024-04-08-181001_png.rf.9cdaf6d66ead511a0e255b68302f0cd7.jpg,-2024-04-08-181001_png,10
f1525b680075774f5cbef1cde935be5e,0490694e9308364bd7959fa7d6f4e9a0bef0e7b60c8723d1670dea841cfb27ca,True,train,247,Welded-Steel-Section-with-T-Shape_jpg.rf.593fce1ea71049229a70b010ef82cd0d.jpg,Welded-Steel-Section-with-T-Shape_jpg,13
f17ded181375649362caafb5ed132a70,621b253b038c5290716a2e8788d18b54307cc23ebc9fb6a56dcec3591257f6f1,True,valid,16,-2024-04-10-132218_png.rf.46e42a71a7ef5b5ce24c9df792a134d3.jpg,-2024-04-10-132218.png,5
f2a75163fbc411eea1e089e20fe7ce20,05dead57badd3caa964818e731d05df72cbe602dcc8a49b71e397fb500289f85,True,train,597,-2024-04-08-181056_png_jpg.rf.35681144bfff5aeb7320bdad01e57b7a.jpg,-2024-04-08-181056_png_jpg,3
f2c31bf8e80e764d79a49c201601b841,2960fb2e56f09ab95090a8600d35c70c31f9eb90c14a5a4bf16dc986d3b782aa,True,train,410,d01bdd40-12_jpg.rf.d0e5d4d2ca2f93ea4da4f4a904773205.jpg,d01bdd40-12_jpg,40
f2f32f6114b4fea0ae99e68511a469dc,342efef45d8b8524b76f791c1ebf369f87d9a4fa1d25ffab91c1c12b88bf1809,True,train,203,0f4060d50c39f101b100626f93d1f04_png_jpg.rf.5d31260512acc314387651c79d8b78ae.jpg,0f4060d50c39f101b100626f93d1f04_png_jpg,10
f2f84e0584dfa5e014b85cbfd66e0061,4625c7a84378dec120a376dd6402313610ef3d1f93fb81bd788e3b360fa7b1d0,True,train,194,xc066iwm_png_jpg.rf.3810a39784c3af3cac88cf95e480081f.jpg,xc066iwm_png_jpg,8
f2f9fbaea2e9ea3b6ffbdf637f791584,2690dfb26ea7ddee612013373b8619b987283d2194311fd911ba8c0d6e8c81f0,True,train,95,-2024-04-09-190750_png_jpg.rf.ade8f284a70d28f9ac5cf242b0c208ef.jpg,-2024-04-09-190750_png_jpg,6
f344e65c432c8e17966204bbe5d176dc,1640cf7b1b9aa62c497ecab152f0dc37d8792897570a5360512cfb09e4540db9,True,train,338,-_20230924182506_png_jpg.rf.57d1997ec6a79e3710bba77ef27c0dc4.jpg,-_20230924182506_png.jpg,5
f37488104ab2edbb5cfc57422379d29f,ceedf9f1bd79e1828120d90839b4b27470943f8618199e63fab13160f2bf58d8,True,train,379,7f954053-8e72-4556-82a9-809ff3810fb1_jpg.rf.c1fbf7b09ec222d0cf83bee9f0330a7c.jpg,7f954053-8e72-4556-82a9-809ff3810fb1.jpg,273
f3c0ec40bc06789bf3da9149278fd65c,354a35c842c63185f7c917e283e864db44227ff7e78f614bc2408c729109459c,True,train,17,-2024-04-09-190738_png.rf.c09906c7700a7eba725d518f744ffd98.jpg,-2024-04-09-190738.png,5
f3ef37976afa555c34fe5f19d3362959,e549b9aa867bead2d69ac5a1dab7859ce48934a97ab0415f1655de176e7328c0,True,test,49,xc066iwm_png_jpg.rf.e5424ab4147772bdfd1814305eab7aad.jpg,xc066iwm_png.jpg,8
f443ea8e88f5def8c833366dde10ec1e,c340ced54cf7942fb5cf6b8ff15bce0cf9a0379b170eef7ac5c411e77e3a6ecf,True,train,163,d01bdd40-12_jpg.rf.4cbaf9c81f28ace37ebe172b9e579f91.jpg,d01bdd40-12.jpg,32
f46a7a09592f8fc50f2c2f864857032c,57602badd2c67cb76e0a7e19bed36d0f620e60217be93a02165693ffcc47fd76,True,train,1,8c41814c-8_jpg.rf.e9c87a0df378fd8f2d003e10f77e87fa.jpg,8c41814c-8.jpg,6
f4c8981e8312f072151615eb0365ca83,4279e0e09ac5183271e1926cd1a7c7c5a34c066d39b22a09aa9cb56ab982297c,True,test,61,-_20230820171912_png_jpg.rf.898bdbf0bb92ff8dc17345b132f9089b.jpg,-_20230820171912_png_jpg,23
f4d34199e906ff7f9c1ee278a83552da,cfe351700d9011bc988ae173cc0b5537e4cf2bc9e086f0a29a1d41fcb074abf7,True,train,443,759f370d-c956-46cf-aa38-c9d6059b855d_jpg.rf.2e5b299d4bb8e19f54717d4d0398dddc.jpg,759f370d-c956-46cf-aa38-c9d6059b855d.jpg,0
f5ecf21fbe8e518b01c2b96586faaefa,5b108fa0df830313bd72b639337c433e2822c1b65924eb4a404120c446dc0176,True,train,211,I-beam-price17_jpg.rf.ef81d28aef5aeb72834ff7e94b13d41d.jpg,I-beam-price17.jpg,1
f633f78cc80585a17225f69abeacd80d,b632bc453de4c8885e628bba648b4ca0f4e06add8a680568e1c50fa1b78cda32,True,valid,28,-_20230708190625_png_jpg.rf.bcee4afa3cb746ad674cf0732a76be3f.jpg,-_20230708190625_png.jpg,1
f6b80de1b5d44f4a6d8c9576fee3ba32,8f1f04af63e66b0f22392aba962993d070198f29fba951bee8a0cda4a78e3989,True,train,100,images-5-_jpg.rf.a0a124434fa6c1d53c08dda021d1805d.jpg,images-5-.jpg,8
f6e1781d37e8f0fe1978f205ef7470ed,7a2254bd9aaa838540c54b8c2eff43a9183b34dac439e5cbffcff35c1c5aa483,True,train,159,d2e9bf12-6da6-49ed-89c2-e7a31326df59_png.rf.a550c8ba5ec2210b70a9acb5743597c7.jpg,d2e9bf12-6da6-49ed-89c2-e7a31326df59.png,3
f6e57a5c9fa914cdd4ebaa009549a770,b5d322e7c5521c41d52aecd4583eeb28ac68f6e9fca2f1ec55769b59211f0dd4,True,train,351,-2024-04-08-181107_png_jpg.rf.6c80f4585c613d3002f9c73dbd97c186.jpg,-2024-04-08-181107_png_jpg,6
f78ecdde972c57542b4dbff3a6b1578a,837971526f3b7a67ad2a6a8634a8495fb83d7e20eedd470e8778c4d778e34b8a,True,train,568,-2024-04-08-181539_png_jpg.rf.a7218f4fac655caf00306dd0d9994cbc.jpg,-2024-04-08-181539_png_jpg,3
f7e5c0a5011189aa0b81aed2a4bf3f4d,fd98503966bcad33aa106eb80385670f45a86da82a6eeac38cd9501376aff34d,True,train,269,-2024-04-08-181147_png.rf.0e4ec1d40a86c594375aef36870d4296.jpg,-2024-04-08-181147.png,11
f85d2be5a44676854918d37e30367db4,1a923c4f0a9de52e91725d410d66871a128c23a469cdfcb7d021b0fedad1c961,True,test,28,59041c11-42aa-4be6-8cec-333e68075cfe_jpg.rf.6e3eb7ad12aee51d1d15a35a90bee374.jpg,59041c11-42aa-4be6-8cec-333e68075cfe.jpg,221
f91b3561ec3327b45fc9631392a87831,2d87e9858cbbd31eda34cd1e4e1aea34099165f8a8fc47f4c15d819ea23bc02d,True,train,374,-_20230924182429_png_jpg.rf.edc3aac68a856d037eefca73f593b9a0.jpg,-_20230924182429_png.jpg,3
f9433bcaf2293ddea3ea7fafc546963b,f173d916c9e0e00ee20d10a9e997131cb5ba8c46239a444a48b71a9a99cf9909,True,train,353,923a108f41cc108b080c4fe180deb58_png_jpg.rf.a81550adec964253c169a6d5db2c3f50.jpg,923a108f41cc108b080c4fe180deb58_png_jpg,10
f9499e9d90ea29ad77311ac1340f9cba,6dd3ea1f3b742c31f3e61631fc876275a1eaf13a9b47ecb71b5d4d7e60a82dbe,True,train,328,fe395024-27_jpg.rf.3ced22535125c84c26941d9668c4a16b.jpg,fe395024-27.jpg,20
f9628e79bbc41be3a2f91258e845b4d1,450f8d24537273a3a59ac9b3e23ee189dde60c58ad7a7becf6ccc386b4f6e83c,True,test,66,-2024-04-09-190957_png_jpg.rf.335c350386ebef41ec976a75dad19a0f.jpg,-2024-04-09-190957_png_jpg,14
f9c774958c9bc61edaf8c5e031d6fd2e,828f32bbc29cd633215574bcb88a5fdd921fa44311a5383003d10a1eb7c519d8,True,train,461,6c04c28e-cc96-43cc-9e1f-b2d0d0c7c5ee_jpg.rf.b4545c1d55bae708baecf0ccf72d548a.jpg,6c04c28e-cc96-43cc-9e1f-b2d0d0c7c5ee.jpg,421
f9dc7df3698d2248cbc880798cc7ea91,dd8c3a9a70ab0a3301aa966eb750b6d15d9c0795820847cdcc124c56b5f2fc7e,True,train,359,-2024-04-08-181358_png_jpg.rf.4eac3328d9f9e35dc676387942ecbd92.jpg,-2024-04-08-181358_png.jpg,5
f9e47396696c0c9c8260c0b772878c91,8495c3c3ef6e8c64835933a483f3f452d33a51aa073ea64d01d7dec7decf7d4c,True,train,253,-2024-04-08-181319_png_jpg.rf.f1e09127a70e74f3d10276b2a9f04b8c.jpg,-2024-04-08-181319_png_jpg,7
fa24dacda390f0523468fb7f0783b7de,fdcf352e88681a2412879d3026ba35af25037e027a46f60383a38465a20efd92,True,valid,22,-2024-04-08-181342_png_jpg.rf.853eae23b04d884530433cf47f8cb57c.jpg,-2024-04-08-181342_png.jpg,5
fae2721d4469985f284e51a5da52d1e6,c6fcb980fdbb563b2084b5413d490ded3ffbe04351abe1dfda78db4cabd29b84,True,valid,29,d2e9bf12-6da6-49ed-89c2-e7a31326df59_png.rf.448ec7f9a8d0e71e9f3fbba05883a29a.jpg,d2e9bf12-6da6-49ed-89c2-e7a31326df59_png,3
faf41ffc845a934371627ac4c6ca09a4,db65676e1a7449581bae8413f3f629d62e0504b2fd062766820834b7787ac964,True,train,406,-2024-04-08-181153_png.rf.24e4feee08623c69a04f5ad85667e414.jpg,-2024-04-08-181153.png,10
fb43e74e8e85f1f1178a6a73805fe942,e2d0d90049a74d93653f72b9daadb60d29ca362a156e6fea90e3d99f5cc3df08,False,train,527,-_20230708190625_png_jpg.rf.f5443b1feac6cc230b4f590bff29f68e.jpg,-_20230708190625_png_jpg,7
fb43e74e8e85f1f1178a6a73805fe942,e2d0d90049a74d93653f72b9daadb60d29ca362a156e6fea90e3d99f5cc3df08,True,valid,10,-_20230708190625_png_jpg.rf.857d0a4cf6464768f4c15ad45c75c7dc.jpg,-_20230708190625_png_jpg,13
fbdd378811744a9b04dfd09c23568390,b29a722fa46ae5afdc9699361f9fee23df136c3aa2ece552fb38c67f8585d23c,True,train,580,d01bdd40-12_jpg.rf.ca4c1f14be118ae7b6188389dc2b1973.jpg,d01bdd40-12.jpg,23
fc5c5395615ad8cdc19460a7962e0e20,7c5f01689a1725745faabc2b481800fbfc49895907e9416239da16038685a6e5,True,train,595,-2024-04-08-181746_png.rf.bd68283685d95223b4c83a622ccf610b.jpg,-2024-04-08-181746_png,5
fd1f40da548809251749f99beadf5062,f885d93681774cef36431e2b77f2dd76c4bbb5825963080b26a6fc71aab4625d,True,valid,32,-2024-04-09-190738_png_jpg.rf.cca162dddf686d0e094a10aee335ef0c.jpg,-2024-04-09-190738_png_jpg,5
fd52c1bb45af78efaa0a4eaa587c9482,9936ef6950bd3c375b462a0b81eea7364bc76737bedd8b82fb4bacdcaa535d83,True,test,48,-2024-04-10-131727_png_jpg.rf.e143c0028457eda042904f9a6713614a.jpg,-2024-04-10-131727_png_jpg,6
fdf12f4ddda514d0248dbf6d057de168,671bc0bd386cf5ec2ab539bfed2bf39590d3cdef48eda2a7fbb29fea88743595,True,train,387,-2024-04-10-132132_png_jpg.rf.1374b99cb78602c02630d818aefae7f2.jpg,-2024-04-10-132132_png_jpg,8
fe0284973fddbb1984cb9a7cbf2b25bc,faade60f2aa653e48cabf0db7633670223797db4c840243e97b34f8ee5bac784,True,train,540,-2024-04-10-133618_png_jpg.rf.4bdf79ca6c172157b736ee1b319f8a65.jpg,-2024-04-10-133618_png.jpg,4
fe468f530482a1dc2d0f81f104885f8f,845124131d7834f5662ec4b38fa37f739c62c63e6c8e66c47ef0c1beb20c3c86,True,train,183,-2024-04-08-181446_png_jpg.rf.450d5051125993c0c441f48cce50eb42.jpg,-2024-04-08-181446_png_jpg,4
fe66e2631cb1696013c87fdf551797ef,3bc40f2e970ecac55a52bb6db43c262ed887adf3183d45e6fa62427836784757,True,train,386,steelbeam21_jpg.rf.a613dfda4420452a7d00b7622874be94.jpg,steelbeam21.jpg,4
feba5ba52554f8d0af2da52bb544ffdc,591651d9447759c2a21c7d9f10bb38e80a7dfc142e226e67aa8d29c2ce09efde,True,train,164,xc066iwm_png_jpg.rf.cd54bbef786efe602bb0c831ce1391f6.jpg,xc066iwm_png_jpg,8
ffc6a1893ae61e25e6eeffcde37bc80c,aa9f98dc06a390289a5f8d5528e29b3cc693dce287f2848fcceebade98242275,True,train,498,-2024-04-08-181446_png_jpg.rf.9338f621fa7e9cbe5bb71bd2ae431583.jpg,-2024-04-08-181446_png.jpg,5
