split,image_id,file_name,annotation_id,class_id,class_name,keypoint,keypoint_name,issue,x,y,visibility,image_width,image_height,bbox,source_group
train,6,000006.jpg,7867,1,T-beam,4,new-point-3,out_of_image_and_out_of_bbox,446.667,643.333,2,640,640,"[313.33, 510, 140.83, 130]",Besi-T-Beam.jpg
train,6,000006.jpg,7875,1,T-beam,2,new-point-1,out_of_image,640,255.754,2,640,640,"[466.15, 228.62, 173.85, 173.56]",Besi-T-Beam.jpg
train,6,000006.jpg,7877,1,T-beam,4,new-point-3,out_of_image,547.725,640,2,640,640,"[440.93, 532.29, 140.83, 107.71]",Besi-T-Beam.jpg
train,6,000006.jpg,7878,1,T-beam,3,new-point-2,out_of_image,50.705,640,2,640,640,"[0, 537, 172, 103]",Besi-T-Beam.jpg
train,6,000006.jpg,7879,1,T-beam,3,new-point-2,out_of_image,166.602,640,2,640,640,"[157.69, 533.86, 142.65, 106.14]",Besi-T-Beam.jpg
train,11,000011.jpg,4141,3,Angle Bar,1,new-point-0,out_of_image_and_out_of_bbox,95.152,-0.712,2,640,640,"[78.54, 0, 94.58, 236.47]",8c41814c-8_jpg
train,11,000011.jpg,4141,3,Angle Bar,3,new-point-3,out_of_image_and_out_of_bbox,209.125,-77.177,2,640,640,"[78.54, 0, 94.58, 236.47]",8c41814c-8_jpg
train,11,000011.jpg,4142,3,Angle Bar,3,new-point-3,out_of_image_and_out_of_bbox,234.851,-70.538,2,640,640,"[104.27, 0, 94.58, 243.1]",8c41814c-8_jpg
train,11,000011.jpg,4143,3,Angle Bar,3,new-point-3,out_of_image_and_out_of_bbox,254.768,-64.729,2,640,640,"[129.17, 0, 89.6, 248.91]",8c41814c-8_jpg
train,11,000011.jpg,4144,3,Angle Bar,3,new-point-3,out_of_image_and_out_of_bbox,285.473,-50.622,2,640,640,"[154.89, 0, 93.75, 238.13]",8c41814c-8_jpg
train,11,000011.jpg,4145,3,Angle Bar,3,new-point-3,out_of_image_and_out_of_bbox,322.817,-50.622,2,640,640,"[192.24, 0, 72.17, 199.12]",8c41814c-8_jpg
train,11,000011.jpg,4147,3,Angle Bar,1,new-point-0,out_of_bbox,30.715,610.289,2,640,640,"[79.67, 556.23, 83.79, 39.79]",8c41814c-8_jpg
train,11,000011.jpg,4147,3,Angle Bar,2,new-point-1,out_of_image_and_out_of_bbox,104.855,721.238,2,640,640,"[79.67, 556.23, 83.79, 39.79]",8c41814c-8_jpg
train,11,000011.jpg,4148,3,Angle Bar,1,new-point-0,out_of_bbox,35.694,592.032,2,640,640,"[51.45, 537.97, 116.99, 50.58]",8c41814c-8_jpg
train,11,000011.jpg,4148,3,Angle Bar,2,new-point-1,out_of_image_and_out_of_bbox,109.835,702.981,2,640,640,"[51.45, 537.97, 116.99, 50.58]",8c41814c-8_jpg
train,11,000011.jpg,4149,3,Angle Bar,2,new-point-1,out_of_image_and_out_of_bbox,104.855,685.554,2,640,640,"[28.22, 520.55, 135.24, 57.21]",8c41814c-8_jpg
train,11,000011.jpg,4150,3,Angle Bar,2,new-point-1,out_of_image_and_out_of_bbox,76.64,677.255,2,640,640,"[0, 512.25, 135.24, 57.21]",8c41814c-8_jpg
train,11,000011.jpg,4151,3,Angle Bar,1,new-point-0,out_of_bbox,144.114,220.996,1,640,640,"[170.66, 286.44, 53.09, 51.41]",8c41814c-8_jpg
train,11,000011.jpg,4151,3,Angle Bar,3,new-point-3,out_of_bbox,263.067,177.591,1,640,640,"[170.66, 286.44, 53.09, 51.41]",8c41814c-8_jpg
train,11,000011.jpg,4152,3,Angle Bar,1,new-point-0,out_of_bbox,136.645,241.743,1,640,640,"[141.61, 278.97, 74.66, 79.62]",8c41814c-8_jpg
train,11,000011.jpg,4152,3,Angle Bar,3,new-point-3,out_of_bbox,255.598,198.337,1,640,640,"[141.61, 278.97, 74.66, 79.62]",8c41814c-8_jpg
train,11,000011.jpg,4153,3,Angle Bar,1,new-point-0,out_of_bbox,105.94,230.124,1,640,640,"[121.7, 273.16, 63.87, 73.81]",8c41814c-8_jpg
train,11,000011.jpg,4153,3,Angle Bar,3,new-point-3,out_of_bbox,224.893,186.719,1,640,640,"[121.7, 273.16, 63.87, 73.81]",8c41814c-8_jpg
train,11,000011.jpg,4158,3,Angle Bar,1,new-point-0,out_of_bbox,77.725,222.656,1,640,640,"[93.48, 265.69, 63.87, 73.81]",8c41814c-8_jpg
train,11,000011.jpg,4158,3,Angle Bar,3,new-point-3,out_of_bbox,196.678,179.25,1,640,640,"[93.48, 265.69, 63.87, 73.81]",8c41814c-8_jpg
train,11,000011.jpg,4160,3,Angle Bar,2,new-point-1,out_of_image,512.856,640,2,640,640,"[453.58, 511.9, 144.77, 128.1]",8c41814c-8_jpg
train,11,000011.jpg,4160,3,Angle Bar,3,new-point-3,out_of_bbox,599.991,523.644,2,640,640,"[453.58, 511.9, 144.77, 128.1]",8c41814c-8_jpg
train,11,000011.jpg,4161,3,Angle Bar,2,new-point-1,out_of_image,493.723,640,2,640,640,"[431.14, 496.54, 169.57, 143.46]",8c41814c-8_jpg
train,11,000011.jpg,4162,3,Angle Bar,2,new-point-1,out_of_image_and_out_of_bbox,481.123,651.812,2,640,640,"[402.79, 477.64, 190.83, 126.3]",8c41814c-8_jpg
train,11,000011.jpg,4163,3,Angle Bar,2,new-point-1,out_of_image_and_out_of_bbox,457.5,640,2,640,640,"[379.17, 465.83, 190.83, 170]",8c41814c-8_jpg
train,12,000012.jpg,74,1,T-beam,4,new-point-3,out_of_bbox,223.333,224.167,2,640,640,"[149.17, 224.17, 172.5, 183.33]",2b13b33baf8efae5a7c98d265a29d9b_png_jpg
train,14,000014.jpg,7646,2,HI-Beam,2,new-point-1,out_of_image,303.55,500,2,500,500,"[23.13, 170.2, 305.45, 329.8]",img_71.jpg
train,16,000016.jpg,11376,1,T-beam,2,new-point-1,out_of_image,162.062,640,2,640,640,"[127.32, 385.25, 160.44, 254.75]",63425d5759c4599a8fe3dca4673630a_png_jpg
train,16,000016.jpg,11383,1,T-beam,4,new-point-3,out_of_bbox,514.392,121.602,2,640,640,"[491.74, 122.6, 127.93, 213.89]",63425d5759c4599a8fe3dca4673630a_png_jpg
train,17,000017.jpg,140,1,T-beam,4,new-point-3,out_of_bbox,154.4,315.2,2,500,667,"[140.9, 315.7, 28.9, 38.2]",steelbeam148.jpg
train,17,000017.jpg,150,1,T-beam,4,new-point-3,out_of_bbox,223.3,273.4,2,500,667,"[209.3, 273.9, 30, 37.3]",steelbeam148.jpg
train,17,000017.jpg,166,1,T-beam,4,new-point-3,out_of_bbox,243.793,349.987,2,500,667,"[231.82, 349.99, 27.68, 38.52]",steelbeam148.jpg
train,17,000017.jpg,167,1,T-beam,4,new-point-3,out_of_bbox,264.806,352.247,2,500,667,"[251.81, 352.25, 28.24, 37.51]",steelbeam148.jpg
train,17,000017.jpg,200,1,T-beam,4,new-point-3,out_of_bbox,109.066,397.138,2,500,667,"[96.31, 397.14, 27.93, 35.51]",steelbeam148.jpg
train,18,000018.jpg,8085,3,Angle Bar,1,new-point-0,out_of_image_and_out_of_bbox,-85,306.667,2,640,640,"[0, 74.17, 168.33, 386.67]",417_original_png_jpg
train,18,000018.jpg,8090,3,Angle Bar,3,new-point-3,out_of_image_and_out_of_bbox,255.833,785.833,1,640,640,"[69.17, 544.17, 100.83, 95.83]",417_original_png_jpg
train,18,000018.jpg,8091,3,Angle Bar,3,new-point-3,out_of_image_and_out_of_bbox,231.667,785.833,1,640,640,"[45, 544.17, 100.83, 95.83]",417_original_png_jpg
train,18,000018.jpg,8092,3,Angle Bar,3,new-point-3,out_of_image_and_out_of_bbox,207.5,785.833,1,640,640,"[20.83, 544.17, 100.83, 95.83]",417_original_png_jpg
train,18,000018.jpg,8093,3,Angle Bar,3,new-point-3,out_of_image_and_out_of_bbox,186.667,783.333,1,640,640,"[0, 541.67, 100.83, 98.33]",417_original_png_jpg
train,18,000018.jpg,8094,3,Angle Bar,1,new-point-0,out_of_image_and_out_of_bbox,-15,618.333,2,640,640,"[0, 541.67, 85, 98.33]",417_original_png_jpg
train,18,000018.jpg,8094,3,Angle Bar,3,new-point-3,out_of_image_and_out_of_bbox,160.833,783.333,1,640,640,"[0, 541.67, 85, 98.33]",417_original_png_jpg
train,18,000018.jpg,8095,3,Angle Bar,3,new-point-3,out_of_bbox,162.5,416.667,1,640,640,"[64.17, 448.33, 100.83, 95.83]",417_original_png_jpg
train,18,000018.jpg,8096,3,Angle Bar,3,new-point-3,out_of_bbox,133.333,414.167,1,640,640,"[35, 445.83, 100.83, 95.83]",417_original_png_jpg
train,18,000018.jpg,8097,3,Angle Bar,3,new-point-3,out_of_bbox,111.667,417.5,1,640,640,"[13.33, 449.17, 100.83, 95.83]",417_original_png_jpg
train,18,000018.jpg,8098,3,Angle Bar,1,new-point-0,out_of_image_and_out_of_bbox,-1.667,466.667,2,640,640,"[0, 461, 88, 82]",417_original_png_jpg
train,18,000018.jpg,8098,3,Angle Bar,3,new-point-3,out_of_bbox,85.833,415.833,1,640,640,"[0, 461, 88, 82]",417_original_png_jpg
train,18,000018.jpg,8102,3,Angle Bar,1,new-point-0,out_of_image_and_out_of_bbox,692.832,308.568,2,640,640,"[551, 215, 89, 188]",417_original_png_jpg
train,18,000018.jpg,8103,3,Angle Bar,2,new-point-1,out_of_bbox,413.213,83.179,2,640,640,"[414.31, 71.55, 90.07, 144.22]",417_original_png_jpg
train,18,000018.jpg,8104,3,Angle Bar,2,new-point-1,out_of_bbox,415.002,26.832,2,640,640,"[415.21, 8.05, 158.04, 233.66]",417_original_png_jpg
train,18,000018.jpg,8105,3,Angle Bar,2,new-point-1,out_of_bbox,481.754,18.782,2,640,640,"[481.96, 0, 158.04, 233.66]",417_original_png_jpg
train,18,000018.jpg,8106,3,Angle Bar,1,new-point-0,out_of_image_and_out_of_bbox,726.253,121.638,2,640,640,"[573.19, 5.37, 66.81, 233.66]",417_original_png_jpg
train,18,000018.jpg,8106,3,Angle Bar,2,new-point-1,out_of_bbox,572.983,24.149,2,640,640,"[573.19, 5.37, 66.81, 233.66]",417_original_png_jpg
train,23,000023.jpg,10718,1,T-beam,3,new-point-2,out_of_image,640,608.333,2,640,640,"[384.17, 41.67, 255.83, 578.33]",-2024-04-08-181332_png_jpg
train,26,000026.jpg,523,0,Channel,4,new-point-3,out_of_bbox,449.503,219.075,2,540,960,"[414.66, 220.21, 33.97, 10]",29e06fc8-2ab9-4e90-bfac-008bc475bc61.jpg
train,26,000026.jpg,527,0,Channel,2,new-point-1,out_of_bbox,412.898,248.664,2,540,960,"[412.9, 235.15, 33.97, 11.76]",29e06fc8-2ab9-4e90-bfac-008bc475bc61.jpg
train,26,000026.jpg,529,0,Channel,4,new-point-3,out_of_bbox,405.285,253.645,2,540,960,"[372.93, 255.35, 32.94, 9.72]",29e06fc8-2ab9-4e90-bfac-008bc475bc61.jpg
train,26,000026.jpg,535,0,Channel,4,new-point-3,out_of_bbox,435.74,267.414,2,540,960,"[403.23, 268.97, 33.09, 11.33]",29e06fc8-2ab9-4e90-bfac-008bc475bc61.jpg
train,26,000026.jpg,582,0,Channel,3,new-point-2,out_of_bbox,106.151,353.155,2,540,960,"[105.61, 304.78, 11.4, 47.51]",29e06fc8-2ab9-4e90-bfac-008bc475bc61.jpg
train,26,000026.jpg,582,0,Channel,4,new-point-3,out_of_bbox,117.222,353.372,2,540,960,"[105.61, 304.78, 11.4, 47.51]",29e06fc8-2ab9-4e90-bfac-008bc475bc61.jpg
train,26,000026.jpg,620,0,Channel,3,new-point-2,out_of_bbox,390.089,419.336,2,540,960,"[392.04, 369.68, 11.51, 50.3]",29e06fc8-2ab9-4e90-bfac-008bc475bc61.jpg
train,27,000027.jpg,9067,1,T-beam,3,new-point-2,out_of_bbox,222.778,143.229,2,299,340,"[112.78, 11.69, 109.63, 135.72]",-2024-04-08-181153_png.jpg
train,27,000027.jpg,9069,1,T-beam,3,new-point-2,out_of_bbox,283.889,10.209,2,299,340,"[175, 7.96, 108.52, 136.38]",-2024-04-08-181153_png.jpg
train,27,000027.jpg,9071,1,T-beam,3,new-point-2,out_of_bbox,146.111,183.247,2,299,340,"[35, 180.19, 110.74, 136.45]",-2024-04-08-181153_png.jpg
train,28,000028.jpg,7996,1,T-beam,3,new-point-2,out_of_bbox,322.5,411.667,2,640,640,"[280, 411.67, 51.67, 52.5]",-_20240404161141_png
train,30,000030.jpg,918,3,Angle Bar,1,new-point-0,out_of_image_and_out_of_bbox,-20.511,358.481,1,416,416,"[0, 284.02, 70.45, 131.98]",16c3ab3b-13.jpg
train,30,000030.jpg,918,3,Angle Bar,3,new-point-3,out_of_image_and_out_of_bbox,59.303,420.459,2,416,416,"[0, 284.02, 70.45, 131.98]",16c3ab3b-13.jpg
train,30,000030.jpg,919,3,Angle Bar,3,new-point-3,out_of_image_and_out_of_bbox,102.554,416.446,2,416,416,"[18.73, 281.34, 98.1, 134.66]",16c3ab3b-13.jpg
train,30,000030.jpg,921,3,Angle Bar,2,new-point-1,out_of_bbox,164.533,263.074,1,416,416,"[79.81, 263.06, 78.03, 128.42]",16c3ab3b-13.jpg
train,30,000030.jpg,921,3,Angle Bar,3,new-point-3,out_of_bbox,163.641,389.706,1,416,416,"[79.81, 263.06, 78.03, 128.42]",16c3ab3b-13.jpg
train,30,000030.jpg,922,3,Angle Bar,1,new-point-0,out_of_image_and_out_of_bbox,173.45,420.013,1,416,416,"[82.49, 347.33, 74.91, 68.67]",16c3ab3b-13.jpg
train,30,000030.jpg,922,3,Angle Bar,3,new-point-3,out_of_image_and_out_of_bbox,93.636,479.775,1,416,416,"[82.49, 347.33, 74.91, 68.67]",16c3ab3b-13.jpg
train,30,000030.jpg,923,3,Angle Bar,1,new-point-0,out_of_image_and_out_of_bbox,128.416,420.013,1,416,416,"[48.6, 350.9, 84.72, 65.1]",16c3ab3b-13.jpg
train,30,000030.jpg,923,3,Angle Bar,3,new-point-3,out_of_image_and_out_of_bbox,48.602,479.775,1,416,416,"[48.6, 350.9, 84.72, 65.1]",16c3ab3b-13.jpg
train,30,000030.jpg,924,3,Angle Bar,1,new-point-0,out_of_image_and_out_of_bbox,88.286,420.013,1,416,416,"[8.47, 350.9, 84.72, 65.1]",16c3ab3b-13.jpg
train,30,000030.jpg,924,3,Angle Bar,3,new-point-3,out_of_image_and_out_of_bbox,8.472,479.775,1,416,416,"[8.47, 350.9, 84.72, 65.1]",16c3ab3b-13.jpg
train,30,000030.jpg,925,3,Angle Bar,1,new-point-0,out_of_image_and_out_of_bbox,57.074,420.013,1,416,416,"[0, 358.48, 61.98, 57.52]",16c3ab3b-13.jpg
train,30,000030.jpg,925,3,Angle Bar,2,new-point-1,out_of_image_and_out_of_bbox,-14.268,363.844,1,416,416,"[0, 358.48, 61.98, 57.52]",16c3ab3b-13.jpg
train,30,000030.jpg,925,3,Angle Bar,3,new-point-3,out_of_image_and_out_of_bbox,-22.74,479.775,1,416,416,"[0, 358.48, 61.98, 57.52]",16c3ab3b-13.jpg
train,30,000030.jpg,928,3,Angle Bar,2,new-point-1,out_of_bbox,173.889,111.667,1,416,416,"[112.59, 109.73, 45.25, 98.42]",16c3ab3b-13.jpg
train,30,000030.jpg,928,3,Angle Bar,3,new-point-3,out_of_bbox,172.778,206.667,1,416,416,"[112.59, 109.73, 45.25, 98.42]",16c3ab3b-13.jpg
train,30,000030.jpg,932,3,Angle Bar,3,new-point-3,out_of_image_and_out_of_bbox,420.378,173.333,2,416,416,"[339.64, 51.95, 76.36, 130.64]",16c3ab3b-13.jpg
train,30,000030.jpg,933,3,Angle Bar,2,new-point-1,out_of_bbox,404.267,55.556,2,416,416,"[353.53, 46.39, 39.14, 130.64]",16c3ab3b-13.jpg
train,30,000030.jpg,933,3,Angle Bar,3,new-point-3,out_of_image_and_out_of_bbox,430.556,174.444,2,416,416,"[353.53, 46.39, 39.14, 130.64]",16c3ab3b-13.jpg
train,30,000030.jpg,934,3,Angle Bar,1,new-point-0,out_of_bbox,155,345.556,2,416,416,"[157.83, 291.96, 51.98, 103.55]",16c3ab3b-13.jpg
train,30,000030.jpg,935,3,Angle Bar,1,new-point-0,out_of_bbox,180,345.556,2,416,416,"[182.83, 291.96, 51.98, 103.55]",16c3ab3b-13.jpg
train,30,000030.jpg,936,3,Angle Bar,1,new-point-0,out_of_bbox,196.111,348.333,2,416,416,"[198.94, 294.74, 51.98, 103.55]",16c3ab3b-13.jpg
train,30,000030.jpg,937,3,Angle Bar,1,new-point-0,out_of_bbox,219.444,350.556,2,416,416,"[222.27, 296.96, 51.98, 103.55]",16c3ab3b-13.jpg
train,32,000032.jpg,2869,2,HI-Beam,6,new-point-5,out_of_bbox,544.048,337.903,1,574,1020,"[512.22, 304.64, 31.71, 34.61]",5572f326-9f86-4e0f-a21d-e961d61bef86.jpg
train,32,000032.jpg,2870,2,HI-Beam,6,new-point-5,out_of_bbox,510.679,395.755,2,574,1020,"[511.07, 363.67, 31.25, 36.14]",5572f326-9f86-4e0f-a21d-e961d61bef86.jpg
train,32,000032.jpg,2893,2,HI-Beam,5,new-point-4,out_of_bbox,364.667,457.676,2,574,1020,"[364.67, 426.39, 33.91, 35.14]",5572f326-9f86-4e0f-a21d-e961d61bef86.jpg
train,34,000034.jpg,7787,1,T-beam,2,new-point-1,out_of_bbox,209.167,533.333,2,640,640,"[209.17, 490, 65.83, 50.83]",-_20240404161141_png_jpg
train,40,000040.jpg,11470,1,T-beam,2,new-point-1,out_of_image,60.833,640,2,640,640,"[31, 488, 263, 152]",irii8idx_png_jpg
train,45,000045.jpg,7844,1,T-beam,3,new-point-2,out_of_image_and_out_of_bbox,858.507,688.88,2,856,787,"[767.62, 634.35, 82.11, 61.43]",-_20240404161141.png
train,46,000046.jpg,5864,1,T-beam,2,new-point-1,out_of_bbox,334.167,518.333,2,640,640,"[335.83, 55.83, 227.5, 487.5]",-2024-04-08-181746_png_jpg
train,46,000046.jpg,5865,1,T-beam,1,new-point-0,out_of_bbox,317.5,510,2,640,640,"[181.67, 49.34, 228.33, 434]",-2024-04-08-181746_png_jpg
train,46,000046.jpg,5865,1,T-beam,2,new-point-1,out_of_bbox,422.5,507.5,2,640,640,"[181.67, 49.34, 228.33, 434]",-2024-04-08-181746_png_jpg
train,46,000046.jpg,5865,1,T-beam,3,new-point-2,out_of_bbox,195.833,538.333,2,640,640,"[181.67, 49.34, 228.33, 434]",-2024-04-08-181746_png_jpg
train,48,000048.jpg,6126,2,HI-Beam,3,new-point-2,out_of_bbox,241.301,384.36,2,607,1080,"[241.33, 380.77, 44.94, 90.4]",22066d1d-aea7-451c-a76b-fa428ce913c8.jpg
train,48,000048.jpg,6132,2,HI-Beam,6,new-point-5,out_of_bbox,143.82,484.207,2,607,1080,"[86.1, 390.31, 57.42, 99.55]",22066d1d-aea7-451c-a76b-fa428ce913c8.jpg
train,48,000048.jpg,6133,2,HI-Beam,6,new-point-5,out_of_bbox,121.821,482.965,2,607,1080,"[64.1, 389.07, 57.42, 99.55]",22066d1d-aea7-451c-a76b-fa428ce913c8.jpg
train,48,000048.jpg,6134,2,HI-Beam,6,new-point-5,out_of_bbox,100.132,490.252,2,607,1080,"[42.41, 396.36, 57.42, 99.55]",22066d1d-aea7-451c-a76b-fa428ce913c8.jpg
train,50,000050.jpg,10736,1,T-beam,4,new-point-3,out_of_image,283.333,640,2,640,640,"[275, 310, 131, 330]",-_20230708190558_png_jpg
train,50,000050.jpg,10738,1,T-beam,4,new-point-3,out_of_image,343.333,640,2,640,640,"[334.17, 314.17, 131.67, 325.83]",-_20230708190558_png_jpg
train,50,000050.jpg,10741,1,T-beam,1,new-point-0,out_of_image_and_out_of_bbox,124.167,-12.5,1,640,640,"[40.83, 0, 131.67, 255]",-_20230708190558_png_jpg
train,50,000050.jpg,10741,1,T-beam,2,new-point-1,out_of_image_and_out_of_bbox,87.5,-26.667,1,640,640,"[40.83, 0, 131.67, 255]",-_20230708190558_png_jpg
train,50,000050.jpg,10742,1,T-beam,1,new-point-0,out_of_image_and_out_of_bbox,175,-5.833,1,640,640,"[88, 0, 135, 288]",-_20230708190558_png_jpg
train,50,000050.jpg,10742,1,T-beam,2,new-point-1,out_of_image_and_out_of_bbox,138.333,-20,1,640,640,"[88, 0, 135, 288]",-_20230708190558_png_jpg
train,50,000050.jpg,10750,1,T-beam,3,new-point-2,out_of_image,640,100,2,640,640,"[537.5, 55, 102.5, 300]",-_20230708190558_png_jpg
train,51,000051.jpg,10681,3,Angle Bar,1,new-point-0,out_of_image_and_out_of_bbox,-19.599,358.252,1,416,416,"[0, 283.35, 66.5, 132.65]",16c3ab3b-13.jpg
train,51,000051.jpg,10681,3,Angle Bar,3,new-point-3,out_of_image,54.948,416,2,416,416,"[0, 283.35, 66.5, 132.65]",16c3ab3b-13.jpg
train,51,000051.jpg,10687,3,Angle Bar,2,new-point-1,out_of_image,416,52.498,2,416,416,"[358.39, 48.65, 57.61, 126.35]",16c3ab3b-13.jpg
train,51,000051.jpg,10687,3,Angle Bar,3,new-point-3,out_of_image,416,164.844,2,416,416,"[358.39, 48.65, 57.61, 126.35]",16c3ab3b-13.jpg
train,55,000055.jpg,7400,2,HI-Beam,5,new-point-4,out_of_bbox,191.389,347.526,2,504,1080,"[162.35, 284.26, 28.91, 65.58]",19574211-ae62-485d-aa2e-390a7a0d8d07.jpg
train,55,000055.jpg,7401,2,HI-Beam,5,new-point-4,out_of_bbox,221.607,348.934,2,504,1080,"[189.58, 285.04, 31.96, 65.58]",19574211-ae62-485d-aa2e-390a7a0d8d07.jpg
train,55,000055.jpg,7417,2,HI-Beam,5,new-point-4,out_of_bbox,105.956,434.525,2,504,1080,"[74.56, 374.68, 31.01, 61.14]",19574211-ae62-485d-aa2e-390a7a0d8d07.jpg
train,55,000055.jpg,7418,2,HI-Beam,5,new-point-4,out_of_bbox,119.815,431.26,2,504,1080,"[88.42, 371.42, 31.01, 61.14]",19574211-ae62-485d-aa2e-390a7a0d8d07.jpg
train,55,000055.jpg,7419,2,HI-Beam,5,new-point-4,out_of_bbox,133.921,433.569,2,504,1080,"[102.52, 373.73, 31.01, 61.14]",19574211-ae62-485d-aa2e-390a7a0d8d07.jpg
train,64,000064.jpg,4232,1,T-beam,4,new-point-3,out_of_image_and_out_of_bbox,189.778,-17.556,2,308,165,"[131.56, 0, 125.33, 73.33]",-2024-04-08-181545.png
train,64,000064.jpg,4233,1,T-beam,4,new-point-3,out_of_image_and_out_of_bbox,110.889,-42.222,2,308,165,"[52.67, 0, 125.33, 48.67]",-2024-04-08-181545.png
train,65,000065.jpg,2719,2,HI-Beam,2,new-point-1,out_of_bbox,398.682,811.882,2,963,1280,"[311.64, 806.74, 86.57, 90.3]",0f986a00-5ce7-4b05-9ba0-8534553d2a51.jpg
train,65,000065.jpg,2723,2,HI-Beam,5,new-point-4,out_of_bbox,621.828,898.004,2,963,1280,"[532.38, 806.74, 88.97, 94.63]",0f986a00-5ce7-4b05-9ba0-8534553d2a51.jpg
train,65,000065.jpg,2724,2,HI-Beam,6,new-point-5,out_of_bbox,636.256,898.973,2,963,1280,"[636.26, 808.91, 88.97, 97.28]",0f986a00-5ce7-4b05-9ba0-8534553d2a51.jpg
train,65,000065.jpg,2731,2,HI-Beam,2,new-point-1,out_of_bbox,566.763,602.922,2,963,1280,"[497.75, 598.98, 68.53, 170.41]",0f986a00-5ce7-4b05-9ba0-8534553d2a51.jpg
train,65,000065.jpg,2732,2,HI-Beam,2,new-point-1,out_of_bbox,599.946,610.139,2,963,1280,"[534.54, 606.2, 65.4, 171.37]",0f986a00-5ce7-4b05-9ba0-8534553d2a51.jpg
train,65,000065.jpg,2734,2,HI-Beam,5,new-point-4,out_of_bbox,666.313,778.533,2,963,1280,"[602.35, 609.08, 63.96, 173.78]",0f986a00-5ce7-4b05-9ba0-8534553d2a51.jpg
train,65,000065.jpg,2737,2,HI-Beam,6,new-point-5,out_of_bbox,357.563,773.243,2,963,1280,"[358.53, 598.26, 70.21, 178.35]",0f986a00-5ce7-4b05-9ba0-8534553d2a51.jpg
train,65,000065.jpg,2738,2,HI-Beam,2,new-point-1,out_of_bbox,363.815,596.188,2,963,1280,"[266.19, 590.33, 97.15, 178.59]",0f986a00-5ce7-4b05-9ba0-8534553d2a51.jpg
train,65,000065.jpg,2740,2,HI-Beam,6,new-point-5,out_of_bbox,128.405,760.984,2,963,1280,"[129.13, 588.16, 102.68, 179.56]",0f986a00-5ce7-4b05-9ba0-8534553d2a51.jpg
train,65,000065.jpg,2741,2,HI-Beam,2,new-point-1,out_of_bbox,180.345,599.325,2,963,1280,"[79.35, 595.38, 100.99, 177.63]",0f986a00-5ce7-4b05-9ba0-8534553d2a51.jpg
train,65,000065.jpg,2745,2,HI-Beam,2,new-point-1,out_of_bbox,285.666,433.817,2,963,1280,"[220.74, 430.9, 64.92, 142.44]",0f986a00-5ce7-4b05-9ba0-8534553d2a51.jpg
train,65,000065.jpg,2748,2,HI-Beam,5,new-point-4,out_of_bbox,421.134,562.86,2,963,1280,"[367.67, 439.91, 53.17, 126.56]",0f986a00-5ce7-4b05-9ba0-8534553d2a51.jpg
train,65,000065.jpg,2750,2,HI-Beam,2,new-point-1,out_of_bbox,510.196,446.263,2,963,1280,"[451.02, 441.71, 59.17, 140.38]",0f986a00-5ce7-4b05-9ba0-8534553d2a51.jpg
train,65,000065.jpg,2750,2,HI-Beam,6,new-point-5,out_of_bbox,450.421,577.286,2,963,1280,"[451.02, 441.71, 59.17, 140.38]",0f986a00-5ce7-4b05-9ba0-8534553d2a51.jpg
train,65,000065.jpg,2751,2,HI-Beam,6,new-point-5,out_of_bbox,482.261,574.882,2,963,1280,"[482.56, 439.01, 55.87, 139.48]",0f986a00-5ce7-4b05-9ba0-8534553d2a51.jpg
train,65,000065.jpg,2752,2,HI-Beam,5,new-point-4,out_of_bbox,568.17,583.296,2,963,1280,"[510.5, 446.22, 57.07, 139.79]",0f986a00-5ce7-4b05-9ba0-8534553d2a51.jpg
train,65,000065.jpg,2752,2,HI-Beam,6,new-point-5,out_of_bbox,510.497,580.592,2,963,1280,"[510.5, 446.22, 57.07, 139.79]",0f986a00-5ce7-4b05-9ba0-8534553d2a51.jpg
train,65,000065.jpg,2755,2,HI-Beam,3,new-point-2,out_of_bbox,630.349,448.665,2,963,1280,"[630.35, 445.31, 58.27, 143.69]",0f986a00-5ce7-4b05-9ba0-8534553d2a51.jpg
train,65,000065.jpg,2760,2,HI-Beam,6,new-point-5,out_of_bbox,449.219,407.384,2,963,1280,"[449.22, 330.42, 82.3, 79.67]",0f986a00-5ce7-4b05-9ba0-8534553d2a51.jpg
train,65,000065.jpg,2761,2,HI-Beam,5,new-point-4,out_of_bbox,573.877,414.596,2,963,1280,"[492.47, 336.73, 81.4, 81.18]",0f986a00-5ce7-4b05-9ba0-8534553d2a51.jpg
train,65,000065.jpg,2764,2,HI-Beam,2,new-point-1,out_of_bbox,342.284,323.262,2,963,1280,"[253.67, 315.1, 88.61, 87.5]",0f986a00-5ce7-4b05-9ba0-8534553d2a51.jpg
train,67,000067.jpg,1516,3,Angle Bar,1,new-point-0,out_of_image_and_out_of_bbox,-14.167,301.667,2,640,640,"[0, 123.33, 165.83, 321.67]",1670333703-5cdf9b336c4b445e5e7cfce6_jpg
train,67,000067.jpg,1517,3,Angle Bar,1,new-point-0,out_of_image_and_out_of_bbox,-47.5,287.5,2,640,640,"[0, 109.17, 132.5, 321.67]",1670333703-5cdf9b336c4b445e5e7cfce6_jpg
train,67,000067.jpg,1517,3,Angle Bar,2,new-point-1,out_of_image_and_out_of_bbox,-5,121.667,2,640,640,"[0, 109.17, 132.5, 321.67]",1670333703-5cdf9b336c4b445e5e7cfce6_jpg
train,69,000069.jpg,6287,1,T-beam,3,new-point-2,out_of_bbox,354.167,133.333,2,640,640,"[354.17, 0, 228.33, 252.5]",-2024-04-10-132132_png_jpg
train,69,000069.jpg,6288,1,T-beam,3,new-point-2,out_of_image,640,280,2,640,640,"[411.67, 160.83, 228.33, 356.67]",-2024-04-10-132132_png_jpg
train,69,000069.jpg,6289,1,T-beam,4,new-point-3,out_of_image_and_out_of_bbox,640,605.833,2,640,640,"[444, 293, 195, 347]",-2024-04-10-132132_png_jpg
train,71,000071.jpg,2945,1,T-beam,4,new-point-3,out_of_bbox,141.556,84.499,2,388,428,"[80.67, 84.5, 137.33, 171.72]",-2024-04-08-180928_png.jpg
train,71,000071.jpg,2947,1,T-beam,4,new-point-3,out_of_bbox,155.778,290.367,2,388,428,"[103.33, 290.37, 120.89, 123.86]",-2024-04-08-180928_png.jpg
train,72,000072.jpg,5682,2,HI-Beam,3,new-point-2,out_of_bbox,188.58,401.873,2,753,652,"[40.84, 401.98, 179.97, 141.09]",9726cfb3c55806a364cf3645086f339_png.jpg
train,72,000072.jpg,5684,2,HI-Beam,6,new-point-5,out_of_bbox,339.925,611.764,2,753,652,"[184.58, 483.19, 161.35, 127.2]",9726cfb3c55806a364cf3645086f339_png.jpg
train,72,000072.jpg,5687,2,HI-Beam,6,new-point-5,out_of_bbox,340.526,490.953,2,753,652,"[335.72, 491.47, 157.75, 134.27]",9726cfb3c55806a364cf3645086f339_png.jpg
train,72,000072.jpg,5688,2,HI-Beam,5,new-point-4,out_of_bbox,532.109,414.449,2,753,652,"[518.9, 415.25, 185.38, 147.69]",9726cfb3c55806a364cf3645086f339_png.jpg
train,72,000072.jpg,5689,2,HI-Beam,3,new-point-2,out_of_bbox,498.076,498.966,2,753,652,"[486.87, 499.28, 170.16, 135.48]",9726cfb3c55806a364cf3645086f339_png.jpg
train,72,000072.jpg,5689,2,HI-Beam,6,new-point-5,out_of_bbox,651.022,498.165,2,753,652,"[486.87, 499.28, 170.16, 135.48]",9726cfb3c55806a364cf3645086f339_png.jpg
train,75,000075.jpg,10428,2,HI-Beam,3,new-point-2,out_of_bbox,425.457,270.332,2,607,1080,"[425.46, 266.62, 31.39, 76.64]",5cdadad4-c7de-4861-9742-89a437764a4f.jpg
train,75,000075.jpg,10430,2,HI-Beam,3,new-point-2,out_of_bbox,458.598,270.04,2,607,1080,"[458.6, 266.33, 31.39, 76.64]",5cdadad4-c7de-4861-9742-89a437764a4f.jpg
train,75,000075.jpg,10456,2,HI-Beam,2,new-point-1,out_of_bbox,287.807,401.233,2,607,1080,"[258.36, 397.64, 29.37, 49.11]",5cdadad4-c7de-4861-9742-89a437764a4f.jpg
train,75,000075.jpg,10481,2,HI-Beam,2,new-point-1,out_of_bbox,407.382,474.999,2,607,1080,"[377.54, 472.78, 29.81, 72.94]",5cdadad4-c7de-4861-9742-89a437764a4f.jpg
train,75,000075.jpg,10482,2,HI-Beam,2,new-point-1,out_of_bbox,425.072,472.308,2,607,1080,"[392.89, 469.18, 31.88, 72.94]",5cdadad4-c7de-4861-9742-89a437764a4f.jpg
train,76,000076.jpg,11508,2,HI-Beam,3,new-point-2,out_of_bbox,644.594,62.607,2,1020,574,"[615.93, 61.95, 28.53, 27.55]",05180fd3-a4e9-4606-b669-980f5c1790a4.jpg
train,76,000076.jpg,11516,2,HI-Beam,3,new-point-2,out_of_bbox,596.341,102.048,2,1020,574,"[570.98, 100.12, 25.11, 27.81]",05180fd3-a4e9-4606-b669-980f5c1790a4.jpg
train,76,000076.jpg,11534,2,HI-Beam,5,new-point-4,out_of_bbox,468.767,113.656,2,1020,574,"[468.77, 64.36, 22.19, 50.69]",05180fd3-a4e9-4606-b669-980f5c1790a4.jpg
train,76,000076.jpg,11548,2,HI-Beam,2,new-point-1,out_of_bbox,375.876,74.2,2,1020,574,"[375.88, 70.44, 20.92, 48.03]",05180fd3-a4e9-4606-b669-980f5c1790a4.jpg
train,76,000076.jpg,11548,2,HI-Beam,5,new-point-4,out_of_bbox,375.876,117.843,2,1020,574,"[375.88, 70.44, 20.92, 48.03]",05180fd3-a4e9-4606-b669-980f5c1790a4.jpg
train,76,000076.jpg,11549,2,HI-Beam,5,new-point-4,out_of_bbox,374.481,165.165,2,1020,574,"[374.61, 118.38, 21.43, 47.8]",05180fd3-a4e9-4606-b669-980f5c1790a4.jpg
train,76,000076.jpg,11551,2,HI-Beam,6,new-point-5,out_of_bbox,384.372,170.113,2,1020,574,"[360.28, 124.85, 24.09, 47.42]",05180fd3-a4e9-4606-b669-980f5c1790a4.jpg
train,76,000076.jpg,11558,2,HI-Beam,2,new-point-1,out_of_bbox,310.186,79.087,2,1020,574,"[310.19, 76.34, 21.75, 47.28]",05180fd3-a4e9-4606-b669-980f5c1790a4.jpg
train,76,000076.jpg,11570,2,HI-Beam,5,new-point-4,out_of_bbox,234.161,130.015,2,1020,574,"[234.42, 85.28, 21.81, 46]",05180fd3-a4e9-4606-b669-980f5c1790a4.jpg
train,76,000076.jpg,11571,2,HI-Beam,5,new-point-4,out_of_bbox,231.371,175.307,2,1020,574,"[231.75, 130.55, 21.43, 46.02]",05180fd3-a4e9-4606-b669-980f5c1790a4.jpg
train,76,000076.jpg,11574,2,HI-Beam,5,new-point-4,out_of_bbox,213.998,131.284,2,1020,574,"[214.12, 86.99, 20.8, 45.43]",05180fd3-a4e9-4606-b669-980f5c1790a4.jpg
train,76,000076.jpg,11593,2,HI-Beam,5,new-point-4,out_of_bbox,229.46,249.279,2,1020,574,"[229.76, 205.86, 20.25, 44.62]",05180fd3-a4e9-4606-b669-980f5c1790a4.jpg
train,76,000076.jpg,11594,2,HI-Beam,5,new-point-4,out_of_bbox,227.556,294.599,2,1020,574,"[227.66, 250.51, 18.74, 45.1]",05180fd3-a4e9-4606-b669-980f5c1790a4.jpg
train,76,000076.jpg,11641,2,HI-Beam,5,new-point-4,out_of_bbox,542.467,234.765,2,1020,574,"[542.47, 185.26, 25.92, 50.7]",05180fd3-a4e9-4606-b669-980f5c1790a4.jpg
train,76,000076.jpg,11665,2,HI-Beam,5,new-point-4,out_of_bbox,661.549,257.753,2,1020,574,"[661.55, 231.48, 29.94, 27.31]",05180fd3-a4e9-4606-b669-980f5c1790a4.jpg
train,76,000076.jpg,11679,2,HI-Beam,5,new-point-4,out_of_bbox,703.865,456.731,2,1020,574,"[703.87, 413.57, 22.97, 45.68]",05180fd3-a4e9-4606-b669-980f5c1790a4.jpg
train,76,000076.jpg,11680,2,HI-Beam,5,new-point-4,out_of_bbox,690.565,449.776,2,1020,574,"[690.67, 407.53, 24.08, 45.68]",05180fd3-a4e9-4606-b669-980f5c1790a4.jpg
train,76,000076.jpg,11687,2,HI-Beam,5,new-point-4,out_of_bbox,667.541,446.902,2,1020,574,"[667.59, 405.56, 22.37, 44.41]",05180fd3-a4e9-4606-b669-980f5c1790a4.jpg
train,76,000076.jpg,11695,2,HI-Beam,5,new-point-4,out_of_bbox,633.836,404.929,2,1020,574,"[633.84, 364.91, 22.57, 41.45]",05180fd3-a4e9-4606-b669-980f5c1790a4.jpg
train,76,000076.jpg,11716,2,HI-Beam,5,new-point-4,out_of_bbox,540.447,394.752,2,1020,574,"[540.56, 355.32, 19.4, 40.38]",05180fd3-a4e9-4606-b669-980f5c1790a4.jpg
train,76,000076.jpg,11724,2,HI-Beam,5,new-point-4,out_of_bbox,502.811,358.155,2,1020,574,"[502.93, 319.61, 18.35, 39.85]",05180fd3-a4e9-4606-b669-980f5c1790a4.jpg
train,76,000076.jpg,11727,2,HI-Beam,5,new-point-4,out_of_bbox,493.548,353.713,2,1020,574,"[493.55, 315.57, 18.94, 39.32]",05180fd3-a4e9-4606-b669-980f5c1790a4.jpg
train,76,000076.jpg,11755,2,HI-Beam,5,new-point-4,out_of_bbox,335.793,389.471,2,1020,574,"[335.91, 352.33, 20.58, 39.02]",05180fd3-a4e9-4606-b669-980f5c1790a4.jpg
train,76,000076.jpg,11757,2,HI-Beam,5,new-point-4,out_of_bbox,326.297,354.875,2,1020,574,"[326.41, 318.38, 20.4, 37.43]",05180fd3-a4e9-4606-b669-980f5c1790a4.jpg
train,76,000076.jpg,11764,2,HI-Beam,6,new-point-5,out_of_bbox,309.53,392.99,2,1020,574,"[309.76, 356.72, 16.65, 37.32]",05180fd3-a4e9-4606-b669-980f5c1790a4.jpg
train,76,000076.jpg,11767,2,HI-Beam,5,new-point-4,out_of_bbox,300.151,388.642,2,1020,574,"[300.27, 352.15, 18.06, 37.43]",05180fd3-a4e9-4606-b669-980f5c1790a4.jpg
train,76,000076.jpg,11783,2,HI-Beam,5,new-point-4,out_of_bbox,237.189,423.705,2,1020,574,"[237.31, 386.44, 15.59, 38.2]",05180fd3-a4e9-4606-b669-980f5c1790a4.jpg
train,76,000076.jpg,11793,2,HI-Beam,5,new-point-4,out_of_bbox,208.035,422.083,2,1020,574,"[208.04, 389.1, 15.24, 35.08]",05180fd3-a4e9-4606-b669-980f5c1790a4.jpg
train,76,000076.jpg,11794,2,HI-Beam,3,new-point-2,out_of_bbox,217.709,351.158,2,1020,574,"[205.3, 350.36, 12.32, 36.68]",05180fd3-a4e9-4606-b669-980f5c1790a4.jpg
train,76,000076.jpg,11794,2,HI-Beam,5,new-point-4,out_of_bbox,204.659,386.036,2,1020,574,"[205.3, 350.36, 12.32, 36.68]",05180fd3-a4e9-4606-b669-980f5c1790a4.jpg
train,76,000076.jpg,11796,2,HI-Beam,5,new-point-4,out_of_bbox,196.81,384.75,2,1020,574,"[196.9, 350.22, 13.23, 35.53]",05180fd3-a4e9-4606-b669-980f5c1790a4.jpg
train,76,000076.jpg,11810,2,HI-Beam,5,new-point-4,out_of_bbox,152.547,352.167,2,1020,574,"[152.55, 318.87, 15.42, 34.48]",05180fd3-a4e9-4606-b669-980f5c1790a4.jpg
train,78,000078.jpg,9834,2,HI-Beam,6,new-point-5,out_of_bbox,40.476,498.833,2,500,890,"[27.14, 500.48, 414.29, 210.83]",steelbeam74.jpg
train,78,000078.jpg,9835,2,HI-Beam,2,new-point-1,out_of_image,60.476,890,1,500,890,"[41, 724, 400, 166]",steelbeam74.jpg
train,78,000078.jpg,9835,2,HI-Beam,5,new-point-4,out_of_image,407.143,890,1,500,890,"[41, 724, 400, 166]",steelbeam74.jpg
train,79,000079.jpg,8250,2,HI-Beam,5,new-point-4,out_of_bbox,164.722,215.524,1,212,256,"[52.5, 11.81, 112.22, 215.39]",-2024-04-08-175906_png.jpg
train,80,000080.jpg,1468,1,T-beam,2,new-point-1,out_of_bbox,17.143,196.774,2,391,447,"[16.43, 30.99, 160.24, 165.68]",-2024-04-08-180955_png.jpg
train,80,000080.jpg,1469,1,T-beam,2,new-point-1,out_of_bbox,111.905,177.242,2,391,447,"[112.14, 15.27, 159.29, 165.69]",-2024-04-08-180955_png.jpg
train,82,000082.jpg,3250,3,Angle Bar,2,new-point-1,out_of_image_and_out_of_bbox,-1.848,29.259,2,416,416,"[0, 3, 44, 47]",og.jpg
train,82,000082.jpg,3271,3,Angle Bar,3,new-point-3,out_of_image_and_out_of_bbox,133.977,-0.308,2,416,416,"[76.07, 0, 60.98, 48.05]",og.jpg
train,82,000082.jpg,3290,3,Angle Bar,2,new-point-1,out_of_image_and_out_of_bbox,20.328,-0.616,2,416,416,"[12, 0, 61, 44]",og.jpg
train,82,000082.jpg,3290,3,Angle Bar,3,new-point-3,out_of_bbox,73.611,0.308,2,416,416,"[12, 0, 61, 44]",og.jpg
train,82,000082.jpg,3291,3,Angle Bar,3,new-point-3,out_of_bbox,200.503,8.624,1,416,416,"[142.6, 8.93, 31.11, 48.05]",og.jpg
train,82,000082.jpg,3292,3,Angle Bar,3,new-point-3,out_of_bbox,194.959,22.483,1,416,416,"[137.06, 22.79, 36.96, 48.05]",og.jpg
train,82,000082.jpg,3293,3,Angle Bar,3,new-point-3,out_of_bbox,193.727,40.347,1,416,416,"[135.82, 40.66, 38.19, 48.05]",og.jpg
train,82,000082.jpg,3294,3,Angle Bar,3,new-point-3,out_of_bbox,193.112,58.827,1,416,416,"[135.21, 59.13, 38.19, 48.05]",og.jpg
train,82,000082.jpg,3295,3,Angle Bar,3,new-point-3,out_of_bbox,191.88,79.77,1,416,416,"[133.98, 80.08, 39.42, 48.05]",og.jpg
train,82,000082.jpg,3296,3,Angle Bar,3,new-point-3,out_of_bbox,191.88,100.714,1,416,416,"[133.98, 101.02, 39.42, 48.05]",og.jpg
train,82,000082.jpg,3297,3,Angle Bar,3,new-point-3,out_of_bbox,191.88,120.117,1,416,416,"[133.98, 120.43, 39.42, 48.05]",og.jpg
train,82,000082.jpg,3298,3,Angle Bar,3,new-point-3,out_of_bbox,192.496,141.985,1,416,416,"[132.44, 138.9, 41.58, 48.05]",og.jpg
train,82,000082.jpg,3299,3,Angle Bar,3,new-point-3,out_of_bbox,195.268,166.316,1,416,416,"[135.21, 163.24, 38.81, 48.05]",og.jpg
train,82,000082.jpg,3300,3,Angle Bar,3,new-point-3,out_of_bbox,190.032,183.872,1,416,416,"[129.97, 180.79, 43.74, 48.05]",og.jpg
train,82,000082.jpg,3310,3,Angle Bar,1,new-point-0,out_of_bbox,88.159,213.924,1,416,416,"[23.96, 241.01, 128.8, 53.9]",og.jpg
train,82,000082.jpg,3312,3,Angle Bar,1,new-point-0,out_of_image_and_out_of_bbox,41.305,429.698,2,416,416,"[0, 345.4, 104.16, 70.6]",og.jpg
train,82,000082.jpg,3313,3,Angle Bar,1,new-point-0,out_of_image_and_out_of_bbox,166.454,429.081,1,416,416,"[98.02, 349.1, 75.8, 66.29]",og.jpg
train,82,000082.jpg,3313,3,Angle Bar,3,new-point-3,out_of_bbox,223.172,353.252,1,416,416,"[98.02, 349.1, 75.8, 66.29]",og.jpg
train,82,000082.jpg,3314,3,Angle Bar,3,new-point-3,out_of_bbox,222.555,310.714,1,416,416,"[97.41, 306.56, 75.8, 85.4]",og.jpg
train,82,000082.jpg,3315,3,Angle Bar,3,new-point-3,out_of_bbox,208.992,275.574,1,416,416,"[83.84, 271.42, 89.98, 85.4]",og.jpg
train,82,000082.jpg,3316,3,Angle Bar,3,new-point-3,out_of_bbox,199.128,234.268,1,416,416,"[78.29, 241.83, 96.76, 76.15]",og.jpg
train,82,000082.jpg,3317,3,Angle Bar,3,new-point-3,out_of_bbox,173.852,241.05,1,416,416,"[109.74, 240.59, 62.86, 44.09]",og.jpg
train,82,000082.jpg,3321,3,Angle Bar,2,new-point-1,out_of_image,276.807,416,2,416,416,"[264, 353, 112, 63]",og.jpg
train,82,000082.jpg,3321,3,Angle Bar,3,new-point-3,out_of_image,356.335,416,1,416,416,"[264, 353, 112, 63]",og.jpg
train,82,000082.jpg,3323,3,Angle Bar,2,new-point-1,out_of_bbox,174.468,291.603,2,416,416,"[174.47, 281.9, 132.52, 93.41]",og.jpg
train,82,000082.jpg,3325,3,Angle Bar,1,new-point-0,out_of_image_and_out_of_bbox,260.778,441.411,1,416,416,"[184.95, 346.01, 144.85, 69.99]",og.jpg
train,82,000082.jpg,3326,3,Angle Bar,3,new-point-3,out_of_image_and_out_of_bbox,435.736,308.745,2,416,416,"[322, 304, 94, 89]",og.jpg
train,82,000082.jpg,3327,3,Angle Bar,1,new-point-0,out_of_image_and_out_of_bbox,385.223,432.843,1,416,416,"[322, 349, 94, 67]",og.jpg
train,82,000082.jpg,3327,3,Angle Bar,3,new-point-3,out_of_image_and_out_of_bbox,435.736,353.06,1,416,416,"[322, 349, 94, 67]",og.jpg
train,82,000082.jpg,3328,3,Angle Bar,3,new-point-3,out_of_image,416,303.551,2,416,416,"[317.38, 268.8, 98.62, 92.44]",og.jpg
train,90,000090.jpg,7738,3,Angle Bar,2,new-point-1,out_of_image_and_out_of_bbox,-34.985,288.128,1,416,416,"[0, 239, 60, 52]",e327edd1-7.jpg
train,90,000090.jpg,7739,3,Angle Bar,2,new-point-1,out_of_image_and_out_of_bbox,-34.985,276.591,1,416,416,"[0, 227, 60, 52]",e327edd1-7.jpg
train,90,000090.jpg,7740,3,Angle Bar,2,new-point-1,out_of_image_and_out_of_bbox,-34.985,253.221,1,416,416,"[0, 204, 60, 52]",e327edd1-7.jpg
train,90,000090.jpg,7741,3,Angle Bar,2,new-point-1,out_of_image_and_out_of_bbox,-39.127,235.472,1,416,416,"[0, 188.95, 56.29, 43.28]",e327edd1-7.jpg
train,90,000090.jpg,7742,3,Angle Bar,2,new-point-1,out_of_image_and_out_of_bbox,-39.127,222.752,1,416,416,"[0, 176.23, 56.29, 43.28]",e327edd1-7.jpg
train,90,000090.jpg,7743,3,Angle Bar,2,new-point-1,out_of_image_and_out_of_bbox,-39.127,202.045,1,416,416,"[0, 155.52, 48.9, 41.51]",e327edd1-7.jpg
train,90,000090.jpg,7744,3,Angle Bar,2,new-point-1,out_of_image_and_out_of_bbox,-11.833,239.022,2,416,416,"[0, 216.76, 32.11, 26.42]",e327edd1-7.jpg
train,90,000090.jpg,7745,3,Angle Bar,2,new-point-1,out_of_image_and_out_of_bbox,-39.127,192.874,1,416,416,"[0, 146.35, 48.9, 41.51]",e327edd1-7.jpg
train,90,000090.jpg,7746,3,Angle Bar,2,new-point-1,out_of_image_and_out_of_bbox,-39.127,182.521,1,416,416,"[0, 136, 48.9, 41.51]",e327edd1-7.jpg
train,90,000090.jpg,7747,3,Angle Bar,2,new-point-1,out_of_image_and_out_of_bbox,-33.428,157.376,1,416,416,"[0, 123.28, 48.9, 41.51]",e327edd1-7.jpg
train,90,000090.jpg,7748,3,Angle Bar,1,new-point-0,out_of_image_and_out_of_bbox,-7.396,110.932,2,416,416,"[0, 99, 41, 42]",e327edd1-7.jpg
train,90,000090.jpg,7748,3,Angle Bar,2,new-point-1,out_of_image_and_out_of_bbox,-40.823,134.302,1,416,416,"[0, 99, 41, 42]",e327edd1-7.jpg
train,92,000092.jpg,11159,3,Angle Bar,3,new-point-3,out_of_bbox,272.5,627.5,2,640,640,"[42.5, 472.5, 246.67, 154.17]",d5f3ab32-26_jpg
train,92,000092.jpg,11162,3,Angle Bar,1,new-point-0,out_of_bbox,386.667,154.167,2,640,640,"[286.67, 154.17, 190.83, 140.83]",d5f3ab32-26_jpg
train,92,000092.jpg,11163,3,Angle Bar,1,new-point-0,out_of_bbox,395.833,221.667,2,640,640,"[295.83, 221.67, 190.83, 140.83]",d5f3ab32-26_jpg
train,92,000092.jpg,11164,3,Angle Bar,1,new-point-0,out_of_bbox,390.833,281.667,2,640,640,"[290.83, 281.67, 190.83, 140.83]",d5f3ab32-26_jpg
train,92,000092.jpg,11166,3,Angle Bar,1,new-point-0,out_of_bbox,392.5,401.667,2,640,640,"[292.5, 401.67, 190.83, 140.83]",d5f3ab32-26_jpg
train,92,000092.jpg,11168,3,Angle Bar,1,new-point-0,out_of_bbox,541.667,86.667,2,640,640,"[441.67, 86.67, 190.83, 140.83]",d5f3ab32-26_jpg
train,92,000092.jpg,11178,3,Angle Bar,1,new-point-0,out_of_image_and_out_of_bbox,118.333,-89.167,1,640,640,"[22.5, 0, 222.5, 69.17]",d5f3ab32-26_jpg
train,92,000092.jpg,11179,3,Angle Bar,2,new-point-1,out_of_bbox,3.333,236.667,2,640,640,"[5, 166.67, 130.83, 122.5]",d5f3ab32-26_jpg
train,92,000092.jpg,11184,3,Angle Bar,1,new-point-0,out_of_bbox,49.167,614.167,2,640,640,"[0, 455.83, 164.17, 151.67]",d5f3ab32-26_jpg
train,93,000093.jpg,3019,1,T-beam,4,new-point-3,out_of_bbox,180,23.715,2,347,210,"[100, 23.95, 154.52, 181.17]",-2024-04-08-181115_png.jpg
train,97,000097.jpg,5008,2,HI-Beam,5,new-point-4,out_of_bbox,462.895,179.024,2,574,1020,"[399.32, 118.94, 63.57, 66.43]",29f1f335-5da4-4a9b-b638-88294f28e2f8.jpg
train,97,000097.jpg,5013,2,HI-Beam,3,new-point-2,out_of_bbox,363.747,276.39,2,574,1020,"[363.75, 272.65, 66.9, 68.27]",29f1f335-5da4-4a9b-b638-88294f28e2f8.jpg
train,97,000097.jpg,5019,2,HI-Beam,6,new-point-5,out_of_bbox,378.649,503.891,2,574,1020,"[378.97, 443.3, 62.14, 62.65]",29f1f335-5da4-4a9b-b638-88294f28e2f8.jpg
train,97,000097.jpg,5020,2,HI-Beam,6,new-point-5,out_of_bbox,410.673,498.817,2,574,1020,"[410.74, 439.5, 63.98, 62.02]",29f1f335-5da4-4a9b-b638-88294f28e2f8.jpg
train,97,000097.jpg,5021,2,HI-Beam,6,new-point-5,out_of_bbox,444.029,504.526,2,574,1020,"[444.03, 442.54, 65.32, 64.2]",29f1f335-5da4-4a9b-b638-88294f28e2f8.jpg
train,97,000097.jpg,5027,2,HI-Beam,5,new-point-4,out_of_bbox,341.139,419.207,2,574,1020,"[277.95, 356.55, 63.03, 65.03]",29f1f335-5da4-4a9b-b638-88294f28e2f8.jpg
train,97,000097.jpg,5034,2,HI-Beam,5,new-point-4,out_of_bbox,296.273,269.869,2,574,1020,"[232.48, 208.54, 63.79, 65.13]",29f1f335-5da4-4a9b-b638-88294f28e2f8.jpg
train,97,000097.jpg,5042,2,HI-Beam,6,new-point-5,out_of_bbox,139.449,266.468,2,574,1020,"[139.64, 204.93, 61.16, 64.24]",29f1f335-5da4-4a9b-b638-88294f28e2f8.jpg
train,97,000097.jpg,5043,2,HI-Beam,3,new-point-2,out_of_bbox,108.693,213.826,2,574,1020,"[108.82, 210.63, 60.59, 63.6]",29f1f335-5da4-4a9b-b638-88294f28e2f8.jpg
train,97,000097.jpg,5047,2,HI-Beam,3,new-point-2,out_of_bbox,129.786,371.529,2,574,1020,"[129.94, 367.98, 64.86, 64.82]",29f1f335-5da4-4a9b-b638-88294f28e2f8.jpg
train,97,000097.jpg,5049,2,HI-Beam,3,new-point-2,out_of_bbox,67.949,373.282,2,574,1020,"[67.98, 370.94, 61.27, 64.88]",29f1f335-5da4-4a9b-b638-88294f28e2f8.jpg
train,100,000100.jpg,883,1,T-beam,3,new-point-2,out_of_bbox,113.643,3.497,2,216,144,"[20.7, 0.54, 92.64, 122.23]",-2024-04-08-181203_png.jpg
train,100,000100.jpg,884,1,T-beam,4,new-point-3,out_of_bbox,117.984,0,2,216,144,"[67.21, 0.47, 93.88, 121.93]",-2024-04-08-181203_png.jpg
train,104,000104.jpg,318,2,HI-Beam,3,new-point-2,out_of_bbox,583.333,30.401,2,921,550,"[585, 18.33, 218.67, 438.25]",7f2f593r_png.jpg
train,106,000106.jpg,10231,3,Angle Bar,2,new-point-1,out_of_bbox,186.35,1.213,2,416,416,"[187.1, 0, 51, 27.09]",16c3ab3b-13.jpg
train,106,000106.jpg,10233,3,Angle Bar,2,new-point-1,out_of_bbox,186.35,16.323,2,416,416,"[187.1, 0, 66.11, 42.2]",16c3ab3b-13.jpg
train,106,000106.jpg,10249,3,Angle Bar,1,new-point-0,out_of_image_and_out_of_bbox,145.17,434.31,1,416,416,"[104.61, 351.41, 84.06, 64.59]",16c3ab3b-13.jpg
train,106,000106.jpg,10250,3,Angle Bar,1,new-point-0,out_of_image_and_out_of_bbox,142.371,449.907,1,416,416,"[102.61, 367.01, 83.26, 47.79]",16c3ab3b-13.jpg
train,106,000106.jpg,10254,3,Angle Bar,1,new-point-0,out_of_bbox,302.738,165.966,1,416,416,"[235.95, 186.92, 132.89, 74.19]",16c3ab3b-13.jpg
train,106,000106.jpg,10259,3,Angle Bar,3,new-point-3,out_of_bbox,226.753,352.327,1,416,416,"[185.59, 349.07, 40.11, 45.4]",16c3ab3b-13.jpg
train,110,000110.jpg,2374,1,T-beam,4,new-point-3,out_of_bbox,92.25,101,2,271,186,"[75, 101.25, 56.5, 54.75]",images.jpg
train,113,000113.jpg,4847,2,HI-Beam,3,new-point-2,out_of_bbox,63.965,495.871,2,486,1080,"[64.03, 493.22, 29.67, 56.73]",04584b4c-44e5-41bd-ba2d-7cd0e878ba79.jpg
train,114,000114.jpg,812,2,HI-Beam,3,new-point-2,out_of_bbox,374.717,207.52,2,608,1080,"[300.4, 207.59, 76.22, 31.17]",194277bf-3501-4f42-857d-3edfb330c2c2.jpg
train,114,000114.jpg,838,2,HI-Beam,2,new-point-1,out_of_bbox,288.646,358.727,2,608,1080,"[288.85, 357.01, 31.89, 85.31]",194277bf-3501-4f42-857d-3edfb330c2c2.jpg
train,114,000114.jpg,846,2,HI-Beam,2,new-point-1,out_of_bbox,446.575,459.126,2,608,1080,"[446.58, 457.2, 29.72, 72.69]",194277bf-3501-4f42-857d-3edfb330c2c2.jpg
train,114,000114.jpg,853,2,HI-Beam,6,new-point-5,out_of_bbox,354.367,529.544,2,608,1080,"[324.82, 457.78, 29.5, 73.11]",194277bf-3501-4f42-857d-3edfb330c2c2.jpg
train,114,000114.jpg,856,2,HI-Beam,5,new-point-4,out_of_bbox,262.403,533.567,2,608,1080,"[262.65, 460.58, 28.84, 74.7]",194277bf-3501-4f42-857d-3edfb330c2c2.jpg
train,118,000118.jpg,7940,1,T-beam,2,new-point-1,out_of_bbox,74.799,276.365,2,550,550,"[74.8, 270.99, 52.41, 47.25]",Welded-Steel-Section-with-T-Shape.jpg
train,118,000118.jpg,7941,1,T-beam,2,new-point-1,out_of_bbox,58.419,338.997,2,550,550,"[58.42, 314.96, 49.5, 41.2]",Welded-Steel-Section-with-T-Shape.jpg
train,118,000118.jpg,7945,1,T-beam,3,new-point-2,out_of_bbox,153.419,285.832,1,550,550,"[153.42, 283.54, 55.14, 49.63]",Welded-Steel-Section-with-T-Shape.jpg
train,120,000120.jpg,8043,1,T-beam,1,new-point-0,out_of_image_and_out_of_bbox,641,207.5,2,640,640,"[140.17, 91.67, 499.83, 262.5]",-_20230708190552_png_jpg
train,120,000120.jpg,8043,1,T-beam,2,new-point-1,out_of_image_and_out_of_bbox,661,74.167,2,640,640,"[140.17, 91.67, 499.83, 262.5]",-_20230708190552_png_jpg
train,121,000121.jpg,4216,1,T-beam,2,new-point-1,out_of_image_and_out_of_bbox,85.833,657.667,1,640,640,"[99, 186, 255, 454]",-_20230708190548_png_jpg
train,124,000124.jpg,703,1,T-beam,3,new-point-2,out_of_image_and_out_of_bbox,646.667,45,2,640,640,"[362.5, 27.5, 273.33, 570.83]",-2024-04-08-181332_png_jpg
train,125,000125.jpg,9765,2,HI-Beam,6,new-point-5,out_of_bbox,305.298,185.998,2,500,500,"[305.3, 99.69, 45.11, 88.65]",steelbeam100.jpg
train,125,000125.jpg,9769,2,HI-Beam,6,new-point-5,out_of_bbox,233.485,193.582,2,500,500,"[190.72, 108.08, 42.67, 87.31]",steelbeam100.jpg
train,125,000125.jpg,9771,2,HI-Beam,6,new-point-5,out_of_bbox,189.819,194.484,2,500,500,"[146.69, 111.6, 42.76, 87.4]",steelbeam100.jpg
train,125,000125.jpg,9773,2,HI-Beam,2,new-point-1,out_of_bbox,214.539,263.394,2,500,500,"[171.23, 183.61, 43.3, 83.62]",steelbeam100.jpg
train,125,000125.jpg,9783,2,HI-Beam,5,new-point-4,out_of_bbox,414.282,258.704,2,500,500,"[414.46, 175.47, 49.44, 86.66]",steelbeam100.jpg
train,125,000125.jpg,9785,2,HI-Beam,6,new-point-5,out_of_bbox,314.014,363.424,2,500,500,"[314.11, 284.53, 41.86, 81.29]",steelbeam100.jpg
train,125,000125.jpg,9786,2,HI-Beam,6,new-point-5,out_of_bbox,336.008,351.221,2,500,500,"[336.01, 273.45, 44.73, 82.03]",steelbeam100.jpg
train,127,000127.jpg,362,3,Angle Bar,2,new-point-1,out_of_bbox,85,404.167,2,640,640,"[63.33, 116.67, 454.17, 275.83]",417_original_png_jpg
train,127,000127.jpg,365,3,Angle Bar,1,new-point-0,out_of_image_and_out_of_bbox,-170.833,97.5,2,640,640,"[0, 216, 70, 107]",417_original_png_jpg
train,127,000127.jpg,365,3,Angle Bar,2,new-point-1,out_of_image_and_out_of_bbox,-345,329.167,2,640,640,"[0, 216, 70, 107]",417_original_png_jpg
train,127,000127.jpg,366,3,Angle Bar,1,new-point-0,out_of_image_and_out_of_bbox,-162.5,165,2,640,640,"[0, 284.17, 79.17, 106.67]",417_original_png_jpg
train,127,000127.jpg,366,3,Angle Bar,2,new-point-1,out_of_image_and_out_of_bbox,-336.667,396.667,2,640,640,"[0, 284.17, 79.17, 106.67]",417_original_png_jpg
train,127,000127.jpg,367,3,Angle Bar,1,new-point-0,out_of_image_and_out_of_bbox,-155.833,212.5,2,640,640,"[3.33, 331.67, 93.33, 130]",417_original_png_jpg
train,127,000127.jpg,367,3,Angle Bar,2,new-point-1,out_of_image_and_out_of_bbox,-330,444.167,2,640,640,"[3.33, 331.67, 93.33, 130]",417_original_png_jpg
train,127,000127.jpg,368,3,Angle Bar,1,new-point-0,out_of_image_and_out_of_bbox,-151.667,247.5,2,640,640,"[9.17, 408.33, 91.67, 123.33]",417_original_png_jpg
train,127,000127.jpg,368,3,Angle Bar,2,new-point-1,out_of_image_and_out_of_bbox,-325.833,479.167,2,640,640,"[9.17, 408.33, 91.67, 123.33]",417_original_png_jpg
train,127,000127.jpg,369,3,Angle Bar,1,new-point-0,out_of_image_and_out_of_bbox,-145.833,325,2,640,640,"[25, 469.17, 81.67, 130]",417_original_png_jpg
train,127,000127.jpg,369,3,Angle Bar,2,new-point-1,out_of_image_and_out_of_bbox,-320,556.667,2,640,640,"[25, 469.17, 81.67, 130]",417_original_png_jpg
train,130,000130.jpg,74,3,Angle Bar,1,new-point-0,out_of_image_and_out_of_bbox,391.667,643.333,2,640,640,"[181.67, 443.33, 290.83, 196.67]",1670333703-5cdf9b336c4b445e5e7cfce6_jpg
train,130,000130.jpg,74,3,Angle Bar,2,new-point-1,out_of_image_and_out_of_bbox,215,641.667,2,640,640,"[181.67, 443.33, 290.83, 196.67]",1670333703-5cdf9b336c4b445e5e7cfce6_jpg
train,130,000130.jpg,75,3,Angle Bar,1,new-point-0,out_of_image_and_out_of_bbox,390.833,680,2,640,640,"[390, 480, 81.67, 160]",1670333703-5cdf9b336c4b445e5e7cfce6_jpg
train,130,000130.jpg,75,3,Angle Bar,2,new-point-1,out_of_image_and_out_of_bbox,214.167,678.333,2,640,640,"[390, 480, 81.67, 160]",1670333703-5cdf9b336c4b445e5e7cfce6_jpg
train,134,000134.jpg,2711,3,Angle Bar,1,new-point-0,out_of_image,416,228.073,2,416,416,"[303.75, 107.65, 112.25, 183.05]",1670333703-5cdf9b336c4b445e5e7cfce6.jpg
train,142,000142.jpg,25,3,Angle Bar,1,new-point-0,out_of_image_and_out_of_bbox,690.69,72.799,2,640,640,"[614.12, 117.56, 25.88, 62.01]",d01bdd40-12_jpg
train,142,000142.jpg,25,3,Angle Bar,3,new-point-3,out_of_image_and_out_of_bbox,758.097,155.845,2,640,640,"[614.12, 117.56, 25.88, 62.01]",d01bdd40-12_jpg
train,142,000142.jpg,26,3,Angle Bar,1,new-point-0,out_of_image_and_out_of_bbox,690.69,93.83,2,640,640,"[614.12, 138.59, 25.88, 62.01]",d01bdd40-12_jpg
train,142,000142.jpg,26,3,Angle Bar,3,new-point-3,out_of_image_and_out_of_bbox,758.097,176.875,2,640,640,"[614.12, 138.59, 25.88, 62.01]",d01bdd40-12_jpg
train,142,000142.jpg,27,3,Angle Bar,1,new-point-0,out_of_image_and_out_of_bbox,690.69,118.097,2,640,640,"[614.12, 162.85, 25.88, 62.01]",d01bdd40-12_jpg
train,142,000142.jpg,27,3,Angle Bar,3,new-point-3,out_of_image_and_out_of_bbox,758.097,201.142,2,640,640,"[614.12, 162.85, 25.88, 62.01]",d01bdd40-12_jpg
train,142,000142.jpg,28,3,Angle Bar,1,new-point-0,out_of_image_and_out_of_bbox,690.69,143.981,2,640,640,"[614.12, 188.74, 25.88, 62.01]",d01bdd40-12_jpg
train,142,000142.jpg,28,3,Angle Bar,3,new-point-3,out_of_image_and_out_of_bbox,758.097,227.026,2,640,640,"[614.12, 188.74, 25.88, 62.01]",d01bdd40-12_jpg
train,142,000142.jpg,29,3,Angle Bar,1,new-point-0,out_of_image_and_out_of_bbox,690.69,165.551,2,640,640,"[614.12, 210.31, 25.88, 62.01]",d01bdd40-12_jpg
train,142,000142.jpg,29,3,Angle Bar,3,new-point-3,out_of_image_and_out_of_bbox,758.097,248.596,2,640,640,"[614.12, 210.31, 25.88, 62.01]",d01bdd40-12_jpg
train,142,000142.jpg,30,3,Angle Bar,1,new-point-0,out_of_image_and_out_of_bbox,690.69,185.504,2,640,640,"[614.12, 230.26, 25.88, 62.01]",d01bdd40-12_jpg
train,142,000142.jpg,30,3,Angle Bar,3,new-point-3,out_of_image_and_out_of_bbox,758.097,268.549,2,640,640,"[614.12, 230.26, 25.88, 62.01]",d01bdd40-12_jpg
train,147,000147.jpg,4309,3,Angle Bar,1,new-point-0,out_of_bbox,42.733,143.668,2,416,416,"[16.17, 100.99, 58.39, 42.67]",og.jpg
train,152,000152.jpg,6314,2,HI-Beam,2,new-point-1,out_of_bbox,95.49,101.599,2,283,177,"[26.76, 101.6, 87.94, 72.52]",-_20230924182425_png.jpg
train,155,000155.jpg,11027,3,Angle Bar,1,new-point-0,out_of_image_and_out_of_bbox,-170.833,60,2,640,640,"[0, 179.17, 70.83, 106.67]",417_original_png_jpg
train,155,000155.jpg,11027,3,Angle Bar,2,new-point-1,out_of_image_and_out_of_bbox,-345,291.667,2,640,640,"[0, 179.17, 70.83, 106.67]",417_original_png_jpg
train,155,000155.jpg,11028,3,Angle Bar,1,new-point-0,out_of_image_and_out_of_bbox,-170.833,127.5,2,640,640,"[0, 246, 70, 107]",417_original_png_jpg
train,155,000155.jpg,11028,3,Angle Bar,2,new-point-1,out_of_image_and_out_of_bbox,-345,359.167,2,640,640,"[0, 246, 70, 107]",417_original_png_jpg
train,155,000155.jpg,11029,3,Angle Bar,1,new-point-0,out_of_image_and_out_of_bbox,-170.833,185,2,640,640,"[0, 304.17, 81.67, 130]",417_original_png_jpg
train,155,000155.jpg,11029,3,Angle Bar,2,new-point-1,out_of_image_and_out_of_bbox,-345,416.667,2,640,640,"[0, 304.17, 81.67, 130]",417_original_png_jpg
train,155,000155.jpg,11030,3,Angle Bar,1,new-point-0,out_of_image_and_out_of_bbox,-170.833,216.667,2,640,640,"[0, 374.17, 81.67, 126.67]",417_original_png_jpg
train,155,000155.jpg,11030,3,Angle Bar,2,new-point-1,out_of_image_and_out_of_bbox,-345,448.333,2,640,640,"[0, 374.17, 81.67, 126.67]",417_original_png_jpg
train,155,000155.jpg,11031,3,Angle Bar,1,new-point-0,out_of_image_and_out_of_bbox,-170.833,294.167,2,640,640,"[0, 438.33, 81.67, 130]",417_original_png_jpg
train,155,000155.jpg,11031,3,Angle Bar,2,new-point-1,out_of_image_and_out_of_bbox,-345,525.833,2,640,640,"[0, 438.33, 81.67, 130]",417_original_png_jpg
train,157,000157.jpg,1248,1,T-beam,2,new-point-1,out_of_bbox,167.317,154.39,2,356,179,"[167.32, 50.24, 78.78, 119.02]",-2024-04-09-190744.png
train,160,000160.jpg,2481,3,Angle Bar,3,new-point-3,out_of_image,416,44.964,2,416,416,"[264.83, 0, 151.17, 108.92]",d01bdd40-12.jpg
train,160,000160.jpg,2482,3,Angle Bar,3,new-point-3,out_of_image,416,88.803,2,416,416,"[228, 0, 188, 152]",d01bdd40-12.jpg
train,160,000160.jpg,2483,3,Angle Bar,3,new-point-3,out_of_image,416,133.205,2,416,416,"[219.86, 19.67, 196.14, 177.49]",d01bdd40-12.jpg
train,160,000160.jpg,2484,3,Angle Bar,3,new-point-3,out_of_image,416,210.767,2,416,416,"[229.42, 83.18, 186.58, 165.12]",d01bdd40-12.jpg
train,160,000160.jpg,2486,3,Angle Bar,3,new-point-3,out_of_bbox,208.795,281.472,1,416,416,"[150.78, 232.56, 43.87, 57.66]",d01bdd40-12.jpg
train,160,000160.jpg,2487,3,Angle Bar,1,new-point-0,out_of_bbox,65.499,209.208,1,416,416,"[35.95, 216.09, 59.13, 42.81]",d01bdd40-12.jpg
train,160,000160.jpg,2488,3,Angle Bar,1,new-point-0,out_of_bbox,121.312,214.428,1,416,416,"[91.76, 216.9, 62.74, 47.22]",d01bdd40-12.jpg
train,160,000160.jpg,2489,3,Angle Bar,1,new-point-0,out_of_bbox,182.746,213.625,1,416,416,"[153.19, 216.09, 41.46, 47.22]",d01bdd40-12.jpg
train,160,000160.jpg,2489,3,Angle Bar,3,new-point-3,out_of_bbox,210.803,259.388,1,416,416,"[153.19, 216.09, 41.46, 47.22]",d01bdd40-12.jpg
train,160,000160.jpg,2492,3,Angle Bar,2,new-point-1,out_of_bbox,127.686,214.001,1,416,416,"[125.09, 215.69, 60.33, 44.01]",d01bdd40-12.jpg
train,160,000160.jpg,2492,3,Angle Bar,3,new-point-3,out_of_bbox,182.696,211.993,1,416,416,"[125.09, 215.69, 60.33, 44.01]",d01bdd40-12.jpg
train,160,000160.jpg,2493,3,Angle Bar,2,new-point-1,out_of_bbox,66.252,207.175,1,416,416,"[63.65, 215.29, 60.33, 37.59]",d01bdd40-12.jpg
train,160,000160.jpg,2493,3,Angle Bar,3,new-point-3,out_of_bbox,121.262,205.167,1,416,416,"[63.65, 215.29, 60.33, 37.59]",d01bdd40-12.jpg
train,166,000166.jpg,10561,2,HI-Beam,6,new-point-5,out_of_bbox,193.333,115.617,2,667,500,"[186.67, 116.11, 251.11, 146.79]",steelbeam46.jpg
train,166,000166.jpg,10562,2,HI-Beam,6,new-point-5,out_of_bbox,211.667,268.461,2,667,500,"[203.33, 268.61, 243.33, 137.69]",steelbeam46.jpg
train,168,000168.jpg,1012,3,Angle Bar,1,new-point-0,out_of_image_and_out_of_bbox,137.484,-8.048,1,640,640,"[55.66, 0, 179.06, 123.4]",fe395024-27_jpg
train,168,000168.jpg,1013,3,Angle Bar,2,new-point-1,out_of_image_and_out_of_bbox,148.885,-6.707,1,640,640,"[136.14, 0, 173.7, 99.93]",fe395024-27_jpg
train,168,000168.jpg,1033,3,Angle Bar,1,new-point-0,out_of_image_and_out_of_bbox,321.471,-41.772,1,640,640,"[219, 0, 213, 92]",fe395024-27_jpg
train,168,000168.jpg,1034,3,Angle Bar,1,new-point-0,out_of_image_and_out_of_bbox,597.755,-26.772,1,640,640,"[476.97, 0, 163.03, 131.14]",fe395024-27_jpg
train,168,000168.jpg,1034,3,Angle Bar,3,new-point-3,out_of_image_and_out_of_bbox,702.117,84.167,1,640,640,"[476.97, 0, 163.03, 131.14]",fe395024-27_jpg
train,168,000168.jpg,1035,3,Angle Bar,3,new-point-3,out_of_image_and_out_of_bbox,702.117,143.333,1,640,640,"[476.97, 18.33, 163.03, 171.97]",fe395024-27_jpg
train,168,000168.jpg,1036,3,Angle Bar,3,new-point-3,out_of_image_and_out_of_bbox,702.117,198.333,1,640,640,"[476.97, 73.33, 163.03, 171.97]",fe395024-27_jpg
train,168,000168.jpg,1037,3,Angle Bar,3,new-point-3,out_of_image_and_out_of_bbox,714.617,267.5,1,640,640,"[489.47, 142.5, 150.53, 171.97]",fe395024-27_jpg
train,168,000168.jpg,1038,3,Angle Bar,3,new-point-3,out_of_image_and_out_of_bbox,714.617,329.167,1,640,640,"[489.47, 204.17, 150.53, 161.97]",fe395024-27_jpg
train,168,000168.jpg,1039,3,Angle Bar,3,new-point-3,out_of_image_and_out_of_bbox,714.617,395.834,1,640,640,"[489.47, 270.83, 150.53, 161.97]",fe395024-27_jpg
train,168,000168.jpg,1040,3,Angle Bar,3,new-point-3,out_of_image_and_out_of_bbox,714.617,457.5,1,640,640,"[489.47, 332.5, 150.53, 156.14]",fe395024-27_jpg
train,168,000168.jpg,1041,3,Angle Bar,3,new-point-3,out_of_image_and_out_of_bbox,698.784,509.167,1,640,640,"[473, 384, 167, 156]",fe395024-27_jpg
train,168,000168.jpg,1042,3,Angle Bar,3,new-point-3,out_of_image_and_out_of_bbox,695.451,552.5,1,640,640,"[470.3, 427.5, 169.7, 156.14]",fe395024-27_jpg
train,169,000169.jpg,3389,1,T-beam,2,new-point-1,out_of_bbox,71.667,211.509,2,720,500,"[71.67, 22.54, 178.33, 203.3]",63425d5759c4599a8fe3dca4673630a_png.jpg
train,169,000169.jpg,3389,1,T-beam,4,new-point-3,out_of_bbox,171.111,22.538,2,720,500,"[71.67, 22.54, 178.33, 203.3]",63425d5759c4599a8fe3dca4673630a_png.jpg
train,169,000169.jpg,3398,1,T-beam,4,new-point-3,out_of_bbox,378.333,273.758,2,720,500,"[278.06, 274.31, 179.72, 197.08]",63425d5759c4599a8fe3dca4673630a_png.jpg
train,169,000169.jpg,3407,1,T-beam,4,new-point-3,out_of_bbox,627.222,135.368,2,720,500,"[545, 135.37, 144.44, 162.41]",63425d5759c4599a8fe3dca4673630a_png.jpg
train,172,000172.jpg,1296,1,T-beam,4,new-point-3,out_of_bbox,191.304,299.565,2,471,329,"[16.09, 95.65, 209.13, 203.91]",-2024-04-10-132306.png
train,175,000175.jpg,887,2,HI-Beam,4,new-point-3,out_of_image,510.833,800,2,800,800,"[385, 185.42, 237.5, 614.58]",7p96blxd_png.jpg
train,175,000175.jpg,887,2,HI-Beam,5,new-point-4,out_of_image,612.5,800,2,800,800,"[385, 185.42, 237.5, 614.58]",7p96blxd_png.jpg
train,175,000175.jpg,887,2,HI-Beam,6,new-point-5,out_of_image,389.167,800,2,800,800,"[385, 185.42, 237.5, 614.58]",7p96blxd_png.jpg
train,175,000175.jpg,890,2,HI-Beam,4,new-point-3,out_of_image,253.333,800,2,800,800,"[128.75, 191.67, 244.58, 608.33]",7p96blxd_png.jpg
train,175,000175.jpg,890,2,HI-Beam,5,new-point-4,out_of_image,368.333,800,2,800,800,"[128.75, 191.67, 244.58, 608.33]",7p96blxd_png.jpg
train,175,000175.jpg,890,2,HI-Beam,6,new-point-5,out_of_image,135.833,800,2,800,800,"[128.75, 191.67, 244.58, 608.33]",7p96blxd_png.jpg
train,178,000178.jpg,6841,1,T-beam,1,new-point-0,out_of_image_and_out_of_bbox,-40,311.667,2,640,640,"[0, 295, 90, 345]",-2024-04-08-181644_png_jpg
train,178,000178.jpg,6841,1,T-beam,2,new-point-1,out_of_bbox,101.667,295,2,640,640,"[0, 295, 90, 345]",-2024-04-08-181644_png_jpg
train,178,000178.jpg,6841,1,T-beam,3,new-point-2,out_of_image_and_out_of_bbox,-124.167,322.5,2,640,640,"[0, 295, 90, 345]",-2024-04-08-181644_png_jpg
train,179,000179.jpg,440,2,HI-Beam,5,new-point-4,out_of_image,191.739,275,2,300,275,"[76.38, 45.83, 128.41, 229.17]",img_128.jpg
train,181,000181.jpg,4725,1,T-beam,3,new-point-2,out_of_image,130.526,196,2,233,196,"[49.21, 96.32, 87.11, 99.68]",-2024-04-10-132218_png.jpg
train,181,000181.jpg,4725,1,T-beam,4,new-point-3,out_of_image,56.316,196,2,233,196,"[49.21, 96.32, 87.11, 99.68]",-2024-04-10-132218_png.jpg
train,184,000184.jpg,5087,1,T-beam,2,new-point-1,out_of_bbox,0,120,2,640,640,"[0.83, 54.17, 262.5, 538.33]",-_20230924182506_png_jpg
train,184,000184.jpg,5091,1,T-beam,3,new-point-2,out_of_image_and_out_of_bbox,570,-1.667,2,640,640,"[304.17, 0, 278.33, 530]",-_20230924182506_png_jpg
train,189,000189.jpg,11501,1,T-beam,2,new-point-1,out_of_image,526.667,640,2,640,640,"[296.67, 354.17, 237.5, 285.83]",-2024-04-08-181137_png_jpg
train,192,000192.jpg,5764,1,T-beam,2,new-point-1,out_of_image_and_out_of_bbox,640,105.833,2,640,640,"[422.5, 73.33, 216.5, 295.83]",c60978eed390eee904ede0407128e00_png_jpg
train,193,000193.jpg,1000,1,T-beam,4,new-point-3,out_of_bbox,168.333,561.667,2,640,640,"[49.17, 55.83, 275, 440]",-_20230924182506_png_jpg
train,195,000195.jpg,6806,1,T-beam,3,new-point-2,out_of_bbox,234.167,588.333,2,640,640,"[235, 343.33, 245.83, 253.33]",a11e48597575f2867df096f0aff0f8c_png_jpg
train,197,000197.jpg,10269,1,T-beam,3,new-point-2,out_of_bbox,513.333,160,2,640,640,"[202.5, 125, 287.5, 362.5]",-2024-04-10-133445_png
train,197,000197.jpg,10269,1,T-beam,4,new-point-3,out_of_bbox,305,512.5,2,640,640,"[202.5, 125, 287.5, 362.5]",-2024-04-10-133445_png
train,198,000198.jpg,1583,1,T-beam,4,new-point-3,out_of_bbox,205.195,175.14,2,907,322,"[173.5, 175.59, 115.77, 129.97]",-_20230708190558_png.jpg
train,198,000198.jpg,1588,1,T-beam,4,new-point-3,out_of_bbox,607.977,170.732,2,907,322,"[546.96, 171.23, 130.76, 139.11]",-_20230708190558_png.jpg
train,198,000198.jpg,1594,1,T-beam,2,new-point-1,out_of_bbox,522.297,163.539,2,907,322,"[522.3, 5.06, 137.49, 160.32]",-_20230708190558_png.jpg
train,198,000198.jpg,1594,1,T-beam,4,new-point-3,out_of_bbox,586.059,3.567,2,907,322,"[522.3, 5.06, 137.49, 160.32]",-_20230708190558_png.jpg
train,198,000198.jpg,1595,1,T-beam,4,new-point-3,out_of_bbox,501.874,2.571,2,907,322,"[440.1, 3.07, 136.49, 156.34]",-_20230708190558_png.jpg
train,199,000199.jpg,10588,1,T-beam,4,new-point-3,out_of_bbox,144.167,369.967,2,640,640,"[316.67, 0, 263.33, 500]",-_20230924182503_png_jpg
train,201,000201.jpg,1459,1,T-beam,3,new-point-2,out_of_bbox,527.5,161.667,2,640,640,"[415.83, 161.67, 116.67, 151.67]",103f559751e75f575b7101078f8b0fa_png_jpg
train,201,000201.jpg,1460,1,T-beam,2,new-point-1,out_of_bbox,439.167,74.167,2,640,640,"[415, 74.17, 115, 150.83]",103f559751e75f575b7101078f8b0fa_png_jpg
train,201,000201.jpg,1463,1,T-beam,2,new-point-1,out_of_bbox,639.167,260.833,2,640,640,"[533.33, 245, 105.67, 152.5]",103f559751e75f575b7101078f8b0fa_png_jpg
train,205,000205.jpg,11122,1,T-beam,3,new-point-2,out_of_bbox,148.696,224.752,2,412,258,"[0, 40, 148, 197]",-2024-04-08-181030_png.jpg
train,205,000205.jpg,11123,1,T-beam,3,new-point-2,out_of_bbox,240.435,221.85,2,412,258,"[91.3, 38, 149.13, 198.66]",-2024-04-08-181030_png.jpg
train,206,000206.jpg,10546,1,T-beam,2,new-point-1,out_of_image,640,478.333,2,640,640,"[342.5, 83.33, 297.5, 467.5]",-2024-04-08-181446_png_jpg
train,210,000210.jpg,6707,1,T-beam,2,new-point-1,out_of_bbox,159.375,89.688,2,273,232,"[90.94, 91.56, 90.94, 131.56]",-2024-04-10-132132.png
train,211,000211.jpg,4882,1,T-beam,4,new-point-3,out_of_bbox,38.925,21.31,2,169,199,"[7.42, 21.53, 54.3, 46.65]",-2024-04-10-131903_png.jpg
train,211,000211.jpg,4888,1,T-beam,3,new-point-2,out_of_bbox,64.516,107.154,2,169,199,"[11.29, 70.36, 53.01, 50.71]",-2024-04-10-131903_png.jpg
train,212,000212.jpg,435,1,T-beam,2,new-point-1,out_of_bbox,1.667,184.167,2,640,640,"[2.5, 103.33, 331.67, 402.5]",-2024-04-10-133445_png_jpg
train,212,000212.jpg,436,1,T-beam,3,new-point-2,out_of_image,640,304.167,2,640,640,"[385, 250, 255, 372.5]",-2024-04-10-133445_png_jpg
train,212,000212.jpg,437,1,T-beam,3,new-point-2,out_of_bbox,185.833,175.833,2,640,640,"[190, 143.33, 330.83, 374.17]",-2024-04-10-133445_png_jpg
train,224,000224.jpg,7661,1,T-beam,4,new-point-3,out_of_image,640,328.333,2,640,640,"[331.67, 289.17, 308.33, 98.33]",-_20230708190558_png_jpg
train,225,000225.jpg,4244,2,HI-Beam,6,new-point-5,out_of_bbox,398.193,259.414,2,640,640,"[398.36, 220.82, 83.75, 42.22]",0804d9c3-5e85-4605-a005-23740bee0700_jpg
train,231,000231.jpg,897,1,T-beam,3,new-point-2,out_of_bbox,234.872,274.762,2,421,467,"[65.38, 267.95, 169.49, 179.71]",-2024-04-08-180937_png.jpg
train,231,000231.jpg,898,1,T-beam,4,new-point-3,out_of_bbox,238.302,269.573,2,421,467,"[153.15, 269.96, 163.48, 173.91]",-2024-04-08-180937_png.jpg
train,231,000231.jpg,902,1,T-beam,3,new-point-2,out_of_bbox,171.847,123.454,2,421,467,"[65.35, 118.88, 106.21, 113.96]",-2024-04-08-180937_png.jpg
train,231,000231.jpg,903,1,T-beam,3,new-point-2,out_of_bbox,225.381,233.985,2,421,467,"[120.02, 126.59, 105.07, 109.47]",-2024-04-08-180937_png.jpg
train,231,000231.jpg,903,1,T-beam,4,new-point-3,out_of_bbox,173.271,126.588,2,421,467,"[120.02, 126.59, 105.07, 109.47]",-2024-04-08-180937_png.jpg
train,232,000232.jpg,3216,3,Angle Bar,2,new-point-1,out_of_image_and_out_of_bbox,417.111,173.333,2,416,416,"[305.56, 113.89, 110.44, 107.22]",d5f3ab32-26.jpg
train,232,000232.jpg,3217,3,Angle Bar,2,new-point-1,out_of_image_and_out_of_bbox,417.111,211.667,2,416,416,"[317.22, 152.22, 98.78, 88.33]",d5f3ab32-26.jpg
train,232,000232.jpg,3218,3,Angle Bar,2,new-point-1,out_of_image,416,231.667,2,416,416,"[324, 182, 92, 88]",d5f3ab32-26.jpg
train,232,000232.jpg,3219,3,Angle Bar,2,new-point-1,out_of_image,416,252.778,2,416,416,"[330.56, 214.44, 85.44, 88.33]",d5f3ab32-26.jpg
train,234,000234.jpg,9081,1,T-beam,2,new-point-1,out_of_image_and_out_of_bbox,311.445,-67.778,2,347,276,"[218, 0, 129, 88]",-2024-04-10-132159.png
train,234,000234.jpg,9081,1,T-beam,3,new-point-2,out_of_image,347,75.185,2,347,276,"[218, 0, 129, 88]",-2024-04-10-132159.png
train,247,000247.jpg,6243,3,Angle Bar,1,new-point-0,out_of_image_and_out_of_bbox,59.167,647.5,2,640,640,"[38.33, 548.33, 92.5, 90.83]",417_original_png_jpg
train,247,000247.jpg,6251,3,Angle Bar,1,new-point-0,out_of_image_and_out_of_bbox,380.833,691.667,2,640,640,"[185, 443.33, 401.67, 196.67]",417_original_png_jpg
train,247,000247.jpg,6255,3,Angle Bar,1,new-point-0,out_of_image_and_out_of_bbox,287.5,-48.333,1,640,640,"[207.5, 0, 186.67, 96.67]",417_original_png_jpg
train,247,000247.jpg,6258,3,Angle Bar,1,new-point-0,out_of_image_and_out_of_bbox,468.333,-11.667,2,640,640,"[376.67, 0, 241.67, 145.83]",417_original_png_jpg
train,247,000247.jpg,6259,3,Angle Bar,1,new-point-0,out_of_image_and_out_of_bbox,458.333,-93.333,1,640,640,"[366.67, 1.67, 241.67, 62.5]",417_original_png_jpg
train,250,000250.jpg,4122,1,T-beam,3,new-point-2,out_of_image_and_out_of_bbox,570,-1.667,2,640,640,"[304.17, 0, 278.33, 530]",-_20230924182509_png
train,255,000255.jpg,176,1,T-beam,4,new-point-3,out_of_image,155,640,2,640,640,"[132.5, 317.5, 245.83, 322.5]",-2024-04-10-132218_png_jpg
train,260,000260.jpg,1292,1,T-beam,3,new-point-2,out_of_image,640,572.727,2,640,640,"[133.64, 350.91, 506.36, 279.09]",-2024-04-08-181030_png_jpg
train,260,000260.jpg,1295,1,T-beam,2,new-point-1,out_of_image_and_out_of_bbox,510.909,-44.545,2,640,640,"[89, 0, 513, 212]",-2024-04-08-181030_png_jpg
train,270,000270.jpg,9704,3,Angle Bar,3,new-point-3,out_of_image,148.051,640,2,640,640,"[113.46, 560.57, 82.2, 79.43]",og_jpg
train,270,000270.jpg,9705,3,Angle Bar,3,new-point-3,out_of_image,168.579,640,2,640,640,"[133.99, 560.57, 82.2, 79.43]",og_jpg
train,278,000278.jpg,10182,1,T-beam,3,new-point-2,out_of_image_and_out_of_bbox,46.667,643.333,2,640,640,"[35.83, 104.17, 284.17, 535.83]",-2024-04-08-181324_png_jpg
train,278,000278.jpg,10183,1,T-beam,2,new-point-1,out_of_image_and_out_of_bbox,-36.667,114.167,2,640,640,"[0, 70.83, 235.83, 541.67]",-2024-04-08-181324_png_jpg
train,280,000280.jpg,3055,1,T-beam,2,new-point-1,out_of_image,640,580.833,2,640,640,"[252.5, 380, 387.5, 260]",-2024-04-08-181302_png_jpg
train,280,000280.jpg,3055,1,T-beam,3,new-point-2,out_of_image,291.667,640,2,640,640,"[252.5, 380, 387.5, 260]",-2024-04-08-181302_png_jpg
train,285,000285.jpg,1414,2,HI-Beam,3,new-point-2,out_of_bbox,42.533,45.774,2,298,250,"[42.8, 32.67, 108.27, 205.99]",-2024-04-08-175857_png.jpg
train,289,000289.jpg,9290,0,Channel,3,new-point-2,out_of_image_and_out_of_bbox,488.759,465.751,1,488,1040,"[460.73, 452.4, 27.27, 14.56]",75eca624-51dc-4c3c-b562-01af37c83370.jpg
train,289,000289.jpg,9290,0,Channel,4,new-point-3,out_of_image_and_out_of_bbox,488.539,453.969,1,488,1040,"[460.73, 452.4, 27.27, 14.56]",75eca624-51dc-4c3c-b562-01af37c83370.jpg
train,289,000289.jpg,9386,0,Channel,4,new-point-3,out_of_bbox,274.781,360.336,2,488,1040,"[257.04, 351.73, 18.06, 7.16]",75eca624-51dc-4c3c-b562-01af37c83370.jpg
train,289,000289.jpg,9392,0,Channel,4,new-point-3,out_of_bbox,329.971,362.526,2,488,1040,"[314.49, 353.92, 15.79, 7.32]",75eca624-51dc-4c3c-b562-01af37c83370.jpg
train,289,000289.jpg,9398,0,Channel,4,new-point-3,out_of_bbox,312.304,371.911,2,488,1040,"[294.79, 362.99, 17.98, 8.33]",75eca624-51dc-4c3c-b562-01af37c83370.jpg
train,289,000289.jpg,9486,0,Channel,4,new-point-3,out_of_bbox,403.375,379.6,2,488,1040,"[382.43, 368, 20.76, 10.88]",75eca624-51dc-4c3c-b562-01af37c83370.jpg
train,289,000289.jpg,9539,0,Channel,3,new-point-2,out_of_bbox,478.196,370.586,2,488,1040,"[459.3, 370.02, 18.52, 8.85]",75eca624-51dc-4c3c-b562-01af37c83370.jpg
train,289,000289.jpg,9539,0,Channel,4,new-point-3,out_of_bbox,477.822,380.691,2,488,1040,"[459.3, 370.02, 18.52, 8.85]",75eca624-51dc-4c3c-b562-01af37c83370.jpg
train,289,000289.jpg,9545,0,Channel,4,new-point-3,out_of_bbox,480.44,368.34,2,488,1040,"[458.46, 356.36, 21.6, 9.04]",75eca624-51dc-4c3c-b562-01af37c83370.jpg
train,289,000289.jpg,9546,0,Channel,2,new-point-1,out_of_bbox,462.109,368.34,2,488,1040,"[462.11, 358.39, 20.95, 11.63]",75eca624-51dc-4c3c-b562-01af37c83370.jpg
train,290,000290.jpg,3001,1,T-beam,2,new-point-1,out_of_image_and_out_of_bbox,640,245.594,2,640,640,"[463.36, 230.66, 175.64, 168.93]",Besi-T-Beam.jpg
train,290,000290.jpg,3006,1,T-beam,2,new-point-1,out_of_bbox,515.196,0,2,640,640,"[363.51, 0.59, 204.19, 179.28]",Besi-T-Beam.jpg
train,290,000290.jpg,3008,1,T-beam,2,new-point-1,out_of_image,50.561,640,2,640,640,"[27.56, 543.73, 141.01, 96.27]",Besi-T-Beam.jpg
train,290,000290.jpg,3011,1,T-beam,4,new-point-3,out_of_image,441.659,640,2,640,640,"[318, 514, 131, 126]",Besi-T-Beam.jpg
train,291,000291.jpg,3052,1,T-beam,3,new-point-2,out_of_image,640,125.833,2,640,640,"[324.17, 17.5, 315.83, 488.33]",-2024-04-08-181724_png_jpg
train,294,000294.jpg,1314,3,Angle Bar,1,new-point-0,out_of_image_and_out_of_bbox,-28.333,552.5,2,640,640,"[0, 436.67, 100, 203.33]",16c3ab3b-13_jpg
train,294,000294.jpg,1314,3,Angle Bar,3,new-point-3,out_of_image_and_out_of_bbox,83.333,644.167,2,640,640,"[0, 436.67, 100, 203.33]",16c3ab3b-13_jpg
train,294,000294.jpg,1326,3,Angle Bar,3,new-point-3,out_of_image_and_out_of_bbox,663.333,269.167,2,640,640,"[548.33, 73.33, 91.67, 201.67]",16c3ab3b-13_jpg
train,294,000294.jpg,1327,3,Angle Bar,2,new-point-1,out_of_image_and_out_of_bbox,690.833,71.667,2,640,640,"[607.5, 133.33, 31.67, 88.33]",16c3ab3b-13_jpg
train,294,000294.jpg,1327,3,Angle Bar,3,new-point-3,out_of_image_and_out_of_bbox,722.5,254.167,2,640,640,"[607.5, 133.33, 31.67, 88.33]",16c3ab3b-13_jpg
train,295,000295.jpg,3025,1,T-beam,3,new-point-2,out_of_image_and_out_of_bbox,-8.529,13.823,2,267,221,"[0, 8.82, 101.18, 159.41]",-2024-04-08-181529.png
train,300,000300.jpg,9907,2,HI-Beam,6,new-point-5,out_of_bbox,181.571,506.44,2,810,1080,"[151.88, 480.88, 29.69, 33.9]",f1b0a59b-29ce-4d9a-80fb-33556ede7ad3.jpg
train,300,000300.jpg,9909,2,HI-Beam,6,new-point-5,out_of_bbox,188.411,558.908,2,810,1080,"[158.72, 533.35, 29.69, 33.9]",f1b0a59b-29ce-4d9a-80fb-33556ede7ad3.jpg
train,300,000300.jpg,9918,2,HI-Beam,6,new-point-5,out_of_bbox,230.12,556.459,2,810,1080,"[200.34, 529.44, 29.69, 33.9]",f1b0a59b-29ce-4d9a-80fb-33556ede7ad3.jpg
train,300,000300.jpg,9955,2,HI-Beam,3,new-point-2,out_of_bbox,443.552,461.172,2,810,1080,"[443.57, 459.42, 27.74, 28.8]",f1b0a59b-29ce-4d9a-80fb-33556ede7ad3.jpg
train,300,000300.jpg,9956,2,HI-Beam,3,new-point-2,out_of_bbox,445.238,489.628,2,810,1080,"[445.26, 487.87, 27.74, 28.8]",f1b0a59b-29ce-4d9a-80fb-33556ede7ad3.jpg
train,300,000300.jpg,9957,2,HI-Beam,3,new-point-2,out_of_bbox,446.381,518.952,2,810,1080,"[446.4, 517.2, 27.74, 28.8]",f1b0a59b-29ce-4d9a-80fb-33556ede7ad3.jpg
train,300,000300.jpg,9958,2,HI-Beam,3,new-point-2,out_of_bbox,460.746,523.34,2,810,1080,"[460.76, 521.59, 27.74, 28.8]",f1b0a59b-29ce-4d9a-80fb-33556ede7ad3.jpg
train,300,000300.jpg,9959,2,HI-Beam,3,new-point-2,out_of_bbox,460.806,494.011,2,810,1080,"[460.82, 492.26, 27.74, 28.8]",f1b0a59b-29ce-4d9a-80fb-33556ede7ad3.jpg
train,300,000300.jpg,9960,2,HI-Beam,3,new-point-2,out_of_bbox,459.675,464.899,2,810,1080,"[459.69, 463.14, 27.74, 28.8]",f1b0a59b-29ce-4d9a-80fb-33556ede7ad3.jpg
train,307,000307.jpg,298,1,T-beam,4,new-point-3,out_of_bbox,254.167,29.167,2,1012,644,"[192.5, 30.83, 173.33, 218.33]",4aedfa6ec53befe81c754afb6a00c59_png.jpg
train,315,000315.jpg,1412,2,HI-Beam,5,new-point-4,out_of_bbox,322.662,309.558,1,328,458,"[249.96, 175.81, 72.38, 138.26]",05dfrr2l_png.jpg
train,317,000317.jpg,1403,2,HI-Beam,6,new-point-5,out_of_bbox,98.369,342.119,2,574,1020,"[98.44, 230.09, 56.28, 115.6]",a542eea0-3457-48fb-b251-a2de8b20507b.jpg
train,317,000317.jpg,1408,2,HI-Beam,2,new-point-1,out_of_bbox,358.733,233.429,2,574,1020,"[299.17, 231.16, 59.21, 118.38]",a542eea0-3457-48fb-b251-a2de8b20507b.jpg
train,317,000317.jpg,1414,2,HI-Beam,6,new-point-5,out_of_bbox,414.729,484.503,2,574,1020,"[414.73, 371.97, 65.09, 116.82]",a542eea0-3457-48fb-b251-a2de8b20507b.jpg
train,318,000318.jpg,134,1,T-beam,3,new-point-2,out_of_image,640,60,2,640,640,"[382.5, 36.67, 257.5, 537.5]",-2024-04-08-181324_png_jpg
train,319,000319.jpg,6858,1,T-beam,2,new-point-1,out_of_image_and_out_of_bbox,-6.253,450.215,2,640,640,"[0, 223.86, 279.2, 235.11]",-2024-04-08-181153_png_jpg
train,319,000319.jpg,6859,1,T-beam,3,new-point-2,out_of_image_and_out_of_bbox,85.041,-7.504,2,640,640,"[33.14, 0, 295.46, 215.73]",-2024-04-08-181153_png_jpg
train,319,000319.jpg,6865,1,T-beam,2,new-point-1,out_of_image_and_out_of_bbox,642.127,125.68,2,640,640,"[375.82, 116.46, 264.18, 235.74]",-2024-04-08-181153_png_jpg
train,332,000332.jpg,734,2,HI-Beam,2,new-point-1,out_of_bbox,380.517,381.454,2,540,960,"[380.52, 380.32, 21.09, 78.36]",PHOTO-2024-10-10-14-22-00.jpg
train,332,000332.jpg,756,2,HI-Beam,6,new-point-5,out_of_bbox,348.504,570.478,2,540,960,"[320.06, 464.75, 28.21, 107.18]",PHOTO-2024-10-10-14-22-00.jpg
train,332,000332.jpg,758,2,HI-Beam,2,new-point-1,out_of_bbox,350.678,470.514,2,540,960,"[350.68, 469.4, 26.45, 101.8]",PHOTO-2024-10-10-14-22-00.jpg
train,333,000333.jpg,4199,1,T-beam,4,new-point-3,out_of_image,442.956,640,2,640,640,"[317.17, 509.85, 136.02, 130.15]",Besi-T-Beam_jpg
train,333,000333.jpg,4200,1,T-beam,4,new-point-3,out_of_image,548.894,640,2,640,640,"[442, 537.69, 132.82, 102.31]",Besi-T-Beam_jpg
train,333,000333.jpg,4208,1,T-beam,2,new-point-1,out_of_bbox,639.47,252.843,2,640,640,"[465.04, 231.08, 173.96, 170.59]",Besi-T-Beam_jpg
train,333,000333.jpg,4209,1,T-beam,1,new-point-0,out_of_image_and_out_of_bbox,238.441,-23.044,2,640,640,"[153.63, 0, 192.67, 127.38]",Besi-T-Beam_jpg
train,333,000333.jpg,4209,1,T-beam,2,new-point-1,out_of_image_and_out_of_bbox,311.413,-91.536,2,640,640,"[153.63, 0, 192.67, 127.38]",Besi-T-Beam_jpg
train,339,000339.jpg,11110,1,T-beam,4,new-point-3,out_of_bbox,327.5,19.167,2,640,640,"[36.67, 22.5, 541.67, 236.67]",-2024-04-08-181302_png_jpg
train,340,000340.jpg,1152,1,T-beam,3,new-point-2,out_of_bbox,265,96.667,2,640,640,"[226.67, 96.67, 193.33, 190]",2b13b33baf8efae5a7c98d265a29d9b_png_jpg
train,341,000341.jpg,4791,1,T-beam,2,new-point-1,out_of_bbox,246.667,544.167,2,640,640,"[20.83, 118.33, 225.83, 434.17]",-2024-04-08-181514_png_jpg
train,345,000345.jpg,10941,2,HI-Beam,2,new-point-1,out_of_image,297,14.409,2,297,325,"[169, 8, 128, 284]",-2024-04-08-180157_png.jpg
train,346,000346.jpg,3076,1,T-beam,3,new-point-2,out_of_bbox,109.167,300,2,640,640,"[109.17, 22.5, 187.5, 283.33]",55f2e3dcaca58008c38d3de88bfed5a_png
train,347,000347.jpg,2434,2,HI-Beam,3,new-point-2,out_of_bbox,394.444,13.737,2,1095,727,"[67.78, 15.93, 336.3, 340.92]",-_20230924182500_png.jpg
train,347,000347.jpg,2435,2,HI-Beam,3,new-point-2,out_of_bbox,16.667,187.137,2,1095,727,"[0, 188, 336, 354]",-_20230924182500_png.jpg
train,347,000347.jpg,2435,2,HI-Beam,5,new-point-4,out_of_bbox,315.185,542.106,2,1095,727,"[0, 188, 336, 354]",-_20230924182500_png.jpg
train,347,000347.jpg,2438,2,HI-Beam,3,new-point-2,out_of_bbox,724.444,12.986,2,1095,727,"[406.67, 15.93, 330.37, 343.14]",-_20230924182500_png.jpg
train,347,000347.jpg,2440,2,HI-Beam,6,new-point-5,out_of_bbox,685.926,192.323,2,1095,727,"[664.44, 192.59, 337.04, 346.55]",-_20230924182500_png.jpg
train,352,000352.jpg,33,3,Angle Bar,1,new-point-0,out_of_image_and_out_of_bbox,-4.599,140.281,1,416,416,"[0, 73.02, 80.49, 124.47]",fe395024-27.jpg
train,352,000352.jpg,37,3,Angle Bar,2,new-point-1,out_of_image_and_out_of_bbox,124.471,-40.819,1,416,416,"[40.82, 0, 96.3, 78.19]",fe395024-27.jpg
train,352,000352.jpg,39,3,Angle Bar,2,new-point-1,out_of_image_and_out_of_bbox,82.53,-55.309,1,416,416,"[0.89, 0, 102.94, 76.08]",fe395024-27.jpg
train,352,000352.jpg,40,3,Angle Bar,2,new-point-1,out_of_image_and_out_of_bbox,163.565,-40.819,1,416,416,"[79.91, 0, 96.3, 78.19]",fe395024-27.jpg
train,352,000352.jpg,41,3,Angle Bar,2,new-point-1,out_of_image_and_out_of_bbox,-35.515,17.823,1,416,416,"[0, 8.34, 57.91, 137.12]",fe395024-27.jpg
train,352,000352.jpg,41,3,Angle Bar,3,new-point-3,out_of_image_and_out_of_bbox,-21.142,135.394,1,416,416,"[0, 8.34, 57.91, 137.12]",fe395024-27.jpg
train,352,000352.jpg,43,3,Angle Bar,3,new-point-3,out_of_bbox,355.996,211.197,2,416,416,"[303.62, 113.11, 86.81, 97.84]",fe395024-27.jpg
train,352,000352.jpg,51,3,Angle Bar,1,new-point-0,out_of_bbox,170.683,169.558,1,416,416,"[186.95, 108.98, 80.81, 103.09]",fe395024-27.jpg
train,352,000352.jpg,52,3,Angle Bar,2,new-point-1,out_of_image_and_out_of_bbox,396.352,-13.52,1,416,416,"[318.65, 0, 85.89, 111.23]",fe395024-27.jpg
train,352,000352.jpg,63,3,Angle Bar,2,new-point-1,out_of_bbox,244.017,207.514,2,416,416,"[86.01, 236.53, 116.82, 179.47]",fe395024-27.jpg
train,352,000352.jpg,65,3,Angle Bar,3,new-point-3,out_of_image,416,323.177,2,416,416,"[188.52, 239.27, 227.48, 122.87]",fe395024-27.jpg
train,352,000352.jpg,66,3,Angle Bar,3,new-point-3,out_of_image,416,288.084,2,416,416,"[188.52, 204.18, 227.48, 122.87]",fe395024-27.jpg
train,362,000362.jpg,881,2,HI-Beam,6,new-point-5,out_of_image,221.417,318,2,367,318,"[181.35, 23.31, 182.75, 294.69]",-2024-04-08-180136_png.jpg
train,363,000363.jpg,131,1,T-beam,1,new-point-0,out_of_image,640,238.333,2,640,640,"[126.67, 94.17, 513.33, 294.17]",-2024-04-08-181056_png_jpg
train,363,000363.jpg,131,1,T-beam,2,new-point-1,out_of_image_and_out_of_bbox,667.5,110,1,640,640,"[126.67, 94.17, 513.33, 294.17]",-2024-04-08-181056_png_jpg
train,366,000366.jpg,4065,0,Channel,2,new-point-1,out_of_image_and_out_of_bbox,497.664,-1.601,1,1080,486,"[493, 1.35, 31.61, 11.61]",65867ef9-762d-4a64-afe5-739d073e49da.jpg
train,366,000366.jpg,4066,0,Channel,2,new-point-1,out_of_image_and_out_of_bbox,466.742,-5.918,1,1080,486,"[463.43, 0, 33.79, 11.09]",65867ef9-762d-4a64-afe5-739d073e49da.jpg
train,370,000370.jpg,347,1,T-beam,2,new-point-1,out_of_bbox,510.833,0,2,640,640,"[350, 2.5, 171.67, 184.17]",52a9972f9c6177ed93c9ee9718fb72a_png_jpg
train,373,000373.jpg,10195,1,T-beam,4,new-point-3,out_of_bbox,410,289.167,2,640,640,"[315, 294.17, 140, 210.83]",63425d5759c4599a8fe3dca4673630a_png_jpg
train,377,000377.jpg,105,1,T-beam,4,new-point-3,out_of_image,640,617.55,2,640,640,"[445, 296.67, 195, 343.33]",-2024-04-10-132132_png
train,377,000377.jpg,106,1,T-beam,3,new-point-2,out_of_image,640,277.55,2,640,640,"[414.17, 170.88, 225.83, 358.33]",-2024-04-10-132132_png
train,385,000385.jpg,3185,3,Angle Bar,1,new-point-0,out_of_image_and_out_of_bbox,-175,64.167,1,640,640,"[0, 180, 79, 124]",417_original_png_jpg
train,385,000385.jpg,3185,3,Angle Bar,2,new-point-1,out_of_image_and_out_of_bbox,-348.333,286.667,1,640,640,"[0, 180, 79, 124]",417_original_png_jpg
train,385,000385.jpg,3186,3,Angle Bar,1,new-point-0,out_of_image_and_out_of_bbox,-175,127.5,1,640,640,"[0, 244, 79, 124]",417_original_png_jpg
train,385,000385.jpg,3186,3,Angle Bar,2,new-point-1,out_of_image_and_out_of_bbox,-348.333,350,1,640,640,"[0, 244, 79, 124]",417_original_png_jpg
train,385,000385.jpg,3187,3,Angle Bar,1,new-point-0,out_of_image_and_out_of_bbox,-172.5,192.5,1,640,640,"[2.5, 309.17, 79.17, 124.17]",417_original_png_jpg
train,385,000385.jpg,3187,3,Angle Bar,2,new-point-1,out_of_image_and_out_of_bbox,-345.833,415,1,640,640,"[2.5, 309.17, 79.17, 124.17]",417_original_png_jpg
train,385,000385.jpg,3188,3,Angle Bar,1,new-point-0,out_of_image_and_out_of_bbox,-175,251.667,1,640,640,"[0, 368.33, 79.17, 124.17]",417_original_png_jpg
train,385,000385.jpg,3188,3,Angle Bar,2,new-point-1,out_of_image_and_out_of_bbox,-348.333,474.167,1,640,640,"[0, 368.33, 79.17, 124.17]",417_original_png_jpg
train,385,000385.jpg,3189,3,Angle Bar,1,new-point-0,out_of_image_and_out_of_bbox,-175,325,1,640,640,"[0, 441.67, 79.17, 124.17]",417_original_png_jpg
train,385,000385.jpg,3189,3,Angle Bar,2,new-point-1,out_of_image_and_out_of_bbox,-348.333,547.5,1,640,640,"[0, 441.67, 79.17, 124.17]",417_original_png_jpg
train,386,000386.jpg,5839,1,T-beam,3,new-point-2,out_of_bbox,286.667,434.167,2,640,640,"[0, 435, 291, 185]",55f2e3dcaca58008c38d3de88bfed5a_png_jpg
train,386,000386.jpg,5848,1,T-beam,2,new-point-1,out_of_image,640,75.531,2,640,640,"[365.13, 39.53, 274.87, 197.24]",55f2e3dcaca58008c38d3de88bfed5a_png_jpg
train,386,000386.jpg,5850,1,T-beam,2,new-point-1,out_of_image_and_out_of_bbox,640,210.939,2,640,640,"[371.39, 143.23, 267.61, 207.81]",55f2e3dcaca58008c38d3de88bfed5a_png_jpg
train,393,000393.jpg,1379,1,T-beam,4,new-point-3,out_of_bbox,97.5,13.276,2,136,129,"[67.99, 13.28, 51.88, 51.17]",irii8idx_png.jpg
train,393,000393.jpg,1380,1,T-beam,3,new-point-2,out_of_bbox,104.583,113.181,2,136,129,"[55.83, 75.94, 48.75, 52.06]",irii8idx_png.jpg
train,393,000393.jpg,1380,1,T-beam,4,new-point-3,out_of_bbox,66.111,75.803,2,136,129,"[55.83, 75.94, 48.75, 52.06]",irii8idx_png.jpg
train,393,000393.jpg,1382,1,T-beam,3,new-point-2,out_of_bbox,121.667,66.911,2,136,129,"[69.17, 61.94, 52.22, 51.38]",irii8idx_png.jpg
train,404,000404.jpg,354,1,T-beam,4,new-point-3,out_of_bbox,143.75,635,2,640,883,"[68.75, 637.5, 180, 96.25]",-_20240404161215_png.jpg
train,411,000411.jpg,10969,2,HI-Beam,3,new-point-2,out_of_bbox,433.939,7.925,2,891,500,"[34.55, 8.48, 410.3, 221.96]",steelbeam54.jpg
train,411,000411.jpg,10970,2,HI-Beam,3,new-point-2,out_of_bbox,382.424,128.283,2,891,500,"[10.91, 129.39, 387.88, 196.55]",steelbeam54.jpg
train,411,000411.jpg,10972,2,HI-Beam,3,new-point-2,out_of_bbox,402.121,332.91,1,891,500,"[53.64, 333.94, 363.03, 166.06]",steelbeam54.jpg
train,411,000411.jpg,10972,2,HI-Beam,5,new-point-4,out_of_image,87.576,500,1,891,500,"[53.64, 333.94, 363.03, 166.06]",steelbeam54.jpg
train,412,000412.jpg,5690,2,HI-Beam,3,new-point-2,out_of_bbox,179.074,47.631,2,477,346,"[12.78, 48.52, 182.22, 129.91]",-2024-04-08-175806_png.jpg
train,412,000412.jpg,5691,2,HI-Beam,3,new-point-2,out_of_bbox,233.704,121.364,1,477,346,"[88.33, 122.4, 170.56, 110.86]",-2024-04-08-175806_png.jpg
train,412,000412.jpg,5692,2,HI-Beam,5,new-point-4,out_of_bbox,74.444,292.178,2,477,346,"[58.33, 161.85, 191.67, 129.96]",-2024-04-08-175806_png.jpg
train,412,000412.jpg,5693,2,HI-Beam,3,new-point-2,out_of_bbox,266.667,229.929,2,477,346,"[93.89, 230.19, 186.85, 114.24]",-2024-04-08-175806_png.jpg
train,412,000412.jpg,5694,2,HI-Beam,3,new-point-2,out_of_bbox,445.926,179.906,2,477,346,"[270, 180.74, 197.04, 148.49]",-2024-04-08-175806_png.jpg
train,412,000412.jpg,5695,2,HI-Beam,3,new-point-2,out_of_bbox,225.185,168.79,2,477,346,"[225.19, 121.3, 201.48, 149.39]",-2024-04-08-175806_png.jpg
train,413,000413.jpg,5070,1,T-beam,2,new-point-1,out_of_image,537.5,640,2,640,640,"[294.17, 425, 299.17, 215]",-_20230924182515_png_jpg
train,420,000420.jpg,8030,3,Angle Bar,3,new-point-3,out_of_image_and_out_of_bbox,436,96.111,1,416,416,"[302, 0, 114, 114]",d5f3ab32-26.jpg
train,420,000420.jpg,8031,3,Angle Bar,3,new-point-3,out_of_image_and_out_of_bbox,450.445,158.889,1,416,416,"[316.56, 62.78, 99.44, 115]",d5f3ab32-26.jpg
train,420,000420.jpg,8032,3,Angle Bar,3,new-point-3,out_of_image_and_out_of_bbox,441.556,207.222,1,416,416,"[307, 111, 109, 115]",d5f3ab32-26.jpg
train,420,000420.jpg,8033,3,Angle Bar,3,new-point-3,out_of_image_and_out_of_bbox,438.778,246.111,1,416,416,"[304.89, 150, 111.11, 115]",d5f3ab32-26.jpg
train,420,000420.jpg,8034,3,Angle Bar,3,new-point-3,out_of_image,416,228.889,2,416,416,"[318, 180, 98, 88]",d5f3ab32-26.jpg
train,420,000420.jpg,8035,3,Angle Bar,3,new-point-3,out_of_image,416,254.445,2,416,416,"[330.44, 213.33, 85.56, 86.67]",d5f3ab32-26.jpg
train,429,000429.jpg,2958,3,Angle Bar,3,new-point-3,out_of_image,113.969,416,2,416,416,"[27.84, 212.01, 158.92, 203.99]",fe395024-27.jpg
train,429,000429.jpg,2959,3,Angle Bar,3,new-point-3,out_of_image,178.732,416,2,416,416,"[78, 240, 108, 176]",fe395024-27.jpg
train,429,000429.jpg,2961,3,Angle Bar,2,new-point-1,out_of_image_and_out_of_bbox,417,291.295,2,416,416,"[246.77, 212.75, 169.23, 96.15]",fe395024-27.jpg
train,429,000429.jpg,2962,3,Angle Bar,2,new-point-1,out_of_image_and_out_of_bbox,416,324.241,2,416,416,"[238.38, 239.45, 176.62, 95.01]",fe395024-27.jpg
train,429,000429.jpg,2972,3,Angle Bar,1,new-point-0,out_of_bbox,170.779,168.032,1,416,416,"[186.69, 108.32, 75.67, 102.32]",fe395024-27.jpg
train,429,000429.jpg,2986,3,Angle Bar,1,new-point-0,out_of_image_and_out_of_bbox,-5.061,141.697,2,416,416,"[0, 72.15, 84.23, 127.32]",fe395024-27.jpg
train,434,000434.jpg,1198,3,Angle Bar,1,new-point-0,out_of_image_and_out_of_bbox,-7.882,118.599,1,416,416,"[2.25, 64.55, 58.17, 115.22]",d01bdd40-12.jpg
train,434,000434.jpg,1199,3,Angle Bar,1,new-point-0,out_of_image_and_out_of_bbox,-25.897,119.725,1,416,416,"[0, 66.06, 42.41, 114.85]",d01bdd40-12.jpg
train,434,000434.jpg,1200,3,Angle Bar,2,new-point-1,out_of_image_and_out_of_bbox,120.851,-39.408,1,416,416,"[52.54, 2.25, 76.94, 67.56]",d01bdd40-12.jpg
train,434,000434.jpg,1201,3,Angle Bar,2,new-point-1,out_of_image_and_out_of_bbox,102.085,-39.408,1,416,416,"[33.78, 2.25, 76.94, 67.56]",d01bdd40-12.jpg
train,434,000434.jpg,1202,3,Angle Bar,2,new-point-1,out_of_image_and_out_of_bbox,83.695,-39.783,1,416,416,"[15.39, 1.88, 76.94, 67.56]",d01bdd40-12.jpg
train,434,000434.jpg,1203,3,Angle Bar,1,new-point-0,out_of_bbox,4.879,12.01,2,416,416,"[12.39, 1.13, 61.93, 67.56]",d01bdd40-12.jpg
train,434,000434.jpg,1203,3,Angle Bar,2,new-point-1,out_of_image_and_out_of_bbox,65.68,-40.534,1,416,416,"[12.39, 1.13, 61.93, 67.56]",d01bdd40-12.jpg
train,434,000434.jpg,1204,3,Angle Bar,1,new-point-0,out_of_image_and_out_of_bbox,-15.763,12.385,1,416,416,"[0, 1.5, 53.67, 67.56]",d01bdd40-12.jpg
train,434,000434.jpg,1204,3,Angle Bar,2,new-point-1,out_of_image_and_out_of_bbox,45.038,-40.158,1,416,416,"[0, 1.5, 53.67, 67.56]",d01bdd40-12.jpg
train,434,000434.jpg,1205,3,Angle Bar,1,new-point-0,out_of_image_and_out_of_bbox,-33.403,10.884,1,416,416,"[10.88, 0, 25.15, 67.56]",d01bdd40-12.jpg
train,434,000434.jpg,1205,3,Angle Bar,2,new-point-1,out_of_image_and_out_of_bbox,27.398,-41.66,1,416,416,"[10.88, 0, 25.15, 67.56]",d01bdd40-12.jpg
train,434,000434.jpg,1208,3,Angle Bar,3,new-point-3,out_of_image_and_out_of_bbox,-17.096,329.571,1,416,416,"[19, 262.36, 143.48, 118.02]",d01bdd40-12.jpg
train,434,000434.jpg,1209,3,Angle Bar,3,new-point-3,out_of_image_and_out_of_bbox,-38.941,283.982,1,416,416,"[0, 220.09, 143.48, 118.02]",d01bdd40-12.jpg
train,434,000434.jpg,1210,3,Angle Bar,3,new-point-3,out_of_image_and_out_of_bbox,-38.941,242.667,1,416,416,"[0, 178.78, 163.43, 176.44]",d01bdd40-12.jpg
train,434,000434.jpg,1211,3,Angle Bar,3,new-point-3,out_of_image_and_out_of_bbox,-68.383,162.411,1,416,416,"[24.22, 98.52, 109.77, 178.81]",d01bdd40-12.jpg
train,434,000434.jpg,1215,3,Angle Bar,3,new-point-3,out_of_bbox,282.344,210.228,1,416,416,"[199.99, 87.46, 100.44, 111.52]",d01bdd40-12.jpg
train,434,000434.jpg,1216,3,Angle Bar,3,new-point-3,out_of_bbox,321.621,208.941,1,416,416,"[231.86, 83.28, 107.85, 118.28]",d01bdd40-12.jpg
train,434,000434.jpg,1217,3,Angle Bar,3,new-point-3,out_of_bbox,357.678,223.106,1,416,416,"[267.92, 97.44, 107.85, 118.28]",d01bdd40-12.jpg
train,434,000434.jpg,1218,3,Angle Bar,2,new-point-1,out_of_image_and_out_of_bbox,295.543,-53.66,1,416,416,"[205, 0, 115, 87]",d01bdd40-12.jpg
train,434,000434.jpg,1219,3,Angle Bar,2,new-point-1,out_of_image_and_out_of_bbox,341.903,-41.748,1,416,416,"[251.82, 0, 114.61, 98.96]",d01bdd40-12.jpg
train,434,000434.jpg,1220,3,Angle Bar,2,new-point-1,out_of_image_and_out_of_bbox,386.001,-40.46,1,416,416,"[295.92, 0, 114.61, 100.25]",d01bdd40-12.jpg
train,434,000434.jpg,1221,3,Angle Bar,2,new-point-1,out_of_image_and_out_of_bbox,426.538,-58.649,1,416,416,"[336.46, 0, 79.54, 82.06]",d01bdd40-12.jpg
train,434,000434.jpg,1221,3,Angle Bar,3,new-point-3,out_of_image_and_out_of_bbox,442.313,75.818,1,416,416,"[336.46, 0, 79.54, 82.06]",d01bdd40-12.jpg
train,434,000434.jpg,1222,3,Angle Bar,3,new-point-3,out_of_bbox,396.817,222.011,1,416,416,"[307.06, 96.35, 107.85, 118.28]",d01bdd40-12.jpg
train,434,000434.jpg,1223,3,Angle Bar,2,new-point-1,out_of_image_and_out_of_bbox,441.149,82.62,1,416,416,"[352.64, 99.2, 63.36, 97.46]",d01bdd40-12.jpg
train,434,000434.jpg,1223,3,Angle Bar,3,new-point-3,out_of_image_and_out_of_bbox,430.566,204.04,1,416,416,"[352.64, 99.2, 63.36, 97.46]",d01bdd40-12.jpg
train,434,000434.jpg,1228,3,Angle Bar,2,new-point-1,out_of_image_and_out_of_bbox,416.385,294.757,2,416,416,"[316.04, 292.27, 73.44, 123.73]",d01bdd40-12.jpg
train,434,000434.jpg,1229,3,Angle Bar,2,new-point-1,out_of_image_and_out_of_bbox,452.106,298.044,1,416,416,"[351.77, 295.56, 63.8, 104.67]",d01bdd40-12.jpg
train,434,000434.jpg,1229,3,Angle Bar,3,new-point-3,out_of_image_and_out_of_bbox,416,407.154,2,416,416,"[351.77, 295.56, 63.8, 104.67]",d01bdd40-12.jpg
train,434,000434.jpg,1230,3,Angle Bar,2,new-point-1,out_of_image_and_out_of_bbox,432.164,296.729,1,416,416,"[331, 294, 85, 121]",d01bdd40-12.jpg
train,434,000434.jpg,1231,3,Angle Bar,2,new-point-1,out_of_image_and_out_of_bbox,472.487,298.263,1,416,416,"[372.15, 320.54, 43.85, 75.08]",d01bdd40-12.jpg
train,434,000434.jpg,1231,3,Angle Bar,3,new-point-3,out_of_image_and_out_of_bbox,442.683,416.139,1,416,416,"[372.15, 320.54, 43.85, 75.08]",d01bdd40-12.jpg
train,435,000435.jpg,1778,1,T-beam,2,new-point-1,out_of_image_and_out_of_bbox,125,657.667,1,640,640,"[133, 186, 260, 454]",-_20230708190548_png_jpg
train,435,000435.jpg,1779,1,T-beam,3,new-point-2,out_of_image_and_out_of_bbox,669.167,531.667,1,640,640,"[400.83, 112.5, 239.17, 487.5]",-_20230708190548_png_jpg
train,441,000441.jpg,1110,3,Angle Bar,3,new-point-3,out_of_bbox,449.011,288.806,2,640,640,"[311.69, 138.95, 140.04, 118.25]",e6c6ea18-15_jpg
train,442,000442.jpg,6066,1,T-beam,3,new-point-2,out_of_image_and_out_of_bbox,653.333,137.5,2,640,640,"[349.17, 193.33, 287.5, 153.33]",-2024-04-08-181609_png_jpg
train,444,000444.jpg,4346,1,T-beam,3,new-point-2,out_of_image,640,266.667,2,640,640,"[538, 245, 102, 127]",-2024-04-09-190957_png_jpg
train,449,000449.jpg,10646,1,T-beam,3,new-point-2,out_of_bbox,393.333,0,2,640,640,"[224.17, 4.17, 211.67, 313.33]",-2024-04-10-132306_png_jpg
train,450,000450.jpg,5725,2,HI-Beam,5,new-point-4,out_of_bbox,274.147,397.059,2,486,1080,"[274.15, 278.05, 63.25, 121.29]",f3336d5d-4d55-453c-8a26-5c7ff938f84d.jpg
train,455,000455.jpg,771,1,T-beam,2,new-point-1,out_of_bbox,541.667,358.333,2,640,640,"[126.67, 368.33, 494.17, 198.33]",-2024-04-08-181746_png_jpg
train,458,000458.jpg,9165,1,T-beam,2,new-point-1,out_of_bbox,228.333,234.167,2,640,640,"[170.83, 234.17, 80, 61.67]",-_20240404161218_png_jpg
train,458,000458.jpg,9166,1,T-beam,2,new-point-1,out_of_bbox,126.667,146.667,2,640,640,"[73.33, 146.67, 74.17, 48.33]",-_20240404161218_png_jpg
train,459,000459.jpg,1860,1,T-beam,3,new-point-2,out_of_image_and_out_of_bbox,170.833,640,2,640,640,"[113.33, 303.33, 245.83, 334.17]",-2024-04-09-190619_png_jpg
train,467,000467.jpg,7359,1,T-beam,3,new-point-2,out_of_image,640,74.167,2,640,640,"[390, 0, 250, 114]",-2024-04-08-181107_png_jpg
train,468,000468.jpg,6741,2,HI-Beam,6,new-point-5,out_of_bbox,133.292,615.483,2,889,741,"[130.2, 615.58, 118.17, 79.59]",5baa02c65ffc09eaf3235a2eb5be451_png.jpg
train,469,000469.jpg,55,1,T-beam,2,new-point-1,out_of_image,640,144.167,2,640,640,"[340, 137, 300, 213]",-2024-04-08-181248_png_jpg
train,469,000469.jpg,59,1,T-beam,1,new-point-0,out_of_image_and_out_of_bbox,-2.5,417.5,2,640,640,"[0, 269.17, 223.33, 201.67]",-2024-04-08-181248_png_jpg
train,469,000469.jpg,59,1,T-beam,2,new-point-1,out_of_image_and_out_of_bbox,-27.5,525.833,2,640,640,"[0, 269.17, 223.33, 201.67]",-2024-04-08-181248_png_jpg
train,477,000477.jpg,5118,0,Channel,4,new-point-3,out_of_bbox,378.018,207.375,2,1020,574,"[336.98, 188.01, 41.1, 19.05]",b2493ca8-652e-4282-a8fc-95dea3f64391.jpg
train,477,000477.jpg,5119,0,Channel,3,new-point-2,out_of_bbox,382.409,208.534,2,1020,574,"[342.53, 189.81, 39.47, 18.96]",b2493ca8-652e-4282-a8fc-95dea3f64391.jpg
train,477,000477.jpg,5119,0,Channel,4,new-point-3,out_of_bbox,382.357,190.394,2,1020,574,"[342.53, 189.81, 39.47, 18.96]",b2493ca8-652e-4282-a8fc-95dea3f64391.jpg
train,477,000477.jpg,5120,0,Channel,3,new-point-2,out_of_bbox,379.476,211.022,2,1020,574,"[337.41, 211.02, 41.87, 20.86]",b2493ca8-652e-4282-a8fc-95dea3f64391.jpg
train,477,000477.jpg,5121,0,Channel,1,new-point-0,out_of_bbox,343.295,214.665,2,1020,574,"[343.44, 213.58, 39.65, 20.31]",b2493ca8-652e-4282-a8fc-95dea3f64391.jpg
train,477,000477.jpg,5121,0,Channel,2,new-point-1,out_of_bbox,343.295,233.465,2,1020,574,"[343.44, 213.58, 39.65, 20.31]",b2493ca8-652e-4282-a8fc-95dea3f64391.jpg
train,477,000477.jpg,5122,0,Channel,1,new-point-0,out_of_bbox,334.722,158.703,2,1020,574,"[335.04, 139.66, 42.51, 20.4]",b2493ca8-652e-4282-a8fc-95dea3f64391.jpg
train,477,000477.jpg,5122,0,Channel,2,new-point-1,out_of_bbox,334.722,139.341,2,1020,574,"[335.04, 139.66, 42.51, 20.4]",b2493ca8-652e-4282-a8fc-95dea3f64391.jpg
train,477,000477.jpg,5126,0,Channel,1,new-point-0,out_of_bbox,338.746,251.347,2,1020,574,"[338.75, 235.17, 41.98, 19.21]",b2493ca8-652e-4282-a8fc-95dea3f64391.jpg
train,477,000477.jpg,5127,0,Channel,3,new-point-2,out_of_bbox,384.082,256.615,2,1020,574,"[343.44, 238.35, 40.62, 17.96]",b2493ca8-652e-4282-a8fc-95dea3f64391.jpg
train,477,000477.jpg,5127,0,Channel,4,new-point-3,out_of_bbox,384.312,240.335,2,1020,574,"[343.44, 238.35, 40.62, 17.96]",b2493ca8-652e-4282-a8fc-95dea3f64391.jpg
train,477,000477.jpg,5129,0,Channel,3,new-point-2,out_of_bbox,425.058,162.645,2,1020,574,"[382.41, 142.12, 43.2, 20.45]",b2493ca8-652e-4282-a8fc-95dea3f64391.jpg
train,477,000477.jpg,5131,0,Channel,3,new-point-2,out_of_bbox,427.926,187.138,2,1020,574,"[383.86, 166.17, 44.38, 20.92]",b2493ca8-652e-4282-a8fc-95dea3f64391.jpg
train,477,000477.jpg,5132,0,Channel,3,new-point-2,out_of_bbox,421.922,188.831,2,1020,574,"[378.85, 188.63, 43.01, 20.53]",b2493ca8-652e-4282-a8fc-95dea3f64391.jpg
train,477,000477.jpg,5135,0,Channel,3,new-point-2,out_of_bbox,427.986,233.598,2,1020,574,"[384.8, 215.27, 43.35, 18.31]",b2493ca8-652e-4282-a8fc-95dea3f64391.jpg
train,477,000477.jpg,5137,0,Channel,4,new-point-3,out_of_bbox,427.468,240.111,2,1020,574,"[386.21, 238.05, 41.17, 19.85]",b2493ca8-652e-4282-a8fc-95dea3f64391.jpg
train,477,000477.jpg,5138,0,Channel,2,new-point-1,out_of_bbox,423.965,141.124,2,1020,574,"[423.08, 141.78, 41.04, 21.29]",b2493ca8-652e-4282-a8fc-95dea3f64391.jpg
train,477,000477.jpg,5138,0,Channel,3,new-point-2,out_of_bbox,464.159,142.356,2,1020,574,"[423.08, 141.78, 41.04, 21.29]",b2493ca8-652e-4282-a8fc-95dea3f64391.jpg
train,477,000477.jpg,5140,0,Channel,2,new-point-1,out_of_bbox,424.625,166.773,2,1020,574,"[424.68, 166.55, 39.67, 20.34]",b2493ca8-652e-4282-a8fc-95dea3f64391.jpg
train,477,000477.jpg,5141,0,Channel,3,new-point-2,out_of_bbox,470.29,188.019,2,1020,574,"[429.47, 168.41, 40.82, 19.17]",b2493ca8-652e-4282-a8fc-95dea3f64391.jpg
train,477,000477.jpg,5141,0,Channel,4,new-point-3,out_of_bbox,470.4,169.525,2,1020,574,"[429.47, 168.41, 40.82, 19.17]",b2493ca8-652e-4282-a8fc-95dea3f64391.jpg
train,477,000477.jpg,5146,0,Channel,1,new-point-0,out_of_bbox,428.489,208.143,2,1020,574,"[428.54, 190.98, 36.21, 17.6]",b2493ca8-652e-4282-a8fc-95dea3f64391.jpg
train,477,000477.jpg,5146,0,Channel,2,new-point-1,out_of_bbox,428.796,190.874,2,1020,574,"[428.54, 190.98, 36.21, 17.6]",b2493ca8-652e-4282-a8fc-95dea3f64391.jpg
train,477,000477.jpg,5148,0,Channel,1,new-point-0,out_of_bbox,482.528,170.285,2,1020,574,"[482.53, 151.27, 40.25, 20.1]",b2493ca8-652e-4282-a8fc-95dea3f64391.jpg
train,477,000477.jpg,5150,0,Channel,4,new-point-3,out_of_bbox,563.392,171.963,2,1020,574,"[524.45, 152.76, 39.31, 18.61]",b2493ca8-652e-4282-a8fc-95dea3f64391.jpg
train,477,000477.jpg,5152,0,Channel,4,new-point-3,out_of_bbox,604.476,172.056,2,1020,574,"[565.12, 153.79, 39.73, 18.14]",b2493ca8-652e-4282-a8fc-95dea3f64391.jpg
train,477,000477.jpg,5153,0,Channel,1,new-point-0,out_of_bbox,570.192,156.212,2,1020,574,"[569.87, 156.56, 40.66, 18.48]",b2493ca8-652e-4282-a8fc-95dea3f64391.jpg
train,477,000477.jpg,5153,0,Channel,4,new-point-3,out_of_bbox,610.159,156.399,2,1020,574,"[569.87, 156.56, 40.66, 18.48]",b2493ca8-652e-4282-a8fc-95dea3f64391.jpg
train,477,000477.jpg,5159,0,Channel,4,new-point-3,out_of_bbox,608.699,176.829,2,1020,574,"[569.05, 176.85, 39.92, 20.41]",b2493ca8-652e-4282-a8fc-95dea3f64391.jpg
train,477,000477.jpg,5164,0,Channel,4,new-point-3,out_of_bbox,599.705,216.821,2,1020,574,"[561.13, 198.79, 39.28, 17.87]",b2493ca8-652e-4282-a8fc-95dea3f64391.jpg
train,477,000477.jpg,5167,0,Channel,1,new-point-0,out_of_bbox,485.688,221.522,2,1020,574,"[485.33, 221.61, 40.05, 19.23]",b2493ca8-652e-4282-a8fc-95dea3f64391.jpg
train,477,000477.jpg,5169,0,Channel,4,new-point-3,out_of_bbox,565.782,221.993,2,1020,574,"[526.32, 222.5, 39.69, 18.11]",b2493ca8-652e-4282-a8fc-95dea3f64391.jpg
train,477,000477.jpg,5171,0,Channel,1,new-point-0,out_of_bbox,568.609,222.818,2,1020,574,"[567.84, 222.85, 40.22, 19.18]",b2493ca8-652e-4282-a8fc-95dea3f64391.jpg
train,477,000477.jpg,5172,0,Channel,1,new-point-0,out_of_bbox,474.852,259.23,2,1020,574,"[474.91, 241.2, 39.63, 19.46]",b2493ca8-652e-4282-a8fc-95dea3f64391.jpg
train,477,000477.jpg,5173,0,Channel,1,new-point-0,out_of_bbox,480.506,242.261,2,1020,574,"[480.39, 242.28, 40.99, 20.24]",b2493ca8-652e-4282-a8fc-95dea3f64391.jpg
train,477,000477.jpg,5175,0,Channel,1,new-point-0,out_of_bbox,522.673,244.736,2,1020,574,"[522.44, 244.93, 40.64, 19.83]",b2493ca8-652e-4282-a8fc-95dea3f64391.jpg
train,477,000477.jpg,5183,0,Channel,4,new-point-3,out_of_bbox,753.002,175.009,2,1020,574,"[710.84, 154.39, 42.64, 20.52]",b2493ca8-652e-4282-a8fc-95dea3f64391.jpg
train,477,000477.jpg,5185,0,Channel,3,new-point-2,out_of_bbox,664.31,175.405,2,1020,574,"[623.5, 175.64, 41.05, 16.82]",b2493ca8-652e-4282-a8fc-95dea3f64391.jpg
train,477,000477.jpg,5189,0,Channel,1,new-point-0,out_of_bbox,711.188,195.791,2,1020,574,"[710.42, 177.64, 43.17, 18]",b2493ca8-652e-4282-a8fc-95dea3f64391.jpg
train,477,000477.jpg,5189,0,Channel,4,new-point-3,out_of_bbox,752.649,195.673,2,1020,574,"[710.42, 177.64, 43.17, 18]",b2493ca8-652e-4282-a8fc-95dea3f64391.jpg
train,477,000477.jpg,5191,0,Channel,4,new-point-3,out_of_bbox,665.016,216.405,2,1020,574,"[624.38, 196.84, 41.34, 19.12]",b2493ca8-652e-4282-a8fc-95dea3f64391.jpg
train,477,000477.jpg,5192,0,Channel,1,new-point-0,out_of_bbox,659.127,201.557,2,1020,574,"[659.19, 201.12, 40.46, 19.06]",b2493ca8-652e-4282-a8fc-95dea3f64391.jpg
train,477,000477.jpg,5195,0,Channel,2,new-point-1,out_of_bbox,712.837,201.085,2,1020,574,"[712.01, 202.03, 41.81, 18.88]",b2493ca8-652e-4282-a8fc-95dea3f64391.jpg
train,477,000477.jpg,5195,0,Channel,3,new-point-2,out_of_bbox,754.114,202.248,2,1020,574,"[712.01, 202.03, 41.81, 18.88]",b2493ca8-652e-4282-a8fc-95dea3f64391.jpg
train,477,000477.jpg,5198,0,Channel,1,new-point-0,out_of_bbox,612.896,222.59,2,1020,574,"[612.9, 221.26, 41.93, 19.71]",b2493ca8-652e-4282-a8fc-95dea3f64391.jpg
train,477,000477.jpg,5204,0,Channel,1,new-point-0,out_of_bbox,653.12,247.678,2,1020,574,"[653.36, 245.82, 40.16, 20.71]",b2493ca8-652e-4282-a8fc-95dea3f64391.jpg
train,477,000477.jpg,5204,0,Channel,4,new-point-3,out_of_bbox,693.638,247.914,2,1020,574,"[653.36, 245.82, 40.16, 20.71]",b2493ca8-652e-4282-a8fc-95dea3f64391.jpg
train,477,000477.jpg,5205,0,Channel,1,new-point-0,out_of_bbox,664.486,263.175,2,1020,574,"[664.13, 246.21, 41.7, 16.93]",b2493ca8-652e-4282-a8fc-95dea3f64391.jpg
train,477,000477.jpg,5207,0,Channel,1,new-point-0,out_of_bbox,707.596,264.589,2,1020,574,"[706.89, 246.8, 43.23, 17.57]",b2493ca8-652e-4282-a8fc-95dea3f64391.jpg
train,477,000477.jpg,5207,0,Channel,4,new-point-3,out_of_bbox,749.881,264.471,2,1020,574,"[706.89, 246.8, 43.23, 17.57]",b2493ca8-652e-4282-a8fc-95dea3f64391.jpg
train,477,000477.jpg,5210,0,Channel,4,new-point-3,out_of_bbox,686.444,303.964,2,1020,574,"[658.33, 290.57, 28.48, 13.11]",b2493ca8-652e-4282-a8fc-95dea3f64391.jpg
train,477,000477.jpg,5215,0,Channel,1,new-point-0,out_of_bbox,723.144,295.897,2,1020,574,"[723.25, 294.84, 27.91, 13.88]",b2493ca8-652e-4282-a8fc-95dea3f64391.jpg
train,477,000477.jpg,5224,0,Channel,3,new-point-2,out_of_bbox,656.058,322.965,2,1020,574,"[627.51, 323.09, 28.46, 13.51]",b2493ca8-652e-4282-a8fc-95dea3f64391.jpg
train,477,000477.jpg,5224,0,Channel,4,new-point-3,out_of_bbox,656.234,334.724,2,1020,574,"[627.51, 323.09, 28.46, 13.51]",b2493ca8-652e-4282-a8fc-95dea3f64391.jpg
train,477,000477.jpg,5232,0,Channel,3,new-point-2,out_of_bbox,657.03,339.007,2,1020,574,"[628.31, 339.01, 29.07, 12.84]",b2493ca8-652e-4282-a8fc-95dea3f64391.jpg
train,477,000477.jpg,5240,0,Channel,3,new-point-2,out_of_bbox,655.218,355.314,2,1020,574,"[626.06, 355.35, 28.94, 13.06]",b2493ca8-652e-4282-a8fc-95dea3f64391.jpg
train,477,000477.jpg,5240,0,Channel,4,new-point-3,out_of_bbox,655.041,368.398,2,1020,574,"[626.06, 355.35, 28.94, 13.06]",b2493ca8-652e-4282-a8fc-95dea3f64391.jpg
train,477,000477.jpg,5241,0,Channel,3,new-point-2,out_of_bbox,661.262,371.254,2,1020,574,"[632.82, 356.4, 28.37, 15.05]",b2493ca8-652e-4282-a8fc-95dea3f64391.jpg
train,477,000477.jpg,5268,0,Channel,1,new-point-0,out_of_bbox,545.062,307.716,2,1020,574,"[544.99, 308.11, 27.05, 11.08]",b2493ca8-652e-4282-a8fc-95dea3f64391.jpg
train,477,000477.jpg,5270,0,Channel,1,new-point-0,out_of_bbox,575.817,308.975,2,1020,574,"[575.82, 308.74, 27.26, 11.84]",b2493ca8-652e-4282-a8fc-95dea3f64391.jpg
train,477,000477.jpg,5277,0,Channel,1,new-point-0,out_of_bbox,551.353,334.708,2,1020,574,"[551.07, 321.42, 27.82, 13.11]",b2493ca8-652e-4282-a8fc-95dea3f64391.jpg
train,477,000477.jpg,5277,0,Channel,4,new-point-3,out_of_bbox,579.033,334.988,2,1020,574,"[551.07, 321.42, 27.82, 13.11]",b2493ca8-652e-4282-a8fc-95dea3f64391.jpg
train,477,000477.jpg,5284,0,Channel,1,new-point-0,out_of_bbox,546.822,339.624,2,1020,574,"[546.57, 340.27, 27.34, 11.79]",b2493ca8-652e-4282-a8fc-95dea3f64391.jpg
train,477,000477.jpg,5286,0,Channel,1,new-point-0,out_of_bbox,577.27,340.121,2,1020,574,"[577.15, 340.27, 27.96, 11.41]",b2493ca8-652e-4282-a8fc-95dea3f64391.jpg
train,477,000477.jpg,5289,0,Channel,4,new-point-3,out_of_bbox,521.717,363.869,2,1020,574,"[494.38, 351.81, 27.59, 11.58]",b2493ca8-652e-4282-a8fc-95dea3f64391.jpg
train,477,000477.jpg,5298,0,Channel,4,new-point-3,out_of_bbox,545.703,371.453,2,1020,574,"[518.61, 369.54, 27.09, 13.35]",b2493ca8-652e-4282-a8fc-95dea3f64391.jpg
train,477,000477.jpg,5300,0,Channel,4,new-point-3,out_of_bbox,576.524,371.702,2,1020,574,"[549.93, 371.78, 27.47, 11.74]",b2493ca8-652e-4282-a8fc-95dea3f64391.jpg
train,477,000477.jpg,5310,0,Channel,4,new-point-3,out_of_bbox,430.719,299.562,2,1020,574,"[403.76, 287.15, 27.26, 11.87]",b2493ca8-652e-4282-a8fc-95dea3f64391.jpg
train,477,000477.jpg,5318,0,Channel,1,new-point-0,out_of_bbox,404.274,315.377,2,1020,574,"[404.42, 302.96, 26.15, 13.12]",b2493ca8-652e-4282-a8fc-95dea3f64391.jpg
train,477,000477.jpg,5321,0,Channel,1,new-point-0,out_of_bbox,316.077,318.776,2,1020,574,"[316.22, 318.51, 28.96, 12.53]",b2493ca8-652e-4282-a8fc-95dea3f64391.jpg
train,477,000477.jpg,5327,0,Channel,4,new-point-3,out_of_bbox,435.298,320.697,2,1020,574,"[408.19, 320.95, 26.96, 13.19]",b2493ca8-652e-4282-a8fc-95dea3f64391.jpg
train,477,000477.jpg,5373,0,Channel,2,new-point-1,out_of_bbox,61.023,182.112,2,1020,574,"[60.75, 162.52, 42.13, 19.59]",b2493ca8-652e-4282-a8fc-95dea3f64391.jpg
train,477,000477.jpg,5373,0,Channel,3,new-point-2,out_of_bbox,102.606,182.274,2,1020,574,"[60.75, 162.52, 42.13, 19.59]",b2493ca8-652e-4282-a8fc-95dea3f64391.jpg
train,477,000477.jpg,5400,0,Channel,4,new-point-3,out_of_bbox,349.844,47.67,2,1020,574,"[323.24, 49.39, 27.08, 9.72]",b2493ca8-652e-4282-a8fc-95dea3f64391.jpg
train,477,000477.jpg,5536,0,Channel,3,new-point-2,out_of_bbox,148.188,343.986,2,1020,574,"[119.4, 331.25, 28.62, 12.73]",b2493ca8-652e-4282-a8fc-95dea3f64391.jpg
train,477,000477.jpg,5541,0,Channel,3,new-point-2,out_of_bbox,110.306,343.318,2,1020,574,"[83.61, 343.32, 27.53, 14.47]",b2493ca8-652e-4282-a8fc-95dea3f64391.jpg
train,477,000477.jpg,5542,0,Channel,3,new-point-2,out_of_bbox,116.648,360.681,2,1020,574,"[87.86, 345.77, 28.95, 14.91]",b2493ca8-652e-4282-a8fc-95dea3f64391.jpg
train,477,000477.jpg,5563,0,Channel,3,new-point-2,out_of_bbox,458.957,35.957,2,1020,574,"[424.61, 36.29, 34.19, 15.32]",b2493ca8-652e-4282-a8fc-95dea3f64391.jpg
train,477,000477.jpg,5565,0,Channel,1,new-point-0,out_of_bbox,462.095,53.966,2,1020,574,"[461.76, 39.43, 33.2, 13.17]",b2493ca8-652e-4282-a8fc-95dea3f64391.jpg
train,477,000477.jpg,5565,0,Channel,2,new-point-1,out_of_bbox,461.93,38.105,2,1020,574,"[461.76, 39.43, 33.2, 13.17]",b2493ca8-652e-4282-a8fc-95dea3f64391.jpg
train,477,000477.jpg,5565,0,Channel,3,new-point-2,out_of_bbox,493.639,39.261,2,1020,574,"[461.76, 39.43, 33.2, 13.17]",b2493ca8-652e-4282-a8fc-95dea3f64391.jpg
train,477,000477.jpg,5565,0,Channel,4,new-point-3,out_of_bbox,493.804,54.627,2,1020,574,"[461.76, 39.43, 33.2, 13.17]",b2493ca8-652e-4282-a8fc-95dea3f64391.jpg
train,477,000477.jpg,5569,0,Channel,1,new-point-0,out_of_bbox,425.927,72.471,2,1020,574,"[426.09, 56.77, 34.52, 17.63]",b2493ca8-652e-4282-a8fc-95dea3f64391.jpg
train,477,000477.jpg,5569,0,Channel,4,new-point-3,out_of_bbox,460.113,74.454,2,1020,574,"[426.09, 56.77, 34.52, 17.63]",b2493ca8-652e-4282-a8fc-95dea3f64391.jpg
train,477,000477.jpg,5571,0,Channel,4,new-point-3,out_of_bbox,493.144,76.106,2,1020,574,"[462.01, 58.43, 31.3, 15.97]",b2493ca8-652e-4282-a8fc-95dea3f64391.jpg
train,477,000477.jpg,5589,0,Channel,4,new-point-3,out_of_bbox,616.347,28.854,2,1020,574,"[582.9, 13.98, 33.61, 13.1]",b2493ca8-652e-4282-a8fc-95dea3f64391.jpg
train,477,000477.jpg,5600,0,Channel,3,new-point-2,out_of_bbox,583.977,74.787,2,1020,574,"[549.96, 57.06, 34.85, 17.56]",b2493ca8-652e-4282-a8fc-95dea3f64391.jpg
train,480,000480.jpg,331,1,T-beam,4,new-point-3,out_of_bbox,373.333,341.667,2,640,640,"[245.83, 342.5, 201.67, 279.17]",-2024-04-08-180945_png_jpg
train,481,000481.jpg,9158,1,T-beam,3,new-point-2,out_of_bbox,485.833,277.5,2,640,640,"[300.83, 260, 185, 220.83]",-2024-04-10-131727_png_jpg
train,482,000482.jpg,10167,1,T-beam,4,new-point-3,out_of_bbox,100,48.571,2,501,516,"[17.86, 49.29, 200.71, 219.29]",-_20230924182515_png.jpg
train,484,000484.jpg,7984,1,T-beam,1,new-point-0,out_of_image,366,108.719,1,366,215,"[333.68, 88.61, 32.32, 126.39]",-2024-04-09-190603.png
train,484,000484.jpg,7984,1,T-beam,3,new-point-2,out_of_image,366,108.719,1,366,215,"[333.68, 88.61, 32.32, 126.39]",-2024-04-09-190603.png
train,484,000484.jpg,7984,1,T-beam,4,new-point-3,out_of_image,366,205.622,1,366,215,"[333.68, 88.61, 32.32, 126.39]",-2024-04-09-190603.png
train,486,000486.jpg,868,1,T-beam,2,new-point-1,out_of_bbox,131.739,328.696,2,471,329,"[123.48, 156.09, 187.83, 171.91]",-2024-04-10-132306_png.jpg
train,486,000486.jpg,869,1,T-beam,4,new-point-3,out_of_bbox,296.957,169.565,2,471,329,"[245.65, 170, 176.09, 156.09]",-2024-04-10-132306_png.jpg
train,488,000488.jpg,120,2,HI-Beam,5,new-point-4,out_of_image,25.639,342,1,469,342,"[0, 182, 225, 160]",-2024-04-08-180015_png.jpg
train,489,000489.jpg,50,1,T-beam,3,new-point-2,out_of_bbox,185.833,635.833,2,640,640,"[161.67, 309.17, 266.67, 325.83]",-2024-04-10-132306_png_jpg
train,492,000492.jpg,3027,1,T-beam,3,new-point-2,out_of_image,267.5,640,2,640,640,"[215, 292.5, 217.5, 347.5]",-2024-04-10-132306_png_jpg
train,492,000492.jpg,3032,1,T-beam,1,new-point-0,out_of_image,640,569.167,2,640,640,"[520, 314.17, 120, 298.33]",-2024-04-10-132306_png_jpg
train,492,000492.jpg,3032,1,T-beam,2,new-point-1,out_of_image_and_out_of_bbox,684.167,561.667,1,640,640,"[520, 314.17, 120, 298.33]",-2024-04-10-132306_png_jpg
train,500,000500.jpg,7936,1,T-beam,1,new-point-0,out_of_image_and_out_of_bbox,852.5,649,2,1012,644,"[746.67, 406.5, 211.67, 237.5]",4aedfa6ec53befe81c754afb6a00c59.png
train,500,000500.jpg,7936,1,T-beam,2,new-point-1,out_of_image_and_out_of_bbox,949.167,650.667,2,1012,644,"[746.67, 406.5, 211.67, 237.5]",4aedfa6ec53befe81c754afb6a00c59.png
train,500,000500.jpg,7936,1,T-beam,3,new-point-2,out_of_image_and_out_of_bbox,755,649.833,2,1012,644,"[746.67, 406.5, 211.67, 237.5]",4aedfa6ec53befe81c754afb6a00c59.png
train,504,000504.jpg,809,1,T-beam,4,new-point-3,out_of_image_and_out_of_bbox,129.75,-51,2,248,185,"[82.75, 0, 111.25, 53.5]",-2024-04-08-181539.png
train,509,000509.jpg,10359,3,Angle Bar,1,new-point-0,out_of_bbox,85.287,0,2,416,416,"[33.61, 0.72, 119.26, 76.98]",fe395024-27.jpg
train,509,000509.jpg,10369,3,Angle Bar,2,new-point-1,out_of_image_and_out_of_bbox,73,-24.574,1,416,416,"[87.46, 0, 79.14, 49.87]",fe395024-27.jpg
train,509,000509.jpg,10369,3,Angle Bar,3,new-point-3,out_of_image_and_out_of_bbox,182.862,-32.525,1,416,416,"[87.46, 0, 79.14, 49.87]",fe395024-27.jpg
train,509,000509.jpg,10388,3,Angle Bar,1,new-point-0,out_of_image_and_out_of_bbox,207.075,-27.104,1,416,416,"[143, 0, 137, 63]",fe395024-27.jpg
train,509,000509.jpg,10389,3,Angle Bar,3,new-point-3,out_of_image_and_out_of_bbox,451.777,367.169,1,416,416,"[309.03, 278.99, 106.97, 94.68]",fe395024-27.jpg
train,509,000509.jpg,10390,3,Angle Bar,3,new-point-3,out_of_image_and_out_of_bbox,461.13,333.56,1,416,416,"[311.2, 247.19, 104.8, 100.1]",fe395024-27.jpg
train,509,000509.jpg,10391,3,Angle Bar,3,new-point-3,out_of_image_and_out_of_bbox,471.61,301.035,1,416,416,"[321.68, 214.66, 94.32, 100.1]",fe395024-27.jpg
train,509,000509.jpg,10392,3,Angle Bar,3,new-point-3,out_of_image_and_out_of_bbox,471.61,261.644,1,416,416,"[321.68, 175.27, 94.32, 104.44]",fe395024-27.jpg
train,509,000509.jpg,10393,3,Angle Bar,3,new-point-3,out_of_image_and_out_of_bbox,471.61,215.748,1,416,416,"[320.59, 129.38, 95.41, 107.69]",fe395024-27.jpg
train,509,000509.jpg,10394,3,Angle Bar,3,new-point-3,out_of_image_and_out_of_bbox,471.61,178.164,1,416,416,"[320.59, 91.79, 95.41, 107.69]",fe395024-27.jpg
train,509,000509.jpg,10395,3,Angle Bar,3,new-point-3,out_of_image_and_out_of_bbox,461.852,134.075,1,416,416,"[310.84, 47.7, 105.16, 107.69]",fe395024-27.jpg
train,509,000509.jpg,10396,3,Angle Bar,3,new-point-3,out_of_image_and_out_of_bbox,464.382,93.599,1,416,416,"[313, 9, 103, 112]",fe395024-27.jpg
train,509,000509.jpg,10397,3,Angle Bar,1,new-point-0,out_of_image_and_out_of_bbox,390.298,-16.985,1,416,416,"[313.37, 0, 102.63, 83.84]",fe395024-27.jpg
train,509,000509.jpg,10397,3,Angle Bar,3,new-point-3,out_of_image_and_out_of_bbox,464.382,56.376,1,416,416,"[313.37, 0, 102.63, 83.84]",fe395024-27.jpg
train,514,000514.jpg,1308,2,HI-Beam,5,new-point-4,out_of_bbox,13.034,178.185,2,414,371,"[0, 0, 362, 178]",-2024-04-08-175704.png
train,519,000519.jpg,496,1,T-beam,3,new-point-2,out_of_image_and_out_of_bbox,700.833,578.333,1,640,640,"[477.5, 339.17, 148.33, 265]",irii8idx_png_jpg
train,522,000522.jpg,4765,3,Angle Bar,2,new-point-1,out_of_bbox,333.333,50,2,640,640,"[215.83, 35, 116.67, 189.17]",fe395024-27_jpg
train,522,000522.jpg,4766,3,Angle Bar,1,new-point-0,out_of_image_and_out_of_bbox,-25,142.5,2,640,640,"[0, 16.67, 111.67, 223.33]",fe395024-27_jpg
train,522,000522.jpg,4768,3,Angle Bar,3,new-point-3,out_of_bbox,149.167,310.833,2,640,640,"[82.5, 148.33, 133.33, 161.67]",fe395024-27_jpg
train,522,000522.jpg,4770,3,Angle Bar,2,new-point-1,out_of_image,640,58.333,2,640,640,"[494, 50, 146, 199]",fe395024-27_jpg
train,522,000522.jpg,4771,3,Angle Bar,2,new-point-1,out_of_image_and_out_of_bbox,667.5,60,1,640,640,"[521, 52, 119, 199]",fe395024-27_jpg
train,522,000522.jpg,4772,3,Angle Bar,2,new-point-1,out_of_image_and_out_of_bbox,696.667,59.167,1,640,640,"[550.83, 78.33, 89.17, 155]",fe395024-27_jpg
train,522,000522.jpg,4772,3,Angle Bar,3,new-point-3,out_of_image_and_out_of_bbox,652.5,237.5,1,640,640,"[550.83, 78.33, 89.17, 155]",fe395024-27_jpg
train,522,000522.jpg,4773,3,Angle Bar,2,new-point-1,out_of_image_and_out_of_bbox,721.667,65.833,1,640,640,"[575.83, 93.33, 64.17, 114.17]",fe395024-27_jpg
train,522,000522.jpg,4773,3,Angle Bar,3,new-point-3,out_of_image_and_out_of_bbox,677.5,244.167,1,640,640,"[575.83, 93.33, 64.17, 114.17]",fe395024-27_jpg
train,522,000522.jpg,4778,3,Angle Bar,3,new-point-3,out_of_image,41.667,640,2,640,640,"[0, 504.17, 114.17, 135.83]",fe395024-27_jpg
train,522,000522.jpg,4779,3,Angle Bar,3,new-point-3,out_of_image,89.167,640,2,640,640,"[20, 488, 159, 152]",fe395024-27_jpg
train,522,000522.jpg,4780,3,Angle Bar,3,new-point-3,out_of_image,153.333,640,2,640,640,"[84, 488, 159, 152]",fe395024-27_jpg
train,522,000522.jpg,4781,3,Angle Bar,3,new-point-3,out_of_bbox,204.167,639.167,2,640,640,"[160, 475, 154.17, 163.33]",fe395024-27_jpg
train,522,000522.jpg,4782,3,Angle Bar,1,new-point-0,out_of_bbox,383.333,556.667,1,640,640,"[237, 461, 92, 179]",fe395024-27_jpg
train,522,000522.jpg,4783,3,Angle Bar,2,new-point-1,out_of_image_and_out_of_bbox,-86.667,516.667,1,640,640,"[0, 553.33, 65, 77.5]",fe395024-27_jpg
train,522,000522.jpg,4783,3,Angle Bar,3,new-point-3,out_of_image_and_out_of_bbox,-76.667,676.667,1,640,640,"[0, 553.33, 65, 77.5]",fe395024-27_jpg
train,527,000527.jpg,1976,1,T-beam,2,new-point-1,out_of_bbox,476.667,476.667,2,640,640,"[470.83, 477.5, 60.83, 50]",-_20240404161218_png_jpg
train,532,000532.jpg,8151,2,HI-Beam,2,new-point-1,out_of_bbox,372.314,103.975,2,574,1020,"[372.43, 95.66, 66.01, 72.61]",88541225-982e-4240-8f6d-e7da49b2e0e2.jpg
train,532,000532.jpg,8165,2,HI-Beam,5,new-point-4,out_of_bbox,272.816,268.926,2,574,1020,"[272.82, 204.67, 64.38, 66.76]",88541225-982e-4240-8f6d-e7da49b2e0e2.jpg
train,544,000544.jpg,1064,3,Angle Bar,2,new-point-1,out_of_bbox,114.676,259.026,2,416,416,"[54.27, 178.27, 68.02, 76.11]",c048c3db-14_jpeg.jpg
train,544,000544.jpg,1064,3,Angle Bar,3,new-point-3,out_of_bbox,130.75,137.859,2,416,416,"[54.27, 178.27, 68.02, 76.11]",c048c3db-14_jpeg.jpg
train,545,000545.jpg,10619,3,Angle Bar,1,new-point-0,out_of_bbox,493.973,477.044,2,640,640,"[445, 363.38, 119.71, 85.25]",8c41814c-8_jpg
train,545,000545.jpg,10632,3,Angle Bar,3,new-point-3,out_of_bbox,611.874,513.926,2,640,640,"[406.62, 431.7, 204.36, 124.55]",8c41814c-8_jpg
train,545,000545.jpg,10635,3,Angle Bar,1,new-point-0,out_of_image_and_out_of_bbox,547.784,655.115,2,640,640,"[340.11, 469.5, 252.13, 168.69]",8c41814c-8_jpg
train,545,000545.jpg,10636,3,Angle Bar,1,new-point-0,out_of_image_and_out_of_bbox,544.761,681.719,2,640,640,"[337.09, 496.1, 252.13, 143.9]",8c41814c-8_jpg
train,545,000545.jpg,10636,3,Angle Bar,3,new-point-3,out_of_image_and_out_of_bbox,588.293,653.592,2,640,640,"[337.09, 496.1, 252.13, 143.9]",8c41814c-8_jpg
train,546,000546.jpg,78,1,T-beam,3,new-point-2,out_of_image,125,640,2,640,640,"[110.83, 125, 257.5, 515]",-2024-04-08-181403_png_jpg
train,546,000546.jpg,80,1,T-beam,2,new-point-1,out_of_image,640,576.667,2,640,640,"[403, 104, 237, 521]",-2024-04-08-181403_png_jpg
train,548,000548.jpg,10954,2,HI-Beam,5,new-point-4,out_of_bbox,226.212,132.194,2,308,278,"[164.39, 17.88, 61.52, 116.74]",ahxol49d_png.jpg
train,550,000550.jpg,566,1,T-beam,4,new-point-3,out_of_image,69.167,640,2,640,640,"[26, 563, 142, 77]",-2024-04-09-190957_png_jpg
train,552,000552.jpg,11068,1,T-beam,3,new-point-2,out_of_bbox,68.889,115.896,2,247,262,"[68.89, 11.68, 106.94, 115.12]",c8902ef8e99e0a92d38e98ccb831d94_png.jpg
train,555,000555.jpg,8148,2,HI-Beam,2,new-point-1,out_of_bbox,340.667,91.391,2,415,429,"[7.33, 91.84, 345.78, 170.39]",-2024-04-08-175718_png.jpg
train,555,000555.jpg,8149,2,HI-Beam,2,new-point-1,out_of_image,3.333,429,1,415,429,"[0, 271.56, 330, 157.44]",-2024-04-08-175718_png.jpg
train,555,000555.jpg,8149,2,HI-Beam,5,new-point-4,out_of_image,318,429,1,415,429,"[0, 271.56, 330, 157.44]",-2024-04-08-175718_png.jpg
train,556,000556.jpg,8258,1,T-beam,2,new-point-1,out_of_bbox,92.066,302.76,2,640,640,"[92.52, 266.29, 36.92, 38.04]",steelbeam148_jpg
train,556,000556.jpg,8262,1,T-beam,4,new-point-3,out_of_bbox,158.333,265.828,2,640,640,"[144.08, 266.02, 33.96, 36.77]",steelbeam148_jpg
train,556,000556.jpg,8284,1,T-beam,4,new-point-3,out_of_bbox,196.064,340.736,2,640,640,"[179.03, 340.92, 36.22, 36.58]",steelbeam148_jpg
train,556,000556.jpg,8295,1,T-beam,3,new-point-2,out_of_bbox,208.379,409.764,2,640,640,"[208.56, 376.05, 36.76, 35.15]",steelbeam148_jpg
train,556,000556.jpg,8301,1,T-beam,4,new-point-3,out_of_bbox,330.036,261.027,2,640,640,"[313.49, 261.17, 39.69, 35.63]",steelbeam148_jpg
train,556,000556.jpg,8318,1,T-beam,4,new-point-3,out_of_bbox,364.756,260.589,2,640,640,"[351.44, 260.59, 37.23, 38.48]",steelbeam148_jpg
train,556,000556.jpg,8322,1,T-beam,3,new-point-2,out_of_bbox,397.429,294.97,2,640,640,"[397.43, 292.12, 33.36, 40.07]",steelbeam148_jpg
train,556,000556.jpg,8370,1,T-beam,4,new-point-3,out_of_bbox,260.6,451.5,2,640,640,"[243.4, 451.8, 39.1, 29.5]",steelbeam148_jpg
train,556,000556.jpg,8381,1,T-beam,2,new-point-1,out_of_bbox,406.1,415.3,2,640,640,"[406.2, 414, 37.7, 29.3]",steelbeam148_jpg
train,558,000558.jpg,11126,2,HI-Beam,5,new-point-4,out_of_bbox,163.493,338.623,2,304,369,"[0, 14, 163, 342]",-2024-04-08-180117.png
train,563,000563.jpg,4712,1,T-beam,2,new-point-1,out_of_image_and_out_of_bbox,640,81.667,2,640,640,"[315, 48.33, 324, 215]",-2024-04-09-190603_png_jpg
train,565,000565.jpg,4875,3,Angle Bar,2,new-point-1,out_of_bbox,152.222,166.111,2,416,416,"[77.78, 167.22, 135.56, 202.22]",1670333703-5cdf9b336c4b445e5e7cfce6.jpg
train,565,000565.jpg,4876,3,Angle Bar,2,new-point-1,out_of_bbox,181.667,167.778,2,416,416,"[107.22, 168.89, 135.56, 202.22]",1670333703-5cdf9b336c4b445e5e7cfce6.jpg
train,565,000565.jpg,4879,3,Angle Bar,2,new-point-1,out_of_bbox,300.556,142.222,2,416,416,"[200, 142.78, 135.56, 185]",1670333703-5cdf9b336c4b445e5e7cfce6.jpg
train,565,000565.jpg,4880,3,Angle Bar,2,new-point-1,out_of_bbox,337.222,118.889,2,416,416,"[236.67, 119.44, 135.56, 156.11]",1670333703-5cdf9b336c4b445e5e7cfce6.jpg
train,565,000565.jpg,4880,3,Angle Bar,3,new-point-3,out_of_bbox,243.333,298.889,2,416,416,"[236.67, 119.44, 135.56, 156.11]",1670333703-5cdf9b336c4b445e5e7cfce6.jpg
train,565,000565.jpg,4881,3,Angle Bar,2,new-point-1,out_of_bbox,378.889,115,2,416,416,"[278.33, 115.56, 135.56, 164.44]",1670333703-5cdf9b336c4b445e5e7cfce6.jpg
train,565,000565.jpg,4881,3,Angle Bar,3,new-point-3,out_of_bbox,285,295,2,416,416,"[278.33, 115.56, 135.56, 164.44]",1670333703-5cdf9b336c4b445e5e7cfce6.jpg
train,568,000568.jpg,913,1,T-beam,2,new-point-1,out_of_bbox,341.667,45.833,2,640,640,"[341.67, 6.67, 209.17, 302.5]",-2024-04-08-181819_png_jpg
train,570,000570.jpg,6293,1,T-beam,3,new-point-2,out_of_image,388,250.357,2,388,263,"[232.29, 19.64, 155.71, 235.36]",-2024-04-08-181332.png
train,571,000571.jpg,2470,1,T-beam,3,new-point-2,out_of_bbox,355.997,174.531,2,640,640,"[338.08, 175.69, 275.67, 175.69]",923a108f41cc108b080c4fe180deb58_png_jpg
train,572,000572.jpg,11399,3,Angle Bar,2,new-point-1,out_of_bbox,456.615,66.795,2,640,640,"[353.38, 69.71, 117.86, 120.71]",8c41814c-8_jpg
train,572,000572.jpg,11400,3,Angle Bar,2,new-point-1,out_of_bbox,430.335,70.08,2,640,640,"[327.1, 73, 117.86, 120.71]",8c41814c-8_jpg
train,572,000572.jpg,11406,3,Angle Bar,1,new-point-0,out_of_bbox,196.883,123.89,1,640,640,"[224.17, 59.86, 83.91, 130.56]",8c41814c-8_jpg
train,572,000572.jpg,11406,3,Angle Bar,2,new-point-1,out_of_bbox,315.36,72.27,2,640,640,"[224.17, 59.86, 83.91, 130.56]",8c41814c-8_jpg
train,572,000572.jpg,11410,3,Angle Bar,2,new-point-1,out_of_bbox,223.098,393.928,2,640,640,"[112.45, 379.08, 109.42, 187.5]",8c41814c-8_jpg
train,572,000572.jpg,11410,3,Angle Bar,3,new-point-3,out_of_bbox,222.285,556.26,2,640,640,"[112.45, 379.08, 109.42, 187.5]",8c41814c-8_jpg
train,572,000572.jpg,11412,3,Angle Bar,2,new-point-1,out_of_bbox,222.897,439.005,2,640,640,"[166.76, 423.21, 55.11, 96.99]",8c41814c-8_jpg
train,572,000572.jpg,11412,3,Angle Bar,3,new-point-3,out_of_bbox,222.897,508.024,2,640,640,"[166.76, 423.21, 55.11, 96.99]",8c41814c-8_jpg
train,572,000572.jpg,11413,3,Angle Bar,2,new-point-1,out_of_image_and_out_of_bbox,216.108,-39.601,2,640,640,"[118.87, 0, 102.6, 221.67]",8c41814c-8_jpg
train,572,000572.jpg,11413,3,Angle Bar,3,new-point-3,out_of_bbox,222.897,196.873,2,640,640,"[118.87, 0, 102.6, 221.67]",8c41814c-8_jpg
train,572,000572.jpg,11414,3,Angle Bar,2,new-point-1,out_of_image_and_out_of_bbox,182.164,-29.418,2,640,640,"[84, 0, 137, 271]",8c41814c-8_jpg
train,572,000572.jpg,11415,3,Angle Bar,2,new-point-1,out_of_image_and_out_of_bbox,139.169,-47.521,2,640,640,"[41.93, 0, 156.91, 279.38]",8c41814c-8_jpg
train,572,000572.jpg,11416,3,Angle Bar,2,new-point-1,out_of_image_and_out_of_bbox,115.409,-57.704,2,640,640,"[18, 0, 157, 269]",8c41814c-8_jpg
train,572,000572.jpg,11417,3,Angle Bar,2,new-point-1,out_of_image_and_out_of_bbox,88.189,-57.704,2,640,640,"[0, 0, 147, 269]",8c41814c-8_jpg
train,572,000572.jpg,11422,3,Angle Bar,2,new-point-1,out_of_image_and_out_of_bbox,649.456,419.77,2,640,640,"[480, 393, 160, 220]",8c41814c-8_jpg
train,572,000572.jpg,11423,3,Angle Bar,2,new-point-1,out_of_image,640,446.925,2,640,640,"[508.09, 405.29, 131.91, 219.18]",8c41814c-8_jpg
train,572,000572.jpg,11424,3,Angle Bar,2,new-point-1,out_of_image,640,462.765,2,640,640,"[538.64, 446.02, 101.36, 171.66]",8c41814c-8_jpg
train,572,000572.jpg,11424,3,Angle Bar,3,new-point-3,out_of_image,640,605.329,2,640,640,"[538.64, 446.02, 101.36, 171.66]",8c41814c-8_jpg
train,572,000572.jpg,11425,3,Angle Bar,2,new-point-1,out_of_image,640,477.474,2,640,640,"[566.92, 465.25, 73.08, 134.32]",8c41814c-8_jpg
train,572,000572.jpg,11425,3,Angle Bar,3,new-point-3,out_of_image,640,574.78,2,640,640,"[566.92, 465.25, 73.08, 134.32]",8c41814c-8_jpg
train,572,000572.jpg,11426,3,Angle Bar,2,new-point-1,out_of_image_and_out_of_bbox,669.418,486.526,2,640,640,"[588.42, 479.96, 51.58, 90.2]",8c41814c-8_jpg
train,572,000572.jpg,11426,3,Angle Bar,3,new-point-3,out_of_image_and_out_of_bbox,669.418,583.831,2,640,640,"[588.42, 479.96, 51.58, 90.2]",8c41814c-8_jpg
train,573,000573.jpg,967,2,HI-Beam,2,new-point-1,out_of_bbox,575.796,202.8,2,1080,810,"[575.99, 199.86, 29.52, 48.62]",01f13791-5551-41b7-8fa6-ee5152710173.jpg
train,577,000577.jpg,8079,1,T-beam,2,new-point-1,out_of_bbox,7.586,88.326,2,174,213,"[7.59, 11.51, 72.64, 78.95]",-2024-04-08-181248_png.jpg
train,578,000578.jpg,1285,2,HI-Beam,5,new-point-4,out_of_bbox,235.556,461.62,1,500,500,"[226.11, 126.94, 249.44, 333.56]",img_137.jpg
train,581,000581.jpg,1101,0,Channel,3,new-point-2,out_of_bbox,539.9,250,2,1080,486,"[514.46, 248.26, 24.73, 13.52]",51d9790d-6350-485f-bc87-bd3aea0b0f45.jpg
train,581,000581.jpg,1101,0,Channel,4,new-point-3,out_of_bbox,539.8,260.5,2,1080,486,"[514.46, 248.26, 24.73, 13.52]",51d9790d-6350-485f-bc87-bd3aea0b0f45.jpg
train,583,000583.jpg,7954,1,T-beam,3,new-point-2,out_of_image,640,530.833,2,640,640,"[372.5, 45, 267.5, 528.33]",-_20230924182512_png_jpg
train,584,000584.jpg,1253,2,HI-Beam,6,new-point-5,out_of_bbox,386.41,84.679,2,718,416,"[386.92, 75.96, 321.54, 332.76]",13ee5b15fa3a156bb16bb7383011af0_png.jpg
train,593,000593.jpg,1455,1,T-beam,4,new-point-3,out_of_bbox,124.167,173.333,2,640,640,"[39.17, 174.17, 191.67, 205]",c00ccebb664def77130f55678b31ed1_png
train,595,000595.jpg,1362,3,Angle Bar,3,new-point-3,out_of_image,640,240,2,640,640,"[548.33, 61.67, 91.67, 185]",16c3ab3b-13_jpg
train,595,000595.jpg,1363,3,Angle Bar,3,new-point-3,out_of_image_and_out_of_bbox,640,214.167,2,640,640,"[575, 93.33, 64.17, 143.33]",16c3ab3b-13_jpg
train,595,000595.jpg,1364,3,Angle Bar,3,new-point-3,out_of_bbox,255.833,602.5,2,640,640,"[135.83, 405.83, 111.67, 211.67]",16c3ab3b-13_jpg
train,595,000595.jpg,1366,3,Angle Bar,2,new-point-1,out_of_bbox,179.167,444.167,2,640,640,"[43.33, 448.33, 152.5, 191.67]",16c3ab3b-13_jpg
train,595,000595.jpg,1366,3,Angle Bar,3,new-point-3,out_of_image_and_out_of_bbox,163.333,645,2,640,640,"[43.33, 448.33, 152.5, 191.67]",16c3ab3b-13_jpg
train,595,000595.jpg,1367,3,Angle Bar,1,new-point-0,out_of_image_and_out_of_bbox,-15.833,565.833,2,640,640,"[3.33, 457.5, 121.67, 182.5]",16c3ab3b-13_jpg
train,595,000595.jpg,1367,3,Angle Bar,2,new-point-1,out_of_bbox,108.333,453.333,2,640,640,"[3.33, 457.5, 121.67, 182.5]",16c3ab3b-13_jpg
train,595,000595.jpg,1367,3,Angle Bar,3,new-point-3,out_of_image_and_out_of_bbox,92.5,654.167,2,640,640,"[3.33, 457.5, 121.67, 182.5]",16c3ab3b-13_jpg
train,595,000595.jpg,1369,3,Angle Bar,2,new-point-1,out_of_bbox,260,175,2,640,640,"[165, 159.17, 75, 180.83]",16c3ab3b-13_jpg
train,595,000595.jpg,1369,3,Angle Bar,3,new-point-3,out_of_bbox,263.333,318.333,2,640,640,"[165, 159.17, 75, 180.83]",16c3ab3b-13_jpg
train,595,000595.jpg,1370,3,Angle Bar,2,new-point-1,out_of_bbox,290.833,173.333,2,640,640,"[195.83, 157.5, 43.33, 180.83]",16c3ab3b-13_jpg
train,595,000595.jpg,1370,3,Angle Bar,3,new-point-3,out_of_bbox,294.167,316.667,2,640,640,"[195.83, 157.5, 43.33, 180.83]",16c3ab3b-13_jpg
train,595,000595.jpg,1371,3,Angle Bar,3,new-point-3,out_of_bbox,352.5,623.333,2,640,640,"[232.5, 426.67, 111.67, 211.67]",16c3ab3b-13_jpg
train,596,000596.jpg,1452,2,HI-Beam,2,new-point-1,out_of_image,305,500,2,500,500,"[21, 168, 307, 332]",img_71.jpg
train,607,000607.jpg,8059,3,Angle Bar,1,new-point-0,out_of_image_and_out_of_bbox,-55,209.444,1,416,416,"[0, 56, 102, 261]",417_original_png.jpg
train,607,000607.jpg,8062,3,Angle Bar,1,new-point-0,out_of_image_and_out_of_bbox,461.667,79.444,1,416,416,"[372.67, 7.22, 41.11, 140]",417_original_png.jpg
train,607,000607.jpg,8064,3,Angle Bar,1,new-point-0,out_of_image_and_out_of_bbox,450.556,200.556,1,416,416,"[372.11, 128.33, 43.89, 140]",417_original_png.jpg
train,607,000607.jpg,8068,3,Angle Bar,3,new-point-3,out_of_image_and_out_of_bbox,113.111,447.111,1,416,416,"[30.44, 327.67, 89.44, 88.33]",417_original_png.jpg
train,607,000607.jpg,8069,3,Angle Bar,3,new-point-3,out_of_image_and_out_of_bbox,95.889,447.111,1,416,416,"[13.22, 327.67, 89.44, 88.33]",417_original_png.jpg
train,607,000607.jpg,8070,3,Angle Bar,3,new-point-3,out_of_image_and_out_of_bbox,82.667,447.111,1,416,416,"[0, 327.67, 89.44, 88.33]",417_original_png.jpg
train,607,000607.jpg,8071,3,Angle Bar,3,new-point-3,out_of_image_and_out_of_bbox,67.667,447.111,1,416,416,"[0, 327, 74, 89]",417_original_png.jpg
train,607,000607.jpg,8072,3,Angle Bar,3,new-point-3,out_of_bbox,109.222,259.889,1,416,416,"[26.56, 300.44, 89.44, 55.56]",417_original_png.jpg
train,607,000607.jpg,8073,3,Angle Bar,3,new-point-3,out_of_bbox,92.555,258.222,1,416,416,"[9.89, 299.89, 89.44, 57.78]",417_original_png.jpg
train,607,000607.jpg,8074,3,Angle Bar,3,new-point-3,out_of_bbox,76.555,259.333,1,416,416,"[12.78, 298.78, 70.56, 56.67]",417_original_png.jpg
train,610,000610.jpg,2991,1,T-beam,3,new-point-2,out_of_image_and_out_of_bbox,640,580,2,640,640,"[381.67, 95, 255, 502.47]",-2024-04-08-181358_png_jpg
train,610,000610.jpg,2993,1,T-beam,2,new-point-1,out_of_image_and_out_of_bbox,668.333,87.5,2,640,640,"[379.17, 73.33, 260.83, 511.63]",-2024-04-08-181358_png_jpg
train,611,000611.jpg,1475,1,T-beam,3,new-point-2,out_of_image_and_out_of_bbox,664.167,164.167,2,640,640,"[380, 121.67, 260, 400.83]",-2024-04-08-181453_png_jpg
train,613,000613.jpg,108,1,T-beam,4,new-point-3,out_of_bbox,362.724,121.607,2,640,640,"[322.19, 71.29, 71.99, 49.62]",-_20240404161141_png_jpg
train,613,000613.jpg,111,1,T-beam,4,new-point-3,out_of_bbox,613.625,118.112,2,640,640,"[570.29, 62.9, 62.2, 53.81]",-_20240404161141_png_jpg
train,614,000614.jpg,6879,1,T-beam,3,new-point-2,out_of_image_and_out_of_bbox,305.476,151.905,2,302,176,"[217.48, 35.48, 80.95, 124.05]",-2024-04-09-190757.png
train,616,000616.jpg,8116,3,Angle Bar,1,new-point-0,out_of_image,640,110.785,2,640,640,"[570.96, 71.55, 69.04, 133.1]",e327edd1-7_jpg
train,616,000616.jpg,8116,3,Angle Bar,3,new-point-3,out_of_image_and_out_of_bbox,737.82,120.264,2,640,640,"[570.96, 71.55, 69.04, 133.1]",e327edd1-7_jpg
train,616,000616.jpg,8125,3,Angle Bar,2,new-point-1,out_of_image_and_out_of_bbox,-54.113,442.236,2,640,640,"[0, 372.24, 95.11, 74.45]",e327edd1-7_jpg
train,616,000616.jpg,8126,3,Angle Bar,2,new-point-1,out_of_image_and_out_of_bbox,-54.113,423.87,2,640,640,"[0, 353.87, 95.11, 74.45]",e327edd1-7_jpg
train,616,000616.jpg,8127,3,Angle Bar,2,new-point-1,out_of_image_and_out_of_bbox,-52.336,388.917,2,640,640,"[1.78, 318.92, 95.11, 74.45]",e327edd1-7_jpg
train,616,000616.jpg,8128,3,Angle Bar,2,new-point-1,out_of_image_and_out_of_bbox,-61.815,362.257,2,640,640,"[0, 292.26, 87.4, 74.45]",e327edd1-7_jpg
train,616,000616.jpg,8129,3,Angle Bar,2,new-point-1,out_of_image_and_out_of_bbox,-61.815,343.299,2,640,640,"[0, 273.3, 87.4, 74.45]",e327edd1-7_jpg
train,616,000616.jpg,8130,3,Angle Bar,2,new-point-1,out_of_image_and_out_of_bbox,-61.815,307.161,2,640,640,"[0, 237.16, 87.4, 74.45]",e327edd1-7_jpg
train,616,000616.jpg,8131,3,Angle Bar,2,new-point-1,out_of_image_and_out_of_bbox,-61.815,297.089,2,640,640,"[0, 227.09, 87.4, 74.45]",e327edd1-7_jpg
train,616,000616.jpg,8134,3,Angle Bar,2,new-point-1,out_of_image_and_out_of_bbox,-61.815,276.947,2,640,640,"[0, 206.95, 87.4, 74.45]",e327edd1-7_jpg
train,616,000616.jpg,8135,3,Angle Bar,2,new-point-1,out_of_image_and_out_of_bbox,-61.815,259.174,2,640,640,"[0, 189.17, 87.4, 74.45]",e327edd1-7_jpg
train,616,000616.jpg,8137,3,Angle Bar,1,new-point-0,out_of_image_and_out_of_bbox,654.959,191.719,2,640,640,"[582.22, 183.52, 57.78, 132.51]",e327edd1-7_jpg
train,616,000616.jpg,8137,3,Angle Bar,3,new-point-3,out_of_image_and_out_of_bbox,770.997,249.414,2,640,640,"[582.22, 183.52, 57.78, 132.51]",e327edd1-7_jpg
train,616,000616.jpg,8140,3,Angle Bar,1,new-point-0,out_of_image_and_out_of_bbox,657.328,162.097,2,640,640,"[584.59, 153.89, 55.41, 132.51]",e327edd1-7_jpg
train,616,000616.jpg,8140,3,Angle Bar,3,new-point-3,out_of_image_and_out_of_bbox,761.518,226.902,2,640,640,"[584.59, 153.89, 55.41, 132.51]",e327edd1-7_jpg
train,616,000616.jpg,8141,3,Angle Bar,1,new-point-0,out_of_image,640,110.785,2,640,640,"[570.96, 71.55, 69.04, 133.1]",e327edd1-7_jpg
train,616,000616.jpg,8141,3,Angle Bar,3,new-point-3,out_of_image_and_out_of_bbox,737.82,120.264,2,640,640,"[570.96, 71.55, 69.04, 133.1]",e327edd1-7_jpg
train,616,000616.jpg,8142,3,Angle Bar,1,new-point-0,out_of_image,640,153.44,2,640,640,"[570.96, 114.2, 69.04, 133.1]",e327edd1-7_jpg
train,616,000616.jpg,8142,3,Angle Bar,3,new-point-3,out_of_image_and_out_of_bbox,737.82,162.919,2,640,640,"[570.96, 114.2, 69.04, 133.1]",e327edd1-7_jpg
train,616,000616.jpg,8143,3,Angle Bar,1,new-point-0,out_of_image,640,173.583,2,640,640,"[590.51, 152.71, 49.49, 98.74]",e327edd1-7_jpg
train,616,000616.jpg,8143,3,Angle Bar,3,new-point-3,out_of_image,640,188.394,2,640,640,"[590.51, 152.71, 49.49, 98.74]",e327edd1-7_jpg
train,616,000616.jpg,8144,3,Angle Bar,1,new-point-0,out_of_image_and_out_of_bbox,657.328,224.052,2,640,640,"[605.59, 239.68, 34.41, 69.64]",e327edd1-7_jpg
train,616,000616.jpg,8144,3,Angle Bar,3,new-point-3,out_of_image_and_out_of_bbox,761.518,288.857,2,640,640,"[605.59, 239.68, 34.41, 69.64]",e327edd1-7_jpg
train,616,000616.jpg,8145,3,Angle Bar,1,new-point-0,out_of_image_and_out_of_bbox,657.328,251.918,2,640,640,"[605, 267, 35, 70]",e327edd1-7_jpg
train,616,000616.jpg,8145,3,Angle Bar,3,new-point-3,out_of_image_and_out_of_bbox,761.518,316.723,2,640,640,"[605, 267, 35, 70]",e327edd1-7_jpg
train,619,000619.jpg,513,2,HI-Beam,6,new-point-5,out_of_bbox,177.957,45.732,2,477,346,"[12.9, 45.85, 181.39, 132.6]",-2024-04-08-175806.png
train,619,000619.jpg,518,2,HI-Beam,3,new-point-2,out_of_bbox,232.385,172.13,1,477,346,"[60.96, 172.52, 183.07, 118.44]",-2024-04-08-175806.png
train,620,000620.jpg,808,3,Angle Bar,2,new-point-1,out_of_image_and_out_of_bbox,-25.298,180.903,2,416,416,"[1.43, 135.32, 32.93, 50.6]",og.jpg
train,620,000620.jpg,823,3,Angle Bar,1,new-point-0,out_of_image_and_out_of_bbox,125.123,-0.132,2,416,416,"[95.77, 3.82, 61.34, 41.87]",og.jpg
train,620,000620.jpg,824,3,Angle Bar,2,new-point-1,out_of_image_and_out_of_bbox,-19.752,58.522,2,416,416,"[0, 18.53, 40.35, 48.82]",og.jpg
train,620,000620.jpg,825,3,Angle Bar,2,new-point-1,out_of_image_and_out_of_bbox,-19.752,77.599,2,416,416,"[0, 37.61, 34.9, 48.82]",og.jpg
train,620,000620.jpg,826,3,Angle Bar,2,new-point-1,out_of_image_and_out_of_bbox,-19.752,98.037,2,416,416,"[0, 58.05, 34.9, 48.82]",og.jpg
train,620,000620.jpg,827,3,Angle Bar,2,new-point-1,out_of_image_and_out_of_bbox,-16.755,119.567,2,416,416,"[0, 79.58, 37.9, 48.82]",og.jpg
train,620,000620.jpg,828,3,Angle Bar,2,new-point-1,out_of_image_and_out_of_bbox,-16.755,138.098,2,416,416,"[0, 98, 37, 48]",og.jpg
train,620,000620.jpg,829,3,Angle Bar,2,new-point-1,out_of_image_and_out_of_bbox,-16.755,158.537,2,416,416,"[0, 118.55, 31.36, 48.82]",og.jpg
train,620,000620.jpg,830,3,Angle Bar,2,new-point-1,out_of_image_and_out_of_bbox,-19.752,41.626,2,416,416,"[0, 1.64, 40.35, 48.82]",og.jpg
train,620,000620.jpg,840,3,Angle Bar,2,new-point-1,out_of_image_and_out_of_bbox,6.813,-11.055,2,416,416,"[5, 0, 59, 33]",og.jpg
train,620,000620.jpg,840,3,Angle Bar,3,new-point-3,out_of_image_and_out_of_bbox,59.955,-8.874,2,416,416,"[5, 0, 59, 33]",og.jpg
train,620,000620.jpg,847,3,Angle Bar,2,new-point-1,out_of_image_and_out_of_bbox,68.675,-5.178,2,416,416,"[64.26, 0, 61.34, 37.67]",og.jpg
train,620,000620.jpg,847,3,Angle Bar,3,new-point-3,out_of_image_and_out_of_bbox,123.452,-5.178,2,416,416,"[64.26, 0, 61.34, 37.67]",og.jpg
train,620,000620.jpg,854,3,Angle Bar,2,new-point-1,out_of_image_and_out_of_bbox,130.788,-4.526,2,416,416,"[129, 0, 61, 40]",og.jpg
train,620,000620.jpg,854,3,Angle Bar,3,new-point-3,out_of_image_and_out_of_bbox,188.312,-3.424,2,416,416,"[129, 0, 61, 40]",og.jpg
train,620,000620.jpg,855,3,Angle Bar,3,new-point-3,out_of_image,416,70.481,2,416,416,"[300.39, 62.9, 115.61, 192.65]",og.jpg
train,620,000620.jpg,861,3,Angle Bar,1,new-point-0,out_of_image_and_out_of_bbox,92.757,427.999,2,416,416,"[31.37, 351.61, 123.05, 64.39]",og.jpg
train,620,000620.jpg,862,3,Angle Bar,1,new-point-0,out_of_bbox,204.505,410.836,2,416,416,"[189.86, 334.45, 76.31, 64.39]",og.jpg
train,620,000620.jpg,862,3,Angle Bar,2,new-point-1,out_of_bbox,149.727,342.18,1,416,416,"[189.86, 334.45, 76.31, 64.39]",og.jpg
train,620,000620.jpg,863,3,Angle Bar,1,new-point-0,out_of_bbox,191.723,379.429,2,416,416,"[192.41, 307.43, 60.97, 60.01]",og.jpg
train,620,000620.jpg,863,3,Angle Bar,2,new-point-1,out_of_bbox,136.945,310.774,1,416,416,"[192.41, 307.43, 60.97, 60.01]",og.jpg
train,620,000620.jpg,863,3,Angle Bar,3,new-point-3,out_of_bbox,245.771,306.757,2,416,416,"[192.41, 307.43, 60.97, 60.01]",og.jpg
train,620,000620.jpg,867,3,Angle Bar,1,new-point-0,out_of_image_and_out_of_bbox,345.832,424.713,2,416,416,"[281.16, 351.25, 126.34, 64.75]",og.jpg
train,620,000620.jpg,869,3,Angle Bar,2,new-point-1,out_of_image_and_out_of_bbox,226.416,441.501,1,416,416,"[216.52, 368.78, 126.34, 46.86]",og.jpg
train,620,000620.jpg,869,3,Angle Bar,3,new-point-3,out_of_image_and_out_of_bbox,326.112,438.945,1,416,416,"[216.52, 368.78, 126.34, 46.86]",og.jpg
train,623,000623.jpg,6754,2,HI-Beam,6,new-point-5,out_of_bbox,411.878,467.551,2,963,1280,"[411.88, 290.34, 94.03, 184.72]",1107afa4-cb0c-43c4-a59c-5a82df35f3ca.jpg
train,623,000623.jpg,6757,2,HI-Beam,6,new-point-5,out_of_bbox,594.935,467.034,2,963,1280,"[594.94, 301.34, 94.03, 178.2]",1107afa4-cb0c-43c4-a59c-5a82df35f3ca.jpg
train,623,000623.jpg,6760,2,HI-Beam,5,new-point-4,out_of_bbox,772.491,614.579,2,963,1280,"[667.71, 513.41, 104.78, 106.17]",1107afa4-cb0c-43c4-a59c-5a82df35f3ca.jpg
train,623,000623.jpg,6761,2,HI-Beam,3,new-point-2,out_of_bbox,723.975,526.513,2,963,1280,"[723.98, 521.66, 98.53, 110.43]",1107afa4-cb0c-43c4-a59c-5a82df35f3ca.jpg
train,623,000623.jpg,6761,2,HI-Beam,6,new-point-5,out_of_bbox,723.475,625.087,2,963,1280,"[723.98, 521.66, 98.53, 110.43]",1107afa4-cb0c-43c4-a59c-5a82df35f3ca.jpg
train,627,000627.jpg,8213,1,T-beam,3,new-point-2,out_of_bbox,594.167,395.833,2,640,640,"[402.5, 192.5, 225, 201.67]",-2024-04-08-180945_png_jpg
train,629,000629.jpg,228,2,HI-Beam,3,new-point-2,out_of_bbox,35.304,41.241,2,140,140,"[35.59, 39.69, 44.77, 66.28]",I-beam-price1.jpg
train,630,000630.jpg,6157,1,T-beam,3,new-point-2,out_of_image,529.091,640,2,640,640,"[57.27, 443.64, 485.45, 196.36]",-2024-04-08-181030_png_jpg
train,631,000631.jpg,5834,1,T-beam,2,new-point-1,out_of_bbox,20.833,349.167,2,640,640,"[21.67, 65.83, 228.33, 296.67]",-2024-04-08-181047_png_jpg
train,632,000632.jpg,1097,1,T-beam,1,new-point-0,out_of_image,447.5,640,2,640,640,"[359.17, 314.17, 186.67, 325.83]",-2024-04-09-190611_png_jpg
train,632,000632.jpg,1097,1,T-beam,3,new-point-2,out_of_image_and_out_of_bbox,544.167,650.833,2,640,640,"[359.17, 314.17, 186.67, 325.83]",-2024-04-09-190611_png_jpg
train,634,000634.jpg,9730,3,Angle Bar,1,new-point-0,out_of_bbox,244.167,281.667,1,640,640,"[146.67, 332.5, 179.17, 110.83]",417_original_png_jpg
train,634,000634.jpg,9731,3,Angle Bar,1,new-point-0,out_of_bbox,243.333,304.167,1,640,640,"[138.33, 330, 178.33, 127.5]",417_original_png_jpg
train,634,000634.jpg,9743,3,Angle Bar,1,new-point-0,out_of_bbox,113.216,324.832,1,640,640,"[20.26, 332.48, 106.59, 199.23]",417_original_png_jpg
train,634,000634.jpg,9743,3,Angle Bar,2,new-point-1,out_of_bbox,20.261,317.938,1,640,640,"[20.26, 332.48, 106.59, 199.23]",417_original_png_jpg
train,634,000634.jpg,9744,3,Angle Bar,1,new-point-0,out_of_bbox,125.684,306.129,1,640,640,"[32.73, 334.04, 106.59, 178.97]",417_original_png_jpg
train,634,000634.jpg,9744,3,Angle Bar,2,new-point-1,out_of_bbox,32.729,299.236,1,640,640,"[32.73, 334.04, 106.59, 178.97]",417_original_png_jpg
train,634,000634.jpg,9745,3,Angle Bar,1,new-point-0,out_of_bbox,144.942,294.561,1,640,640,"[44.42, 334.04, 106.59, 165.73]",417_original_png_jpg
train,634,000634.jpg,9745,3,Angle Bar,2,new-point-1,out_of_bbox,44.418,285.989,1,640,640,"[44.42, 334.04, 106.59, 165.73]",417_original_png_jpg
train,634,000634.jpg,9746,3,Angle Bar,1,new-point-0,out_of_bbox,158.19,281.313,1,640,640,"[57.67, 331.71, 106.59, 154.82]",417_original_png_jpg
train,634,000634.jpg,9746,3,Angle Bar,2,new-point-1,out_of_bbox,57.665,272.741,1,640,640,"[57.67, 331.71, 106.59, 154.82]",417_original_png_jpg
train,634,000634.jpg,9747,3,Angle Bar,1,new-point-0,out_of_image_and_out_of_bbox,239.167,-74.809,1,640,640,"[0, 0, 337.5, 202.83]",417_original_png_jpg
train,636,000636.jpg,1423,2,HI-Beam,6,new-point-5,out_of_bbox,52.477,129.035,2,500,464,"[52.48, 124.4, 118.86, 138.2]",steelbeam10.jpg
train,636,000636.jpg,1425,2,HI-Beam,5,new-point-4,out_of_bbox,274.187,136.204,2,500,464,"[172.6, 131.57, 101.58, 123.44]",steelbeam10.jpg
train,636,000636.jpg,1428,2,HI-Beam,6,new-point-5,out_of_bbox,91.466,259.306,1,500,464,"[91.47, 243.7, 67.44, 176.95]",steelbeam10.jpg
train,636,000636.jpg,1432,2,HI-Beam,5,new-point-4,out_of_bbox,277.444,242.53,2,500,464,"[222.51, 239.24, 54.43, 163.77]",steelbeam10.jpg
train,636,000636.jpg,1438,2,HI-Beam,3,new-point-2,out_of_bbox,364.168,349.613,2,500,464,"[364.46, 210.4, 44.98, 142.45]",steelbeam10.jpg
train,636,000636.jpg,1443,2,HI-Beam,6,new-point-5,out_of_bbox,339.055,203.796,2,500,464,"[339.5, 39.01, 73.71, 174.62]",steelbeam10.jpg
train,637,000637.jpg,4255,3,Angle Bar,3,new-point-3,out_of_image,65.1,416,2,416,416,"[44.83, 353.43, 67.18, 62.57]",417_original_png.jpg
train,637,000637.jpg,4259,3,Angle Bar,1,new-point-0,out_of_image_and_out_of_bbox,-8.589,398.872,1,416,416,"[0, 349, 52, 63]",417_original_png.jpg
train,637,000637.jpg,4264,3,Angle Bar,1,new-point-0,out_of_image_and_out_of_bbox,-45.26,200.31,1,416,416,"[0, 56.57, 107.66, 243.49]",417_original_png.jpg
train,640,000640.jpg,2398,1,T-beam,2,new-point-1,out_of_bbox,141.667,19.167,2,640,640,"[108.33, 21.67, 398.33, 342.5]",-2024-04-10-133445_png_jpg
train,640,000640.jpg,2399,1,T-beam,2,new-point-1,out_of_image_and_out_of_bbox,640,478.333,2,640,640,"[314.17, 201.67, 324.17, 300]",-2024-04-10-133445_png_jpg
train,641,000641.jpg,1208,1,T-beam,2,new-point-1,out_of_image_and_out_of_bbox,120,651.667,2,640,640,"[67.5, 405, 505, 235]",-2024-04-08-181319_png_jpg
train,644,000644.jpg,9146,1,T-beam,2,new-point-1,out_of_image_and_out_of_bbox,-0.078,191.729,2,84,206,"[0, 105.44, 70.23, 89.17]",-2024-04-08-181302.png
train,645,000645.jpg,1236,1,T-beam,2,new-point-1,out_of_image_and_out_of_bbox,-11.667,525.833,1,640,640,"[0, 328.33, 284.17, 200]",-2024-04-08-181047_png_jpg
train,653,000653.jpg,8417,2,HI-Beam,3,new-point-2,out_of_bbox,514.096,67.343,2,1080,486,"[511.42, 67.43, 31.64, 29.47]",1a7a4d1b-14e9-4bea-8fe3-bf2a0960401e.jpg
train,653,000653.jpg,8426,2,HI-Beam,6,new-point-5,out_of_bbox,468.72,65.866,2,1080,486,"[467.71, 65.88, 29.38, 26.42]",1a7a4d1b-14e9-4bea-8fe3-bf2a0960401e.jpg
train,653,000653.jpg,8432,2,HI-Beam,6,new-point-5,out_of_bbox,372.365,40.236,2,1080,486,"[368.83, 40.31, 30.88, 31.71]",1a7a4d1b-14e9-4bea-8fe3-bf2a0960401e.jpg
train,653,000653.jpg,8433,2,HI-Beam,6,new-point-5,out_of_bbox,365.655,54.386,2,1080,486,"[362.12, 54.46, 33.22, 31.71]",1a7a4d1b-14e9-4bea-8fe3-bf2a0960401e.jpg
train,653,000653.jpg,8434,2,HI-Beam,6,new-point-5,out_of_bbox,369.96,71.071,2,1080,486,"[366.43, 71.14, 33.22, 31.71]",1a7a4d1b-14e9-4bea-8fe3-bf2a0960401e.jpg
train,653,000653.jpg,8436,2,HI-Beam,6,new-point-5,out_of_bbox,309.065,60.274,2,1080,486,"[305.53, 60.35, 33.22, 31.71]",1a7a4d1b-14e9-4bea-8fe3-bf2a0960401e.jpg
train,653,000653.jpg,8437,2,HI-Beam,6,new-point-5,out_of_bbox,335.694,50.147,2,1080,486,"[332.16, 50.22, 33.22, 31.71]",1a7a4d1b-14e9-4bea-8fe3-bf2a0960401e.jpg
train,653,000653.jpg,8438,2,HI-Beam,6,new-point-5,out_of_bbox,340.247,18.465,2,1080,486,"[336.71, 18.54, 33.22, 31.71]",1a7a4d1b-14e9-4bea-8fe3-bf2a0960401e.jpg
train,653,000653.jpg,8439,2,HI-Beam,6,new-point-5,out_of_bbox,341.506,35.375,2,1080,486,"[337.97, 35.45, 33.22, 31.71]",1a7a4d1b-14e9-4bea-8fe3-bf2a0960401e.jpg
train,653,000653.jpg,8440,2,HI-Beam,6,new-point-5,out_of_bbox,306.468,43.423,2,1080,486,"[300.08, 43.46, 33.22, 31.71]",1a7a4d1b-14e9-4bea-8fe3-bf2a0960401e.jpg
train,653,000653.jpg,8441,2,HI-Beam,6,new-point-5,out_of_bbox,310.803,29.091,2,1080,486,"[304.42, 29.13, 36.08, 31.71]",1a7a4d1b-14e9-4bea-8fe3-bf2a0960401e.jpg
train,653,000653.jpg,8442,2,HI-Beam,6,new-point-5,out_of_bbox,308.509,13.168,2,1080,486,"[302.12, 13.2, 36.08, 31.71]",1a7a4d1b-14e9-4bea-8fe3-bf2a0960401e.jpg
train,653,000653.jpg,8466,2,HI-Beam,6,new-point-5,out_of_bbox,526.726,210.577,2,1080,486,"[526.88, 182.99, 29.19, 29.66]",1a7a4d1b-14e9-4bea-8fe3-bf2a0960401e.jpg
train,653,000653.jpg,8467,2,HI-Beam,6,new-point-5,out_of_bbox,514.281,148.19,2,1080,486,"[514.37, 120.4, 28.06, 29.71]",1a7a4d1b-14e9-4bea-8fe3-bf2a0960401e.jpg
train,653,000653.jpg,8469,2,HI-Beam,6,new-point-5,out_of_bbox,511.466,206.131,2,1080,486,"[511.53, 179.43, 27.94, 28.63]",1a7a4d1b-14e9-4bea-8fe3-bf2a0960401e.jpg
train,653,000653.jpg,8471,2,HI-Beam,6,new-point-5,out_of_bbox,496.649,180.791,2,1080,486,"[496.95, 153.47, 28, 31.02]",1a7a4d1b-14e9-4bea-8fe3-bf2a0960401e.jpg
train,653,000653.jpg,8486,2,HI-Beam,3,new-point-2,out_of_bbox,416.211,174.576,2,1080,486,"[412.15, 174.75, 30.77, 32.97]",1a7a4d1b-14e9-4bea-8fe3-bf2a0960401e.jpg
train,653,000653.jpg,8509,2,HI-Beam,6,new-point-5,out_of_bbox,637.848,266.169,2,1080,486,"[638.44, 237.07, 27.15, 32.96]",1a7a4d1b-14e9-4bea-8fe3-bf2a0960401e.jpg
train,653,000653.jpg,8510,2,HI-Beam,6,new-point-5,out_of_bbox,632.925,296.113,2,1080,486,"[633.52, 267.01, 27.15, 32.96]",1a7a4d1b-14e9-4bea-8fe3-bf2a0960401e.jpg
train,653,000653.jpg,8511,2,HI-Beam,6,new-point-5,out_of_bbox,650.106,292.218,2,1080,486,"[650.7, 263.12, 27.15, 32.96]",1a7a4d1b-14e9-4bea-8fe3-bf2a0960401e.jpg
train,653,000653.jpg,8519,2,HI-Beam,6,new-point-5,out_of_bbox,591.562,259.045,2,1080,486,"[591.71, 229.5, 28.63, 31.62]",1a7a4d1b-14e9-4bea-8fe3-bf2a0960401e.jpg
train,653,000653.jpg,8520,2,HI-Beam,6,new-point-5,out_of_bbox,590.226,289.916,2,1080,486,"[590.6, 260.66, 28.56, 31.34]",1a7a4d1b-14e9-4bea-8fe3-bf2a0960401e.jpg
train,653,000653.jpg,8522,2,HI-Beam,6,new-point-5,out_of_bbox,575.539,262.458,2,1080,486,"[575.69, 233.06, 28.19, 31.32]",1a7a4d1b-14e9-4bea-8fe3-bf2a0960401e.jpg
train,653,000653.jpg,8526,2,HI-Beam,6,new-point-5,out_of_bbox,519.285,256.188,2,1080,486,"[519.43, 226.65, 28.63, 31.62]",1a7a4d1b-14e9-4bea-8fe3-bf2a0960401e.jpg
train,653,000653.jpg,8527,2,HI-Beam,6,new-point-5,out_of_bbox,538.989,290.288,2,1080,486,"[538.99, 260.74, 26.7, 31.62]",1a7a4d1b-14e9-4bea-8fe3-bf2a0960401e.jpg
train,653,000653.jpg,8530,2,HI-Beam,6,new-point-5,out_of_bbox,522.586,314.668,2,1080,486,"[522.59, 285.12, 26.7, 31.62]",1a7a4d1b-14e9-4bea-8fe3-bf2a0960401e.jpg
train,653,000653.jpg,8531,2,HI-Beam,6,new-point-5,out_of_bbox,504.849,258.61,2,1080,486,"[504.9, 229.58, 27.45, 31.62]",1a7a4d1b-14e9-4bea-8fe3-bf2a0960401e.jpg
train,653,000653.jpg,8532,2,HI-Beam,6,new-point-5,out_of_bbox,504.376,288.109,2,1080,486,"[504.43, 259.08, 29.52, 31.62]",1a7a4d1b-14e9-4bea-8fe3-bf2a0960401e.jpg
train,653,000653.jpg,8544,2,HI-Beam,6,new-point-5,out_of_bbox,423.699,281.978,2,1080,486,"[423.7, 253.09, 28.48, 32.6]",1a7a4d1b-14e9-4bea-8fe3-bf2a0960401e.jpg
train,653,000653.jpg,8567,2,HI-Beam,6,new-point-5,out_of_bbox,237.543,234.227,2,1080,486,"[237.74, 203.19, 36.94, 35.07]",1a7a4d1b-14e9-4bea-8fe3-bf2a0960401e.jpg
train,653,000653.jpg,8576,2,HI-Beam,6,new-point-5,out_of_bbox,240.511,343.366,2,1080,486,"[240.7, 312.11, 33.32, 34.78]",1a7a4d1b-14e9-4bea-8fe3-bf2a0960401e.jpg
train,653,000653.jpg,8579,2,HI-Beam,6,new-point-5,out_of_bbox,222.13,345.776,2,1080,486,"[222.3, 313.64, 34.06, 34.78]",1a7a4d1b-14e9-4bea-8fe3-bf2a0960401e.jpg
train,653,000653.jpg,8586,2,HI-Beam,6,new-point-5,out_of_bbox,320.25,381.77,2,1080,486,"[320.3, 350.88, 31.37, 32.94]",1a7a4d1b-14e9-4bea-8fe3-bf2a0960401e.jpg
train,653,000653.jpg,8595,2,HI-Beam,6,new-point-5,out_of_bbox,387.906,389.934,2,1080,486,"[388.06, 361.16, 29.31, 30.42]",1a7a4d1b-14e9-4bea-8fe3-bf2a0960401e.jpg
train,653,000653.jpg,8600,2,HI-Beam,6,new-point-5,out_of_bbox,417.883,424.026,2,1080,486,"[417.93, 395.04, 31.67, 31.66]",1a7a4d1b-14e9-4bea-8fe3-bf2a0960401e.jpg
train,653,000653.jpg,8601,2,HI-Beam,6,new-point-5,out_of_bbox,420.449,393.522,2,1080,486,"[420.55, 363.63, 30.08, 31.44]",1a7a4d1b-14e9-4bea-8fe3-bf2a0960401e.jpg
train,653,000653.jpg,8602,2,HI-Beam,2,new-point-1,out_of_bbox,453.712,336.842,2,1080,486,"[423.17, 332.37, 28.39, 33.03]",1a7a4d1b-14e9-4bea-8fe3-bf2a0960401e.jpg
train,653,000653.jpg,8603,2,HI-Beam,6,new-point-5,out_of_bbox,439.955,359.951,2,1080,486,"[440.11, 330.21, 30.13, 32.31]",1a7a4d1b-14e9-4bea-8fe3-bf2a0960401e.jpg
train,653,000653.jpg,8604,2,HI-Beam,2,new-point-1,out_of_bbox,467.673,364.162,2,1080,486,"[437.22, 360.58, 30.13, 32.31]",1a7a4d1b-14e9-4bea-8fe3-bf2a0960401e.jpg
train,653,000653.jpg,8604,2,HI-Beam,6,new-point-5,out_of_bbox,437.061,390.324,2,1080,486,"[437.22, 360.58, 30.13, 32.31]",1a7a4d1b-14e9-4bea-8fe3-bf2a0960401e.jpg
train,653,000653.jpg,8605,2,HI-Beam,6,new-point-5,out_of_bbox,434.579,421.006,2,1080,486,"[434.73, 391.26, 30.13, 32.31]",1a7a4d1b-14e9-4bea-8fe3-bf2a0960401e.jpg
train,653,000653.jpg,8630,2,HI-Beam,6,new-point-5,out_of_bbox,635.974,373.306,2,1080,486,"[636.11, 343.49, 26.75, 31.98]",1a7a4d1b-14e9-4bea-8fe3-bf2a0960401e.jpg
train,653,000653.jpg,8631,2,HI-Beam,6,new-point-5,out_of_bbox,634.899,403.848,2,1080,486,"[635.03, 374.03, 26.75, 31.98]",1a7a4d1b-14e9-4bea-8fe3-bf2a0960401e.jpg
train,653,000653.jpg,8636,2,HI-Beam,6,new-point-5,out_of_bbox,665.566,375.06,2,1080,486,"[665.7, 345.24, 26.75, 31.98]",1a7a4d1b-14e9-4bea-8fe3-bf2a0960401e.jpg
train,653,000653.jpg,8637,2,HI-Beam,6,new-point-5,out_of_bbox,663.951,406.278,2,1080,486,"[664.09, 376.46, 26.75, 31.98]",1a7a4d1b-14e9-4bea-8fe3-bf2a0960401e.jpg
train,653,000653.jpg,8638,2,HI-Beam,6,new-point-5,out_of_bbox,661.93,438.171,2,1080,486,"[662.06, 408.35, 26.75, 31.98]",1a7a4d1b-14e9-4bea-8fe3-bf2a0960401e.jpg
train,655,000655.jpg,11335,1,T-beam,2,new-point-1,out_of_bbox,310.309,626.473,2,640,640,"[310.89, 387.01, 125.88, 245.91]",4aedfa6ec53befe81c754afb6a00c59_png_jpg
train,655,000655.jpg,11343,1,T-beam,4,new-point-3,out_of_bbox,238.177,30.89,2,640,640,"[191.44, 31.3, 110.96, 217.04]",4aedfa6ec53befe81c754afb6a00c59_png_jpg
train,660,000660.jpg,172,1,T-beam,2,new-point-1,out_of_image,640,516.667,2,640,640,"[331.67, 135.83, 308.33, 482.5]",-2024-04-08-181724_png_jpg
train,672,000672.jpg,10065,3,Angle Bar,1,new-point-0,out_of_bbox,98.284,195.753,1,416,416,"[39.77, 109.06, 124.5, 77.91]",16c3ab3b-13.jpg
train,672,000672.jpg,10075,3,Angle Bar,3,new-point-3,out_of_bbox,310.067,3.782,2,416,416,"[308.87, 3.82, 94.6, 51.35]",16c3ab3b-13.jpg
train,672,000672.jpg,10078,3,Angle Bar,2,new-point-1,out_of_image_and_out_of_bbox,396.158,-5.964,2,416,416,"[306.14, 0, 94.6, 42.65]",16c3ab3b-13.jpg
train,672,000672.jpg,10078,3,Angle Bar,3,new-point-3,out_of_image_and_out_of_bbox,307.328,-8.742,2,416,416,"[306.14, 0, 94.6, 42.65]",16c3ab3b-13.jpg
train,672,000672.jpg,10081,3,Angle Bar,1,new-point-0,out_of_bbox,303.885,164.389,1,416,416,"[231.36, 187.76, 140.5, 71.51]",16c3ab3b-13.jpg
train,672,000672.jpg,10086,3,Angle Bar,2,new-point-1,out_of_image,253.385,416,2,416,416,"[245, 344, 102, 72]",16c3ab3b-13.jpg
train,672,000672.jpg,10086,3,Angle Bar,3,new-point-3,out_of_image,339.705,416,2,416,416,"[245, 344, 102, 72]",16c3ab3b-13.jpg
train,680,000680.jpg,5868,2,HI-Beam,5,new-point-4,out_of_image,304,330.161,1,304,369,"[168, 14, 136, 331]",-2024-04-08-180117_png.jpg
train,683,000683.jpg,1273,1,T-beam,4,new-point-3,out_of_bbox,264.552,23.827,2,345,256,"[214.38, 24.41, 106.17, 107.87]",55f2e3dcaca58008c38d3de88bfed5a_png.jpg
train,683,000683.jpg,1274,1,T-beam,2,new-point-1,out_of_bbox,220.8,21.492,2,345,256,"[221.38, 19.4, 105.88, 109.19]",55f2e3dcaca58008c38d3de88bfed5a_png.jpg
train,684,000684.jpg,358,2,HI-Beam,3,new-point-2,out_of_bbox,379.159,577.149,2,608,1080,"[379.37, 550.18, 29.31, 29.9]",139164d9-2ca0-4ab8-b0c4-593cea19ab1b.jpg
train,684,000684.jpg,360,2,HI-Beam,6,new-point-5,out_of_bbox,436.289,553.816,2,608,1080,"[407.83, 551.89, 28.35, 28.19]",139164d9-2ca0-4ab8-b0c4-593cea19ab1b.jpg
train,684,000684.jpg,363,2,HI-Beam,6,new-point-5,out_of_bbox,324.168,544.067,2,608,1080,"[324.17, 516.21, 27.82, 30.21]",139164d9-2ca0-4ab8-b0c4-593cea19ab1b.jpg
train,684,000684.jpg,368,2,HI-Beam,2,new-point-1,out_of_bbox,365.214,549.314,2,608,1080,"[337.33, 547.5, 27.63, 29.58]",139164d9-2ca0-4ab8-b0c4-593cea19ab1b.jpg
train,684,000684.jpg,370,2,HI-Beam,6,new-point-5,out_of_bbox,280.914,547.402,2,608,1080,"[281.04, 520.71, 26.34, 28.37]",139164d9-2ca0-4ab8-b0c4-593cea19ab1b.jpg
train,684,000684.jpg,374,2,HI-Beam,2,new-point-1,out_of_bbox,291.516,544.703,2,608,1080,"[265.81, 543.26, 25.7, 27.93]",139164d9-2ca0-4ab8-b0c4-593cea19ab1b.jpg
train,684,000684.jpg,374,2,HI-Beam,6,new-point-5,out_of_bbox,265.686,568.873,2,608,1080,"[265.81, 543.26, 25.7, 27.93]",139164d9-2ca0-4ab8-b0c4-593cea19ab1b.jpg
train,684,000684.jpg,377,2,HI-Beam,5,new-point-4,out_of_bbox,193.595,538.918,2,608,1080,"[167.7, 512.61, 25.64, 27.72]",139164d9-2ca0-4ab8-b0c4-593cea19ab1b.jpg
train,684,000684.jpg,380,2,HI-Beam,3,new-point-2,out_of_bbox,210.557,518.991,2,608,1080,"[210.69, 517.43, 26.09, 27.4]",139164d9-2ca0-4ab8-b0c4-593cea19ab1b.jpg
train,684,000684.jpg,382,2,HI-Beam,3,new-point-2,out_of_bbox,195.651,541.489,2,608,1080,"[195.71, 540.37, 25.25, 27.48]",139164d9-2ca0-4ab8-b0c4-593cea19ab1b.jpg
train,684,000684.jpg,384,2,HI-Beam,5,new-point-4,out_of_bbox,192.181,565.53,2,608,1080,"[165.58, 539.98, 26.6, 26.7]",139164d9-2ca0-4ab8-b0c4-593cea19ab1b.jpg
train,684,000684.jpg,386,2,HI-Beam,6,new-point-5,out_of_bbox,123.109,541.489,2,608,1080,"[123.17, 513.57, 27.5, 29.2]",139164d9-2ca0-4ab8-b0c4-593cea19ab1b.jpg
train,684,000684.jpg,392,2,HI-Beam,6,new-point-5,out_of_bbox,163.845,540.341,2,608,1080,"[136.73, 539.18, 27.11, 27.59]",139164d9-2ca0-4ab8-b0c4-593cea19ab1b.jpg
train,684,000684.jpg,403,2,HI-Beam,2,new-point-1,out_of_bbox,184.756,435.92,2,608,1080,"[153.73, 433.65, 31.02, 30.87]",139164d9-2ca0-4ab8-b0c4-593cea19ab1b.jpg
train,684,000684.jpg,409,2,HI-Beam,6,new-point-5,out_of_bbox,217.523,438.431,2,608,1080,"[186.71, 436.76, 30.61, 28.9]",139164d9-2ca0-4ab8-b0c4-593cea19ab1b.jpg
train,684,000684.jpg,412,2,HI-Beam,6,new-point-5,out_of_bbox,246.805,433.057,2,608,1080,"[246.81, 404.58, 30.12, 30.71]",139164d9-2ca0-4ab8-b0c4-593cea19ab1b.jpg
train,684,000684.jpg,415,2,HI-Beam,2,new-point-1,out_of_bbox,274.275,435.708,2,608,1080,"[245.34, 434.28, 28.93, 30.02]",139164d9-2ca0-4ab8-b0c4-593cea19ab1b.jpg
train,684,000684.jpg,416,2,HI-Beam,3,new-point-2,out_of_bbox,261.028,467.932,2,608,1080,"[261.03, 440.59, 28.45, 28.41]",139164d9-2ca0-4ab8-b0c4-593cea19ab1b.jpg
train,684,000684.jpg,417,2,HI-Beam,5,new-point-4,out_of_bbox,257.263,469.606,2,608,1080,"[227.98, 468.07, 29.14, 29.79]",139164d9-2ca0-4ab8-b0c4-593cea19ab1b.jpg
train,684,000684.jpg,420,2,HI-Beam,6,new-point-5,out_of_bbox,289.055,499.459,2,608,1080,"[289.06, 471.3, 28.45, 30.11]",139164d9-2ca0-4ab8-b0c4-593cea19ab1b.jpg
train,684,000684.jpg,425,2,HI-Beam,5,new-point-4,out_of_bbox,331.584,495.827,2,608,1080,"[304.11, 467.33, 27.33, 29.62]",139164d9-2ca0-4ab8-b0c4-593cea19ab1b.jpg
train,684,000684.jpg,433,2,HI-Beam,2,new-point-1,out_of_bbox,392.658,448.397,2,608,1080,"[366.44, 447.04, 26.21, 27.03]",139164d9-2ca0-4ab8-b0c4-593cea19ab1b.jpg
train,684,000684.jpg,434,2,HI-Beam,5,new-point-4,out_of_bbox,364.77,500.151,2,608,1080,"[364.91, 473.6, 27.89, 28.22]",139164d9-2ca0-4ab8-b0c4-593cea19ab1b.jpg
train,684,000684.jpg,436,2,HI-Beam,6,new-point-5,out_of_bbox,381.224,478.668,2,608,1080,"[381.29, 452.06, 26.7, 27.87]",139164d9-2ca0-4ab8-b0c4-593cea19ab1b.jpg
train,684,000684.jpg,437,2,HI-Beam,6,new-point-5,out_of_bbox,408.414,450.908,2,608,1080,"[382.06, 424.45, 26.21, 27.44]",139164d9-2ca0-4ab8-b0c4-593cea19ab1b.jpg
train,684,000684.jpg,443,2,HI-Beam,2,new-point-1,out_of_bbox,454.568,479.505,2,608,1080,"[425.63, 477.58, 28.93, 28.43]",139164d9-2ca0-4ab8-b0c4-593cea19ab1b.jpg
train,684,000684.jpg,443,2,HI-Beam,6,new-point-5,out_of_bbox,425.426,503.22,2,608,1080,"[425.63, 477.58, 28.93, 28.43]",139164d9-2ca0-4ab8-b0c4-593cea19ab1b.jpg
train,684,000684.jpg,444,2,HI-Beam,2,new-point-1,out_of_bbox,471.789,429.002,2,608,1080,"[442.99, 426.89, 28.79, 28.34]",139164d9-2ca0-4ab8-b0c4-593cea19ab1b.jpg
train,684,000684.jpg,450,2,HI-Beam,6,new-point-5,out_of_bbox,471.649,482.569,2,608,1080,"[471.65, 456.45, 28.72, 27.93]",139164d9-2ca0-4ab8-b0c4-593cea19ab1b.jpg
train,684,000684.jpg,460,2,HI-Beam,2,new-point-1,out_of_bbox,137.868,329.986,2,608,1080,"[110.29, 325.91, 27.57, 31.51]",139164d9-2ca0-4ab8-b0c4-593cea19ab1b.jpg
train,684,000684.jpg,460,2,HI-Beam,6,new-point-5,out_of_bbox,110.244,356.099,2,608,1080,"[110.29, 325.91, 27.57, 31.51]",139164d9-2ca0-4ab8-b0c4-593cea19ab1b.jpg
train,684,000684.jpg,461,2,HI-Beam,6,new-point-5,out_of_bbox,113.798,327.853,1,608,1080,"[113.9, 299.7, 28.44, 30.59]",139164d9-2ca0-4ab8-b0c4-593cea19ab1b.jpg
train,684,000684.jpg,463,2,HI-Beam,6,new-point-5,out_of_bbox,123.345,351.73,2,608,1080,"[123.85, 325.45, 30.87, 29.94]",139164d9-2ca0-4ab8-b0c4-593cea19ab1b.jpg
train,684,000684.jpg,469,2,HI-Beam,6,new-point-5,out_of_bbox,183.43,361.486,2,608,1080,"[183.63, 335.45, 28.53, 29.11]",139164d9-2ca0-4ab8-b0c4-593cea19ab1b.jpg
train,684,000684.jpg,474,2,HI-Beam,6,new-point-5,out_of_bbox,211.495,393.842,2,608,1080,"[211.7, 366.73, 26.53, 30.33]",139164d9-2ca0-4ab8-b0c4-593cea19ab1b.jpg
train,684,000684.jpg,475,2,HI-Beam,6,new-point-5,out_of_bbox,213.233,367.101,2,608,1080,"[213.3, 336.66, 28.27, 31.92]",139164d9-2ca0-4ab8-b0c4-593cea19ab1b.jpg
train,684,000684.jpg,476,2,HI-Beam,2,new-point-1,out_of_bbox,242.902,313.887,2,608,1080,"[214.3, 311.4, 28.6, 27.89]",139164d9-2ca0-4ab8-b0c4-593cea19ab1b.jpg
train,684,000684.jpg,480,2,HI-Beam,2,new-point-1,out_of_bbox,284.533,309.406,2,608,1080,"[256, 306.38, 28.53, 31.5]",139164d9-2ca0-4ab8-b0c4-593cea19ab1b.jpg
train,684,000684.jpg,481,2,HI-Beam,6,new-point-5,out_of_bbox,254.53,364.961,2,608,1080,"[254.8, 337.26, 28.6, 29.84]",139164d9-2ca0-4ab8-b0c4-593cea19ab1b.jpg
train,684,000684.jpg,484,2,HI-Beam,2,new-point-1,out_of_bbox,298.767,333.941,2,608,1080,"[270.03, 332.65, 28.73, 29.37]",139164d9-2ca0-4ab8-b0c4-593cea19ab1b.jpg
train,684,000684.jpg,486,2,HI-Beam,2,new-point-1,out_of_bbox,311.463,369.774,2,608,1080,"[283.86, 367.93, 27.6, 29.12]",139164d9-2ca0-4ab8-b0c4-593cea19ab1b.jpg
train,684,000684.jpg,491,2,HI-Beam,2,new-point-1,out_of_bbox,338.727,371.512,2,608,1080,"[312.53, 370.74, 26.06, 26.85]",139164d9-2ca0-4ab8-b0c4-593cea19ab1b.jpg
train,684,000684.jpg,494,2,HI-Beam,2,new-point-1,out_of_bbox,353.161,376.593,2,608,1080,"[325.96, 375.55, 27.2, 26.99]",139164d9-2ca0-4ab8-b0c4-593cea19ab1b.jpg
train,684,000684.jpg,498,2,HI-Beam,6,new-point-5,out_of_bbox,357.17,347.846,2,608,1080,"[357.24, 321.22, 26.53, 27.96]",139164d9-2ca0-4ab8-b0c4-593cea19ab1b.jpg
train,684,000684.jpg,499,2,HI-Beam,2,new-point-1,out_of_bbox,382.964,350.387,2,608,1080,"[355.83, 348.88, 27, 27.58]",139164d9-2ca0-4ab8-b0c4-593cea19ab1b.jpg
train,684,000684.jpg,500,2,HI-Beam,6,new-point-5,out_of_bbox,353.829,401.328,2,608,1080,"[353.83, 375.75, 27.4, 28.12]",139164d9-2ca0-4ab8-b0c4-593cea19ab1b.jpg
train,684,000684.jpg,502,2,HI-Beam,5,new-point-4,out_of_bbox,424.995,371.914,2,608,1080,"[398.13, 345.28, 26.6, 27.44]",139164d9-2ca0-4ab8-b0c4-593cea19ab1b.jpg
train,684,000684.jpg,505,2,HI-Beam,6,new-point-5,out_of_bbox,412.165,376.995,2,608,1080,"[412.17, 348.88, 27.93, 29.05]",139164d9-2ca0-4ab8-b0c4-593cea19ab1b.jpg
train,684,000684.jpg,508,2,HI-Beam,2,new-point-1,out_of_bbox,455.868,346.912,2,608,1080,"[427.2, 345.28, 28.53, 28.64]",139164d9-2ca0-4ab8-b0c4-593cea19ab1b.jpg
train,684,000684.jpg,511,2,HI-Beam,6,new-point-5,out_of_bbox,441.835,378.733,2,608,1080,"[442.04, 351.69, 26.93, 28.25]",139164d9-2ca0-4ab8-b0c4-593cea19ab1b.jpg
train,684,000684.jpg,513,2,HI-Beam,2,new-point-1,out_of_bbox,497.298,323.514,2,608,1080,"[471.7, 321.62, 25.59, 27.97]",139164d9-2ca0-4ab8-b0c4-593cea19ab1b.jpg
train,684,000684.jpg,513,2,HI-Beam,5,new-point-4,out_of_bbox,497.565,348.65,2,608,1080,"[471.7, 321.62, 25.59, 27.97]",139164d9-2ca0-4ab8-b0c4-593cea19ab1b.jpg
train,684,000684.jpg,514,2,HI-Beam,2,new-point-1,out_of_bbox,496.363,350.789,2,608,1080,"[468.5, 349.49, 27.73, 27.64]",139164d9-2ca0-4ab8-b0c4-593cea19ab1b.jpg
train,684,000684.jpg,515,2,HI-Beam,3,new-point-2,out_of_bbox,468.698,377.798,2,608,1080,"[468.7, 376.95, 28.07, 27.19]",139164d9-2ca0-4ab8-b0c4-593cea19ab1b.jpg
train,684,000684.jpg,521,2,HI-Beam,6,new-point-5,out_of_bbox,499.169,403.602,2,608,1080,"[499.17, 377.35, 26.06, 28.12]",139164d9-2ca0-4ab8-b0c4-593cea19ab1b.jpg
train,684,000684.jpg,522,2,HI-Beam,6,new-point-5,out_of_bbox,514.939,353.997,2,608,1080,"[515.01, 327.43, 26.8, 28.17]",139164d9-2ca0-4ab8-b0c4-593cea19ab1b.jpg
train,684,000684.jpg,524,2,HI-Beam,6,new-point-5,out_of_bbox,511.999,408.549,2,608,1080,"[512, 382.96, 28.33, 27.72]",139164d9-2ca0-4ab8-b0c4-593cea19ab1b.jpg
train,684,000684.jpg,526,2,HI-Beam,6,new-point-5,out_of_bbox,499.57,245.672,2,608,1080,"[496.56, 245.84, 31.47, 29.78]",139164d9-2ca0-4ab8-b0c4-593cea19ab1b.jpg
train,684,000684.jpg,527,2,HI-Beam,6,new-point-5,out_of_bbox,487.275,260.914,2,608,1080,"[484.74, 261.08, 32.08, 27.91]",139164d9-2ca0-4ab8-b0c4-593cea19ab1b.jpg
train,684,000684.jpg,529,2,HI-Beam,6,new-point-5,out_of_bbox,462.817,231.499,2,608,1080,"[460.68, 231.61, 30.34, 27.7]",139164d9-2ca0-4ab8-b0c4-593cea19ab1b.jpg
train,684,000684.jpg,532,2,HI-Beam,6,new-point-5,out_of_bbox,436.632,246.44,2,608,1080,"[433.42, 246.68, 32.12, 28.24]",139164d9-2ca0-4ab8-b0c4-593cea19ab1b.jpg
train,684,000684.jpg,535,2,HI-Beam,6,new-point-5,out_of_bbox,397.044,243.747,2,608,1080,"[393.53, 243.82, 32.34, 31.37]",139164d9-2ca0-4ab8-b0c4-593cea19ab1b.jpg
train,684,000684.jpg,537,2,HI-Beam,6,new-point-5,out_of_bbox,337.143,242.14,2,608,1080,"[333.89, 242.25, 31.21, 30.24]",139164d9-2ca0-4ab8-b0c4-593cea19ab1b.jpg
train,684,000684.jpg,545,2,HI-Beam,2,new-point-1,out_of_bbox,311.733,283.805,2,608,1080,"[283.57, 255.5, 29.88, 27.9]",139164d9-2ca0-4ab8-b0c4-593cea19ab1b.jpg
train,684,000684.jpg,545,2,HI-Beam,6,new-point-5,out_of_bbox,285.88,255.326,2,608,1080,"[283.57, 255.5, 29.88, 27.9]",139164d9-2ca0-4ab8-b0c4-593cea19ab1b.jpg
train,684,000684.jpg,560,2,HI-Beam,2,new-point-1,out_of_bbox,156.772,250.895,2,608,1080,"[129.16, 223.51, 30.33, 27.28]",139164d9-2ca0-4ab8-b0c4-593cea19ab1b.jpg
train,686,000686.jpg,1168,1,T-beam,4,new-point-3,out_of_image,495.833,640,2,640,640,"[329, 445, 185, 195]",Besi-T-Beam_jpg
train,687,000687.jpg,4618,3,Angle Bar,2,new-point-1,out_of_bbox,77.222,217.778,2,416,416,"[51.11, 87.22, 164.44, 126.67]",417_original_png.jpg
train,687,000687.jpg,4618,3,Angle Bar,3,new-point-3,out_of_bbox,215.556,153.889,2,416,416,"[51.11, 87.22, 164.44, 126.67]",417_original_png.jpg
train,687,000687.jpg,4619,3,Angle Bar,1,new-point-0,out_of_bbox,150.556,0,2,416,416,"[0, 20.56, 218.33, 35.56]",417_original_png.jpg
train,687,000687.jpg,4619,3,Angle Bar,2,new-point-1,out_of_bbox,12.222,174.444,2,416,416,"[0, 20.56, 218.33, 35.56]",417_original_png.jpg
train,687,000687.jpg,4621,3,Angle Bar,1,new-point-0,out_of_bbox,295.335,3.299,2,416,416,"[220.52, 4.99, 135.19, 104.75]",417_original_png.jpg
train,687,000687.jpg,4623,3,Angle Bar,1,new-point-0,out_of_bbox,289.016,61.834,2,416,416,"[214.2, 63.52, 135.19, 104.75]",417_original_png.jpg
train,687,000687.jpg,4625,3,Angle Bar,1,new-point-0,out_of_bbox,282.67,101.327,2,416,416,"[220.82, 103.02, 122.22, 87.78]",417_original_png.jpg
train,687,000687.jpg,4625,3,Angle Bar,2,new-point-1,out_of_bbox,219.811,171.861,2,416,416,"[220.82, 103.02, 122.22, 87.78]",417_original_png.jpg
train,687,000687.jpg,4626,3,Angle Bar,1,new-point-0,out_of_bbox,285.358,143.317,2,416,416,"[210.54, 145.01, 135.19, 70.16]",417_original_png.jpg
train,687,000687.jpg,4627,3,Angle Bar,1,new-point-0,out_of_bbox,282.304,161.64,2,416,416,"[226.49, 163.33, 116.19, 51.88]",417_original_png.jpg
train,687,000687.jpg,4627,3,Angle Bar,2,new-point-1,out_of_bbox,219.445,232.175,1,416,416,"[226.49, 163.33, 116.19, 51.88]",417_original_png.jpg
train,687,000687.jpg,4627,3,Angle Bar,3,new-point-3,out_of_bbox,332.191,232.507,1,416,416,"[226.49, 163.33, 116.19, 51.88]",417_original_png.jpg
train,687,000687.jpg,4633,3,Angle Bar,2,new-point-1,out_of_bbox,1.088,230.687,2,416,416,"[1.09, 216.8, 57.29, 145.26]",417_original_png.jpg
train,687,000687.jpg,4634,3,Angle Bar,2,new-point-1,out_of_bbox,12.786,221.438,2,416,416,"[12.79, 215.29, 57.29, 137.52]",417_original_png.jpg
train,687,000687.jpg,4635,3,Angle Bar,2,new-point-1,out_of_bbox,25.395,215.686,2,416,416,"[25.4, 209.54, 57.29, 137.52]",417_original_png.jpg
train,687,000687.jpg,4636,3,Angle Bar,1,new-point-0,out_of_bbox,82.959,205.516,1,416,416,"[35.13, 216.17, 57.29, 119.38]",417_original_png.jpg
train,687,000687.jpg,4636,3,Angle Bar,2,new-point-1,out_of_bbox,35.129,204.183,1,416,416,"[35.13, 216.17, 57.29, 119.38]",417_original_png.jpg
train,687,000687.jpg,4637,3,Angle Bar,1,new-point-0,out_of_bbox,157.732,201.092,1,416,416,"[98.01, 216.19, 106.48, 84.54]",417_original_png.jpg
train,690,000690.jpg,10264,2,HI-Beam,2,new-point-1,out_of_image,600,253.937,1,600,445,"[527.82, 239.63, 72.18, 65.96]",img_121.jpg
train,695,000695.jpg,1491,1,T-beam,2,new-point-1,out_of_image_and_out_of_bbox,640.833,75.833,2,640,640,"[117.5, 67.5, 522.5, 269.17]",-2024-04-08-181435_png_jpg
train,695,000695.jpg,1492,1,T-beam,2,new-point-1,out_of_bbox,605,385,2,640,640,"[81.67, 376.67, 522.5, 263.33]",-2024-04-08-181435_png_jpg
train,696,000696.jpg,5641,1,T-beam,4,new-point-3,out_of_bbox,278.497,267.977,2,493,624,"[201.67, 285.15, 125.13, 99.66]",103f559751e75f575b7101078f8b0fa.png
train,697,000697.jpg,67,2,HI-Beam,5,new-point-4,out_of_bbox,183.876,488.56,2,574,1020,"[183.88, 438.3, 52.17, 53.04]",aefc528c-6ee9-4f61-81f9-c945f58343dd.jpg
train,700,000700.jpg,146,1,T-beam,2,new-point-1,out_of_bbox,158.158,64.737,2,233,196,"[119.74, 64.74, 104.74, 129.74]",-2024-04-10-132218.png
train,700,000700.jpg,147,1,T-beam,4,new-point-3,out_of_image,60,196,2,233,196,"[45, 95, 92, 101]",-2024-04-10-132218.png
train,702,000702.jpg,7799,3,Angle Bar,2,new-point-1,out_of_bbox,361.176,0,2,640,640,"[347.06, 1.76, 63.53, 62.35]",d01bdd40-12_jpg
train,702,000702.jpg,7801,3,Angle Bar,3,new-point-3,out_of_bbox,400.588,94.118,1,640,640,"[304.71, 0, 89.41, 114.71]",d01bdd40-12_jpg
train,702,000702.jpg,7802,3,Angle Bar,2,new-point-1,out_of_bbox,301.176,13.529,2,640,640,"[289.41, 13.53, 96.47, 118.82]",d01bdd40-12_jpg
train,702,000702.jpg,7802,3,Angle Bar,3,new-point-3,out_of_bbox,393.529,111.765,1,640,640,"[289.41, 13.53, 96.47, 118.82]",d01bdd40-12_jpg
train,702,000702.jpg,7803,3,Angle Bar,3,new-point-3,out_of_bbox,394.706,144.118,1,640,640,"[290.59, 45.88, 96.47, 118.82]",d01bdd40-12_jpg
train,702,000702.jpg,7810,3,Angle Bar,2,new-point-1,out_of_bbox,422.353,14.706,2,640,640,"[416.47, 15.88, 144.71, 111.76]",d01bdd40-12_jpg
train,702,000702.jpg,7811,3,Angle Bar,3,new-point-3,out_of_image_and_out_of_bbox,718.823,178.824,2,640,640,"[555.29, 68.82, 83.53, 188.24]",d01bdd40-12_jpg
train,702,000702.jpg,7812,3,Angle Bar,3,new-point-3,out_of_image_and_out_of_bbox,702.353,240,2,640,640,"[538, 130, 102, 188]",d01bdd40-12_jpg
train,702,000702.jpg,7813,3,Angle Bar,3,new-point-3,out_of_image_and_out_of_bbox,702.353,313.529,2,640,640,"[538, 203, 102, 188]",d01bdd40-12_jpg
train,702,000702.jpg,7826,3,Angle Bar,1,new-point-0,out_of_image_and_out_of_bbox,371.667,647.941,2,640,640,"[302, 528, 180, 112]",d01bdd40-12_jpg
train,702,000702.jpg,7827,3,Angle Bar,1,new-point-0,out_of_image_and_out_of_bbox,369.167,677.108,2,640,640,"[300, 557.94, 179.8, 82.06]",d01bdd40-12_jpg
train,702,000702.jpg,7828,3,Angle Bar,1,new-point-0,out_of_image_and_out_of_bbox,363.333,708.774,2,640,640,"[294.17, 589.61, 179.8, 50.39]",d01bdd40-12_jpg
train,702,000702.jpg,7830,3,Angle Bar,1,new-point-0,out_of_image_and_out_of_bbox,546.863,641.274,2,640,640,"[477.7, 512.94, 100.64, 127.06]",d01bdd40-12_jpg
train,702,000702.jpg,7831,3,Angle Bar,1,new-point-0,out_of_image_and_out_of_bbox,542.696,671.274,2,640,640,"[473.53, 542.94, 100.64, 97.06]",d01bdd40-12_jpg
train,702,000702.jpg,7831,3,Angle Bar,2,new-point-1,out_of_image_and_out_of_bbox,570,652.941,2,640,640,"[473.53, 542.94, 100.64, 97.06]",d01bdd40-12_jpg
train,702,000702.jpg,7832,3,Angle Bar,1,new-point-0,out_of_image_and_out_of_bbox,532.696,697.941,2,640,640,"[463.53, 569.61, 100.64, 70.39]",d01bdd40-12_jpg
train,702,000702.jpg,7832,3,Angle Bar,2,new-point-1,out_of_image_and_out_of_bbox,560,679.608,2,640,640,"[463.53, 569.61, 100.64, 70.39]",d01bdd40-12_jpg
train,702,000702.jpg,7833,3,Angle Bar,1,new-point-0,out_of_image_and_out_of_bbox,529.363,729.608,2,640,640,"[460.2, 601.27, 100.64, 38.73]",d01bdd40-12_jpg
train,702,000702.jpg,7833,3,Angle Bar,2,new-point-1,out_of_image_and_out_of_bbox,556.667,711.274,2,640,640,"[460.2, 601.27, 100.64, 38.73]",d01bdd40-12_jpg
train,703,000703.jpg,3162,1,T-beam,3,new-point-2,out_of_image_and_out_of_bbox,455,640,2,640,640,"[273.33, 385.83, 200.83, 253.17]",0f4060d50c39f101b100626f93d1f04_png_jpg
train,703,000703.jpg,3164,1,T-beam,4,new-point-3,out_of_bbox,179.167,337.5,2,640,640,"[0, 339.17, 252.5, 269.17]",0f4060d50c39f101b100626f93d1f04_png_jpg
train,710,000710.jpg,2659,3,Angle Bar,3,new-point-3,out_of_image,171.795,416,2,416,416,"[0, 310.7, 178.04, 105.3]",d01bdd40-12.jpg
train,710,000710.jpg,2660,3,Angle Bar,3,new-point-3,out_of_image,149.639,416,2,416,416,"[0, 340.81, 178.04, 75.19]",d01bdd40-12.jpg
train,710,000710.jpg,2665,3,Angle Bar,1,new-point-0,out_of_image_and_out_of_bbox,-12.27,122.741,1,416,416,"[0, 64.85, 64.39, 115.26]",d01bdd40-12.jpg
train,710,000710.jpg,2666,3,Angle Bar,1,new-point-0,out_of_image_and_out_of_bbox,-30.449,121.605,1,416,416,"[0, 63.71, 46.21, 115.26]",d01bdd40-12.jpg
train,710,000710.jpg,2669,3,Angle Bar,3,new-point-3,out_of_image,348.302,416,2,416,416,"[271.17, 284.11, 118.34, 131.89]",d01bdd40-12.jpg
train,710,000710.jpg,2670,3,Angle Bar,3,new-point-3,out_of_image,364.832,416,2,416,416,"[292.24, 287.83, 113.79, 128.17]",d01bdd40-12.jpg
train,710,000710.jpg,2671,3,Angle Bar,3,new-point-3,out_of_image,384.254,416,2,416,416,"[309.65, 287.83, 106.35, 128.17]",d01bdd40-12.jpg
train,710,000710.jpg,2672,3,Angle Bar,2,new-point-1,out_of_image,416,304.893,2,416,416,"[327, 289, 89, 127]",d01bdd40-12.jpg
train,710,000710.jpg,2672,3,Angle Bar,3,new-point-3,out_of_image,405.311,416,2,416,416,"[327, 289, 89, 127]",d01bdd40-12.jpg
train,710,000710.jpg,2673,3,Angle Bar,2,new-point-1,out_of_image,416,318.528,2,416,416,"[350.56, 310.97, 65.44, 105.03]",d01bdd40-12.jpg
train,710,000710.jpg,2673,3,Angle Bar,3,new-point-3,out_of_image,416,406.536,2,416,416,"[350.56, 310.97, 65.44, 105.03]",d01bdd40-12.jpg
train,710,000710.jpg,2674,3,Angle Bar,2,new-point-1,out_of_image,416,330.511,2,416,416,"[372.05, 320.06, 43.95, 95.94]",d01bdd40-12.jpg
train,710,000710.jpg,2674,3,Angle Bar,3,new-point-3,out_of_image,416,387.116,2,416,416,"[372.05, 320.06, 43.95, 95.94]",d01bdd40-12.jpg
train,712,000712.jpg,1189,1,T-beam,3,new-point-2,out_of_bbox,313.333,141.667,2,640,640,"[142.5, 104.17, 170, 214.17]",-_20230820171912_png_jpg
train,716,000716.jpg,1347,1,T-beam,4,new-point-3,out_of_image_and_out_of_bbox,76.364,250.606,2,225,225,"[33.03, 162.88, 80.91, 62.12]",images-5-.jpg
train,716,000716.jpg,1348,1,T-beam,4,new-point-3,out_of_image_and_out_of_bbox,158.182,249.697,2,225,225,"[116.36, 161.97, 80.91, 63.03]",images-5-.jpg
train,716,000716.jpg,1349,1,T-beam,1,new-point-0,out_of_image_and_out_of_bbox,72.424,255.758,2,225,225,"[32.12, 169.7, 83.94, 54.7]",images-5-.jpg
train,716,000716.jpg,1349,1,T-beam,2,new-point-1,out_of_image_and_out_of_bbox,34.242,256.061,2,225,225,"[32.12, 169.7, 83.94, 54.7]",images-5-.jpg
train,716,000716.jpg,1349,1,T-beam,3,new-point-2,out_of_image_and_out_of_bbox,111.515,255.454,2,225,225,"[32.12, 169.7, 83.94, 54.7]",images-5-.jpg
train,716,000716.jpg,1350,1,T-beam,1,new-point-0,out_of_image_and_out_of_bbox,116.667,249.697,2,225,225,"[76.36, 163.64, 83.94, 61.36]",images-5-.jpg
train,716,000716.jpg,1350,1,T-beam,2,new-point-1,out_of_image_and_out_of_bbox,78.485,250,2,225,225,"[76.36, 163.64, 83.94, 61.36]",images-5-.jpg
train,716,000716.jpg,1350,1,T-beam,3,new-point-2,out_of_image_and_out_of_bbox,155.757,249.394,2,225,225,"[76.36, 163.64, 83.94, 61.36]",images-5-.jpg
train,716,000716.jpg,1351,1,T-beam,1,new-point-0,out_of_image_and_out_of_bbox,162.424,255.758,2,225,225,"[122.12, 169.7, 83.94, 55.3]",images-5-.jpg
train,716,000716.jpg,1351,1,T-beam,2,new-point-1,out_of_image_and_out_of_bbox,124.242,256.061,2,225,225,"[122.12, 169.7, 83.94, 55.3]",images-5-.jpg
train,716,000716.jpg,1351,1,T-beam,3,new-point-2,out_of_image_and_out_of_bbox,201.515,255.455,2,225,225,"[122.12, 169.7, 83.94, 55.3]",images-5-.jpg
train,721,000721.jpg,588,2,HI-Beam,3,new-point-2,out_of_bbox,345.436,164.197,2,574,1020,"[343.81, 164.6, 33.1, 31.8]",59041c11-42aa-4be6-8cec-333e68075cfe.jpg
train,721,000721.jpg,596,2,HI-Beam,6,new-point-5,out_of_bbox,301.041,162.662,2,574,1020,"[270.68, 162.67, 31.94, 31.57]",59041c11-42aa-4be6-8cec-333e68075cfe.jpg
train,721,000721.jpg,617,2,HI-Beam,3,new-point-2,out_of_bbox,457.369,300.997,2,574,1020,"[457.5, 299.52, 29.3, 43.96]",59041c11-42aa-4be6-8cec-333e68075cfe.jpg
train,721,000721.jpg,634,2,HI-Beam,3,new-point-2,out_of_bbox,351.197,303.861,2,574,1020,"[322.99, 302.63, 28.05, 43.94]",59041c11-42aa-4be6-8cec-333e68075cfe.jpg
train,721,000721.jpg,634,2,HI-Beam,5,new-point-4,out_of_bbox,322.905,345.045,2,574,1020,"[322.99, 302.63, 28.05, 43.94]",59041c11-42aa-4be6-8cec-333e68075cfe.jpg
train,721,000721.jpg,635,2,HI-Beam,3,new-point-2,out_of_bbox,336.204,298.909,2,574,1020,"[308, 297.68, 28.05, 43.94]",59041c11-42aa-4be6-8cec-333e68075cfe.jpg
train,721,000721.jpg,645,2,HI-Beam,2,new-point-1,out_of_bbox,151.996,270.216,2,574,1020,"[152, 268.3, 26.99, 41.47]",59041c11-42aa-4be6-8cec-333e68075cfe.jpg
train,721,000721.jpg,654,2,HI-Beam,2,new-point-1,out_of_bbox,79.439,265.534,2,574,1020,"[79.44, 264.06, 27.99, 40.91]",59041c11-42aa-4be6-8cec-333e68075cfe.jpg
train,721,000721.jpg,659,2,HI-Beam,5,new-point-4,out_of_bbox,33.523,348.204,2,574,1020,"[33.86, 307.64, 27.87, 42.25]",59041c11-42aa-4be6-8cec-333e68075cfe.jpg
train,721,000721.jpg,660,2,HI-Beam,5,new-point-4,out_of_bbox,78.888,344.874,2,574,1020,"[78.89, 304.44, 27.48, 42.18]",59041c11-42aa-4be6-8cec-333e68075cfe.jpg
train,721,000721.jpg,671,2,HI-Beam,5,new-point-4,out_of_bbox,29.22,437.337,2,574,1020,"[29.34, 406.67, 31.04, 32.11]",59041c11-42aa-4be6-8cec-333e68075cfe.jpg
train,721,000721.jpg,690,2,HI-Beam,5,new-point-4,out_of_bbox,212.637,469.717,2,574,1020,"[212.64, 440.74, 29.48, 30.03]",59041c11-42aa-4be6-8cec-333e68075cfe.jpg
train,721,000721.jpg,696,2,HI-Beam,3,new-point-2,out_of_bbox,273.123,443.954,2,574,1020,"[243.35, 440.9, 29.74, 31.52]",59041c11-42aa-4be6-8cec-333e68075cfe.jpg
train,721,000721.jpg,705,2,HI-Beam,5,new-point-4,out_of_bbox,311.675,464.821,2,574,1020,"[311.68, 434.08, 30.85, 31.92]",59041c11-42aa-4be6-8cec-333e68075cfe.jpg
train,721,000721.jpg,715,2,HI-Beam,2,new-point-1,out_of_bbox,426.861,372.97,2,574,1020,"[395.75, 371.14, 31.11, 32.17]",59041c11-42aa-4be6-8cec-333e68075cfe.jpg
train,721,000721.jpg,721,2,HI-Beam,5,new-point-4,out_of_bbox,447.718,401.857,2,574,1020,"[447.8, 370.72, 30.82, 32.3]",59041c11-42aa-4be6-8cec-333e68075cfe.jpg
train,721,000721.jpg,722,2,HI-Beam,3,new-point-2,out_of_bbox,478.64,404.321,2,574,1020,"[445.82, 403.31, 32.8, 31.51]",59041c11-42aa-4be6-8cec-333e68075cfe.jpg
train,721,000721.jpg,724,2,HI-Beam,5,new-point-4,out_of_bbox,465.577,406.222,2,574,1020,"[465.58, 375.4, 32.13, 31.64]",59041c11-42aa-4be6-8cec-333e68075cfe.jpg
train,721,000721.jpg,725,2,HI-Beam,3,new-point-2,out_of_bbox,497.408,408.281,2,574,1020,"[465.58, 407.21, 31.68, 31.73]",59041c11-42aa-4be6-8cec-333e68075cfe.jpg
train,721,000721.jpg,728,2,HI-Beam,6,new-point-5,out_of_bbox,512.559,433.742,2,574,1020,"[483.13, 403.09, 29.34, 31.65]",59041c11-42aa-4be6-8cec-333e68075cfe.jpg
train,721,000721.jpg,729,2,HI-Beam,3,new-point-2,out_of_bbox,513.717,435.71,2,574,1020,"[483.79, 434.78, 29.88, 32.5]",59041c11-42aa-4be6-8cec-333e68075cfe.jpg
train,721,000721.jpg,729,2,HI-Beam,5,new-point-4,out_of_bbox,483.787,465.711,2,574,1020,"[483.79, 434.78, 29.88, 32.5]",59041c11-42aa-4be6-8cec-333e68075cfe.jpg
train,721,000721.jpg,732,2,HI-Beam,6,new-point-5,out_of_bbox,530.666,406.648,2,574,1020,"[499.66, 375.07, 30.97, 32.82]",59041c11-42aa-4be6-8cec-333e68075cfe.jpg
train,721,000721.jpg,738,2,HI-Beam,6,new-point-5,out_of_bbox,420.838,569.963,2,574,1020,"[420.9, 530.1, 26.83, 41.42]",59041c11-42aa-4be6-8cec-333e68075cfe.jpg
train,721,000721.jpg,746,2,HI-Beam,5,new-point-4,out_of_bbox,475.671,569.963,2,574,1020,"[475.82, 530.13, 29.28, 41.61]",59041c11-42aa-4be6-8cec-333e68075cfe.jpg
train,721,000721.jpg,747,2,HI-Beam,5,new-point-4,out_of_bbox,490.338,574.924,2,574,1020,"[490.41, 535.83, 27.68, 41.09]",59041c11-42aa-4be6-8cec-333e68075cfe.jpg
train,721,000721.jpg,749,2,HI-Beam,2,new-point-1,out_of_bbox,448.222,491.132,2,574,1020,"[421.6, 489.44, 26.59, 40.77]",59041c11-42aa-4be6-8cec-333e68075cfe.jpg
train,721,000721.jpg,749,2,HI-Beam,5,new-point-4,out_of_bbox,448.37,529.044,2,574,1020,"[421.6, 489.44, 26.59, 40.77]",59041c11-42aa-4be6-8cec-333e68075cfe.jpg
train,721,000721.jpg,750,2,HI-Beam,5,new-point-4,out_of_bbox,339.649,533.269,2,574,1020,"[339.68, 492.17, 26.06, 42.5]",59041c11-42aa-4be6-8cec-333e68075cfe.jpg
train,721,000721.jpg,756,2,HI-Beam,2,new-point-1,out_of_bbox,350.375,531.442,2,574,1020,"[321.19, 530.33, 29.18, 41.69]",59041c11-42aa-4be6-8cec-333e68075cfe.jpg
train,721,000721.jpg,760,2,HI-Beam,2,new-point-1,out_of_bbox,382.304,530.702,2,574,1020,"[382.38, 529.53, 25.72, 42.49]",59041c11-42aa-4be6-8cec-333e68075cfe.jpg
train,721,000721.jpg,760,2,HI-Beam,5,new-point-4,out_of_bbox,382.378,570.095,2,574,1020,"[382.38, 529.53, 25.72, 42.49]",59041c11-42aa-4be6-8cec-333e68075cfe.jpg
train,721,000721.jpg,774,2,HI-Beam,3,new-point-2,out_of_bbox,127.838,495.05,2,574,1020,"[127.9, 493.13, 25.49, 41.09]",59041c11-42aa-4be6-8cec-333e68075cfe.jpg
train,721,000721.jpg,775,2,HI-Beam,6,new-point-5,out_of_bbox,154.875,573.741,2,574,1020,"[127.84, 534.43, 27.02, 40.2]",59041c11-42aa-4be6-8cec-333e68075cfe.jpg
train,721,000721.jpg,785,2,HI-Beam,5,new-point-4,out_of_bbox,199.749,568.67,2,574,1020,"[199.82, 528.91, 24.88, 41.02]",59041c11-42aa-4be6-8cec-333e68075cfe.jpg
train,721,000721.jpg,786,2,HI-Beam,6,new-point-5,out_of_bbox,27.842,534.338,2,574,1020,"[27.9, 493.83, 27.72, 41.69]",59041c11-42aa-4be6-8cec-333e68075cfe.jpg
train,721,000721.jpg,787,2,HI-Beam,5,new-point-4,out_of_bbox,27.842,574.895,2,574,1020,"[27.92, 535.13, 26.89, 40.88]",59041c11-42aa-4be6-8cec-333e68075cfe.jpg
train,721,000721.jpg,789,2,HI-Beam,5,new-point-4,out_of_bbox,43.027,569.934,2,574,1020,"[43.03, 529.83, 27.38, 41.14]",59041c11-42aa-4be6-8cec-333e68075cfe.jpg
train,724,000724.jpg,6141,3,Angle Bar,1,new-point-0,out_of_image_and_out_of_bbox,-16.473,94.017,1,416,416,"[0, 15.08, 72.79, 143.69]",fe395024-27.jpg
train,724,000724.jpg,6148,3,Angle Bar,3,new-point-3,out_of_image,132.029,416,2,416,416,"[108.75, 317.58, 94.86, 98.42]",fe395024-27.jpg
train,724,000724.jpg,6149,3,Angle Bar,3,new-point-3,out_of_image,97.943,416,2,416,416,"[59.38, 323.2, 97.65, 92.8]",fe395024-27.jpg
train,725,000725.jpg,1215,1,T-beam,3,new-point-2,out_of_bbox,630.833,157.5,2,640,640,"[572.5, 158.33, 66.67, 78.33]",-2024-04-09-190957_png_jpg
train,725,000725.jpg,1217,1,T-beam,2,new-point-1,out_of_bbox,401.667,276.667,2,640,640,"[328.33, 203.33, 73.33, 76.67]",-2024-04-09-190957_png_jpg
train,725,000725.jpg,1217,1,T-beam,3,new-point-2,out_of_bbox,327.5,217.5,2,640,640,"[328.33, 203.33, 73.33, 76.67]",-2024-04-09-190957_png_jpg
train,725,000725.jpg,1221,1,T-beam,2,new-point-1,out_of_bbox,349.167,590.833,2,640,640,"[349.17, 534.17, 70.83, 86.67]",-2024-04-09-190957_png_jpg
train,725,000725.jpg,1223,1,T-beam,2,new-point-1,out_of_bbox,69.167,428.333,2,640,640,"[70.83, 401.67, 83.33, 113.33]",-2024-04-09-190957_png_jpg
train,728,000728.jpg,4708,1,T-beam,3,new-point-2,out_of_image,640,332.5,2,640,640,"[515.83, 300.83, 124.17, 315]",-2024-04-08-181319_png_jpg
train,729,000729.jpg,179,1,T-beam,3,new-point-2,out_of_bbox,200.417,185.246,2,394,198,"[43.33, 25.73, 157.08, 163.16]",-2024-04-08-181342_png.jpg
train,732,000732.jpg,109,1,T-beam,2,new-point-1,out_of_bbox,459.167,277.5,2,640,640,"[459.17, 166.67, 82.5, 115]",-_20230708190625_png_jpg
train,732,000732.jpg,111,1,T-beam,2,new-point-1,out_of_bbox,514.167,271.667,2,640,640,"[514.17, 164.17, 81.67, 115]",-_20230708190625_png_jpg
train,733,000733.jpg,11351,3,Angle Bar,3,new-point-3,out_of_bbox,105.977,179.259,2,416,416,"[6.79, 114.59, 98.89, 75.56]",d01bdd40-12.jpg
train,733,000733.jpg,11353,3,Angle Bar,3,new-point-3,out_of_bbox,105.977,195.37,2,416,416,"[6.79, 130.7, 98.89, 75.56]",d01bdd40-12.jpg
train,735,000735.jpg,241,1,T-beam,3,new-point-2,out_of_image_and_out_of_bbox,113.333,-20,2,640,640,"[79, 0, 377, 184]",-2024-04-09-190738_png_jpg
train,736,000736.jpg,1073,1,T-beam,3,new-point-2,out_of_image,640,193.333,2,640,640,"[424.17, 117.5, 215.83, 215.83]",-2024-04-10-131727_png_jpg
valid,49,000049.jpg,5837,1,T-beam,2,new-point-1,out_of_image_and_out_of_bbox,-130,593.333,1,640,640,"[0, 47.5, 155, 553.33]",-2024-04-08-181115_png_jpg
valid,49,000049.jpg,5837,1,T-beam,4,new-point-3,out_of_image_and_out_of_bbox,-3.333,60.833,2,640,640,"[0, 47.5, 155, 553.33]",-2024-04-08-181115_png_jpg
valid,63,000063.jpg,5828,1,T-beam,3,new-point-2,out_of_image,640,135,2,640,640,"[477.5, 90, 162.5, 460.83]",-2024-04-09-190757_png_jpg
valid,81,000081.jpg,7475,1,T-beam,2,new-point-1,out_of_bbox,78.833,128.905,2,259,314,"[79, 12.85, 92.5, 118.31]",-2024-04-08-181226_png.jpg
valid,81,000081.jpg,7478,1,T-beam,2,new-point-1,out_of_bbox,46.167,304.292,2,259,314,"[46.5, 185.57, 92.67, 121.26]",-2024-04-08-181226_png.jpg
valid,81,000081.jpg,7478,1,T-beam,4,new-point-3,out_of_bbox,96.5,184.907,2,259,314,"[46.5, 185.57, 92.67, 121.26]",-2024-04-08-181226_png.jpg
valid,81,000081.jpg,7482,1,T-beam,4,new-point-3,out_of_bbox,208.167,183.24,2,259,314,"[159.5, 183.91, 94, 118.26]",-2024-04-08-181226_png.jpg
valid,139,000139.jpg,984,2,HI-Beam,6,new-point-5,out_of_bbox,130.556,454.395,2,500,500,"[130.83, 0, 137.5, 462.18]",img_129.jpg
valid,139,000139.jpg,986,2,HI-Beam,3,new-point-2,out_of_bbox,258.889,34.768,1,500,500,"[258.89, 30.28, 108.33, 394.66]",img_129.jpg
valid,141,000141.jpg,11090,2,HI-Beam,3,new-point-2,out_of_bbox,161.739,257.949,2,325,267,"[161.74, 181.97, 76.81, 80.35]",-_20230924182422_png.jpg
valid,141,000141.jpg,11095,2,HI-Beam,5,new-point-4,out_of_bbox,234.203,29.154,1,325,267,"[157.39, 24.51, 76.52, 79.69]",-_20230924182422_png.jpg
valid,176,000176.jpg,2223,0,Channel,1,new-point-0,out_of_bbox,682.501,316.5,2,1080,486,"[683.14, 314.9, 15.59, 12.61]",0ee70760-ea1e-4f2d-8dab-180ca80b975d.jpg
valid,176,000176.jpg,2223,0,Channel,2,new-point-1,out_of_bbox,682.401,325.6,2,1080,486,"[683.14, 314.9, 15.59, 12.61]",0ee70760-ea1e-4f2d-8dab-180ca80b975d.jpg
valid,180,000180.jpg,1,1,T-beam,2,new-point-1,out_of_bbox,257.111,216.157,2,300,300,"[257.66, 152.5, 32.55, 64.71]",product-0323479001538175476-o.jpg
valid,180,000180.jpg,1,1,T-beam,3,new-point-2,out_of_bbox,290.216,214.133,2,300,300,"[257.66, 152.5, 32.55, 64.71]",product-0323479001538175476-o.jpg
valid,180,000180.jpg,2,1,T-beam,4,new-point-3,out_of_bbox,252.513,151.575,2,300,300,"[237.8, 151.58, 35.31, 67.37]",product-0323479001538175476-o.jpg
valid,180,000180.jpg,3,1,T-beam,2,new-point-1,out_of_bbox,216.834,216.157,2,300,300,"[217.11, 151.58, 36.14, 67.28]",product-0323479001538175476-o.jpg
valid,180,000180.jpg,4,1,T-beam,2,new-point-1,out_of_bbox,195.316,217.077,2,300,300,"[195.32, 151.39, 38.25, 67.47]",product-0323479001538175476-o.jpg
valid,180,000180.jpg,10,1,T-beam,2,new-point-1,out_of_bbox,83.037,222.588,1,300,300,"[83.04, 154.14, 39.73, 70.23]",product-0323479001538175476-o.jpg
valid,180,000180.jpg,12,1,T-beam,2,new-point-1,out_of_bbox,127.327,214.231,1,300,300,"[127.49, 148.18, 42.95, 67.53]",product-0323479001538175476-o.jpg
valid,180,000180.jpg,12,1,T-beam,3,new-point-2,out_of_bbox,170.597,209.422,2,300,300,"[127.49, 148.18, 42.95, 67.53]",product-0323479001538175476-o.jpg
valid,180,000180.jpg,12,1,T-beam,4,new-point-3,out_of_bbox,144.154,147.855,2,300,300,"[127.49, 148.18, 42.95, 67.53]",product-0323479001538175476-o.jpg
valid,186,000186.jpg,10121,2,HI-Beam,2,new-point-1,out_of_bbox,228.869,381.473,2,574,1020,"[91.67, 315.04, 145.2, 65.57]",2b52f034-07c4-46de-8166-a0f0f5edbd7d.jpg
valid,239,000239.jpg,2700,1,T-beam,1,new-point-0,out_of_image_and_out_of_bbox,126.667,650,1,640,640,"[19.17, 279.75, 221.67, 360.25]",-2024-04-08-181703_png
valid,239,000239.jpg,2700,1,T-beam,2,new-point-1,out_of_image_and_out_of_bbox,231.667,645,1,640,640,"[19.17, 279.75, 221.67, 360.25]",-2024-04-08-181703_png
valid,239,000239.jpg,2700,1,T-beam,3,new-point-2,out_of_image_and_out_of_bbox,30,657.5,1,640,640,"[19.17, 279.75, 221.67, 360.25]",-2024-04-08-181703_png
valid,239,000239.jpg,2701,1,T-beam,3,new-point-2,out_of_image,147.5,640,1,640,640,"[145.83, 272.25, 221.67, 367.75]",-2024-04-08-181703_png
valid,239,000239.jpg,2702,1,T-beam,1,new-point-0,out_of_image_and_out_of_bbox,331.667,650.833,1,640,640,"[254.17, 283.92, 221.67, 356.08]",-2024-04-08-181703_png
valid,239,000239.jpg,2702,1,T-beam,2,new-point-1,out_of_image_and_out_of_bbox,466.667,649.167,1,640,640,"[254.17, 283.92, 221.67, 356.08]",-2024-04-08-181703_png
valid,239,000239.jpg,2702,1,T-beam,3,new-point-2,out_of_image_and_out_of_bbox,255.833,651.667,1,640,640,"[254.17, 283.92, 221.67, 356.08]",-2024-04-08-181703_png
valid,264,000264.jpg,1850,1,T-beam,2,new-point-1,out_of_bbox,545.833,0.833,2,640,640,"[310.83, 5, 245, 290]",-2024-04-08-181616_png_jpg
valid,281,000281.jpg,10265,2,HI-Beam,3,new-point-2,out_of_bbox,432.833,0.361,2,471,257,"[228.5, 0.67, 210.67, 155.43]",-2024-04-08-180035_png.jpg
valid,282,000282.jpg,893,1,T-beam,2,new-point-1,out_of_image,640,140,2,640,640,"[340, 134, 300, 220]",-2024-04-08-180955_png_jpg
valid,282,000282.jpg,894,1,T-beam,2,new-point-1,out_of_bbox,605,248.333,2,640,640,"[298.33, 280.83, 299.17, 220]",-2024-04-08-180955_png_jpg
valid,282,000282.jpg,896,1,T-beam,3,new-point-2,out_of_image_and_out_of_bbox,555,648.333,2,640,640,"[300.83, 391.67, 300, 240.83]",-2024-04-08-180955_png_jpg
valid,282,000282.jpg,897,1,T-beam,2,new-point-1,out_of_image_and_out_of_bbox,-0.833,535,2,640,640,"[5, 280, 243.33, 262.5]",-2024-04-08-180955_png_jpg
valid,288,000288.jpg,9112,2,HI-Beam,5,new-point-4,out_of_bbox,526.326,266.226,2,1080,486,"[473.06, 203.74, 52.56, 64.24]",1a6d38b9-fb29-449b-8476-3a01c93774a7.jpg
valid,288,000288.jpg,9116,2,HI-Beam,5,new-point-4,out_of_bbox,649.477,265.146,2,1080,486,"[607.89, 207.2, 41.44, 59.23]",1a6d38b9-fb29-449b-8476-3a01c93774a7.jpg
valid,297,000297.jpg,7494,2,HI-Beam,6,new-point-5,out_of_bbox,231.591,261.55,2,540,960,"[231.62, 224.12, 40.27, 40.66]",118217de-aefa-4733-bd3b-a3e7eeaa1144.jpg
valid,297,000297.jpg,7524,2,HI-Beam,6,new-point-5,out_of_bbox,310.558,433.228,2,540,960,"[310.59, 406.29, 27.96, 28.99]",118217de-aefa-4733-bd3b-a3e7eeaa1144.jpg
valid,297,000297.jpg,7528,2,HI-Beam,6,new-point-5,out_of_bbox,356.113,432.446,2,540,960,"[356.22, 403.6, 29.08, 30.42]",118217de-aefa-4733-bd3b-a3e7eeaa1144.jpg
valid,297,000297.jpg,7531,2,HI-Beam,2,new-point-1,out_of_bbox,384.349,434.861,2,540,960,"[355.59, 433.96, 28.55, 29.14]",118217de-aefa-4733-bd3b-a3e7eeaa1144.jpg
valid,297,000297.jpg,7533,2,HI-Beam,6,new-point-5,out_of_bbox,230.698,457.115,2,540,960,"[230.76, 429.8, 25.86, 28.89]",118217de-aefa-4733-bd3b-a3e7eeaa1144.jpg
valid,297,000297.jpg,7535,2,HI-Beam,6,new-point-5,out_of_bbox,215.898,434.963,2,540,960,"[215.9, 407.76, 26.45, 28.88]",118217de-aefa-4733-bd3b-a3e7eeaa1144.jpg
valid,297,000297.jpg,7536,2,HI-Beam,6,new-point-5,out_of_bbox,215.163,463.414,2,540,960,"[215.27, 436.1, 26.77, 28.68]",118217de-aefa-4733-bd3b-a3e7eeaa1144.jpg
valid,297,000297.jpg,7541,2,HI-Beam,6,new-point-5,out_of_bbox,132.079,304.058,2,540,960,"[132.21, 265.37, 36.63, 42]",118217de-aefa-4733-bd3b-a3e7eeaa1144.jpg
valid,297,000297.jpg,7545,2,HI-Beam,2,new-point-1,out_of_bbox,176.569,352.74,2,540,960,"[148.64, 352.15, 27.82, 29.3]",118217de-aefa-4733-bd3b-a3e7eeaa1144.jpg
valid,297,000297.jpg,7545,2,HI-Beam,6,new-point-5,out_of_bbox,148.418,380.233,2,540,960,"[148.64, 352.15, 27.82, 29.3]",118217de-aefa-4733-bd3b-a3e7eeaa1144.jpg
valid,297,000297.jpg,7548,2,HI-Beam,2,new-point-1,out_of_bbox,207.921,326.131,2,540,960,"[180.3, 323.8, 27.51, 29.94]",118217de-aefa-4733-bd3b-a3e7eeaa1144.jpg
valid,297,000297.jpg,7550,2,HI-Beam,2,new-point-1,out_of_bbox,160.561,402.855,2,540,960,"[133.4, 401.03, 27.05, 28.44]",118217de-aefa-4733-bd3b-a3e7eeaa1144.jpg
valid,297,000297.jpg,7550,2,HI-Beam,6,new-point-5,out_of_bbox,133.294,428.582,2,540,960,"[133.4, 401.03, 27.05, 28.44]",118217de-aefa-4733-bd3b-a3e7eeaa1144.jpg
valid,297,000297.jpg,7551,2,HI-Beam,6,new-point-5,out_of_bbox,133.404,457.068,2,540,960,"[133.67, 429.64, 26.89, 29.41]",118217de-aefa-4733-bd3b-a3e7eeaa1144.jpg
valid,297,000297.jpg,7554,2,HI-Beam,2,new-point-1,out_of_bbox,191.141,404.622,2,540,960,"[165.33, 403.41, 25.81, 29.69]",118217de-aefa-4733-bd3b-a3e7eeaa1144.jpg
valid,297,000297.jpg,7555,2,HI-Beam,6,new-point-5,out_of_bbox,164.756,458.945,2,540,960,"[164.93, 432.29, 26.98, 27.65]",118217de-aefa-4733-bd3b-a3e7eeaa1144.jpg
valid,297,000297.jpg,7558,2,HI-Beam,5,new-point-4,out_of_bbox,255.774,354.119,2,540,960,"[227.44, 326.26, 28.33, 28.89]",118217de-aefa-4733-bd3b-a3e7eeaa1144.jpg
valid,297,000297.jpg,7561,2,HI-Beam,6,new-point-5,out_of_bbox,242.373,388.14,2,540,960,"[242.82, 360.72, 27.83, 28.75]",118217de-aefa-4733-bd3b-a3e7eeaa1144.jpg
valid,297,000297.jpg,7566,2,HI-Beam,2,new-point-1,out_of_bbox,331.852,330.549,2,540,960,"[304.31, 328.91, 27.54, 29.04]",118217de-aefa-4733-bd3b-a3e7eeaa1144.jpg
valid,297,000297.jpg,7568,2,HI-Beam,3,new-point-2,out_of_bbox,320.365,333.937,2,540,960,"[320.57, 332.44, 27.63, 29.92]",118217de-aefa-4733-bd3b-a3e7eeaa1144.jpg
valid,297,000297.jpg,7574,2,HI-Beam,3,new-point-2,out_of_bbox,409.337,470.899,2,540,960,"[409.34, 468.84, 22.98, 22.67]",118217de-aefa-4733-bd3b-a3e7eeaa1144.jpg
valid,297,000297.jpg,7583,2,HI-Beam,2,new-point-1,out_of_bbox,467.975,472.651,2,540,960,"[446.93, 471.81, 21.04, 22.07]",118217de-aefa-4733-bd3b-a3e7eeaa1144.jpg
valid,297,000297.jpg,7587,2,HI-Beam,6,new-point-5,out_of_bbox,352.197,511.413,2,540,960,"[352.25, 491.29, 16.9, 21.55]",118217de-aefa-4733-bd3b-a3e7eeaa1144.jpg
valid,297,000297.jpg,7588,2,HI-Beam,3,new-point-2,out_of_bbox,351.61,512.837,2,540,960,"[351.8, 512.05, 16.93, 21.43]",118217de-aefa-4733-bd3b-a3e7eeaa1144.jpg
valid,297,000297.jpg,7592,2,HI-Beam,6,new-point-5,out_of_bbox,374.479,491.945,2,540,960,"[374.5, 470.65, 18.27, 21.88]",118217de-aefa-4733-bd3b-a3e7eeaa1144.jpg
valid,297,000297.jpg,7594,2,HI-Beam,6,new-point-5,out_of_bbox,372.885,533.562,2,540,960,"[372.97, 513.74, 19.63, 21.41]",118217de-aefa-4733-bd3b-a3e7eeaa1144.jpg
valid,297,000297.jpg,7596,2,HI-Beam,6,new-point-5,out_of_bbox,384.127,510.152,2,540,960,"[384.16, 489.78, 20.77, 21.8]",118217de-aefa-4733-bd3b-a3e7eeaa1144.jpg
valid,297,000297.jpg,7598,2,HI-Beam,2,new-point-1,out_of_bbox,351.661,469.626,2,540,960,"[331.11, 468.64, 20.55, 20.95]",118217de-aefa-4733-bd3b-a3e7eeaa1144.jpg
valid,297,000297.jpg,7601,2,HI-Beam,3,new-point-2,out_of_bbox,320.067,471.471,2,540,960,"[320.13, 470.96, 18.47, 21.07]",118217de-aefa-4733-bd3b-a3e7eeaa1144.jpg
valid,297,000297.jpg,7602,2,HI-Beam,6,new-point-5,out_of_bbox,318.053,513.34,2,540,960,"[318.22, 492, 19.13, 22.01]",118217de-aefa-4733-bd3b-a3e7eeaa1144.jpg
valid,297,000297.jpg,7604,2,HI-Beam,5,new-point-4,out_of_bbox,327.701,489.259,2,540,960,"[307.05, 467.63, 20.32, 22.46]",118217de-aefa-4733-bd3b-a3e7eeaa1144.jpg
valid,297,000297.jpg,7608,2,HI-Beam,2,new-point-1,out_of_bbox,314.583,492.947,2,540,960,"[295.54, 492.17, 19.04, 21.91]",118217de-aefa-4733-bd3b-a3e7eeaa1144.jpg
valid,297,000297.jpg,7610,2,HI-Beam,6,new-point-5,out_of_bbox,274.58,489.468,2,540,960,"[274.6, 468.3, 19.88, 22.41]",118217de-aefa-4733-bd3b-a3e7eeaa1144.jpg
valid,297,000297.jpg,7615,2,HI-Beam,6,new-point-5,out_of_bbox,262.45,534.505,2,540,960,"[262.5, 513.32, 17.95, 22.19]",118217de-aefa-4733-bd3b-a3e7eeaa1144.jpg
valid,297,000297.jpg,7620,2,HI-Beam,2,new-point-1,out_of_bbox,259.134,513.751,2,540,960,"[239.3, 513.12, 19.67, 21.3]",118217de-aefa-4733-bd3b-a3e7eeaa1144.jpg
valid,297,000297.jpg,7624,2,HI-Beam,6,new-point-5,out_of_bbox,219.717,530.918,2,540,960,"[219.9, 510.72, 17.57, 21.2]",118217de-aefa-4733-bd3b-a3e7eeaa1144.jpg
valid,297,000297.jpg,7633,2,HI-Beam,2,new-point-1,out_of_bbox,207.517,470.983,2,540,960,"[187.3, 469.42, 20.05, 21.07]",118217de-aefa-4733-bd3b-a3e7eeaa1144.jpg
valid,297,000297.jpg,7642,2,HI-Beam,5,new-point-4,out_of_bbox,163.75,527.12,2,540,960,"[145.2, 507.32, 18.47, 20.64]",118217de-aefa-4733-bd3b-a3e7eeaa1144.jpg
valid,297,000297.jpg,7642,2,HI-Beam,6,new-point-5,out_of_bbox,144.917,527.204,2,540,960,"[145.2, 507.32, 18.47, 20.64]",118217de-aefa-4733-bd3b-a3e7eeaa1144.jpg
valid,342,000342.jpg,10773,1,T-beam,2,new-point-1,out_of_image_and_out_of_bbox,537.5,-139.167,1,640,640,"[400, 0, 240, 207]",-2024-04-10-132159_png_jpg
valid,342,000342.jpg,10773,1,T-beam,3,new-point-2,out_of_image,640,165.833,2,640,640,"[400, 0, 240, 207]",-2024-04-10-132159_png_jpg
valid,398,000398.jpg,2644,1,T-beam,2,new-point-1,out_of_image,530.833,640,2,640,640,"[64, 378, 525, 262]",-2024-04-08-181009_png_jpg
valid,398,000398.jpg,2647,1,T-beam,2,new-point-1,out_of_image_and_out_of_bbox,640,112.5,2,640,640,"[147.5, 69.17, 488.33, 268.33]",-2024-04-08-181009_png_jpg
valid,419,000419.jpg,1614,0,Channel,3,new-point-2,out_of_bbox,675.28,523.151,2,867,1156,"[643.93, 522.43, 24.32, 15.37]",c58c53af-4792-4ce9-82d5-48642c074a7f.jpg
valid,419,000419.jpg,1614,0,Channel,4,new-point-3,out_of_bbox,675.38,535.351,2,867,1156,"[643.93, 522.43, 24.32, 15.37]",c58c53af-4792-4ce9-82d5-48642c074a7f.jpg
valid,419,000419.jpg,1680,0,Channel,1,new-point-0,out_of_bbox,568.3,481.5,2,867,1156,"[569.53, 479.2, 25.36, 16.51]",c58c53af-4792-4ce9-82d5-48642c074a7f.jpg
valid,419,000419.jpg,1680,0,Channel,2,new-point-1,out_of_bbox,568.4,493.8,2,867,1156,"[569.53, 479.2, 25.36, 16.51]",c58c53af-4792-4ce9-82d5-48642c074a7f.jpg
valid,440,000440.jpg,4757,1,T-beam,3,new-point-2,out_of_image_and_out_of_bbox,251.667,640,2,640,640,"[230.83, 385, 387.5, 251.67]",-2024-04-10-132159_png_jpg
valid,454,000454.jpg,5115,1,T-beam,4,new-point-3,out_of_bbox,287.5,93.333,2,640,640,"[195, 94.17, 252.5, 244.17]",xc066iwm_png_jpg
valid,461,000461.jpg,227,1,T-beam,2,new-point-1,out_of_image,640,110,2,640,640,"[102, 54, 538, 287]",-2024-04-08-181115_png_jpg
valid,576,000576.jpg,2639,2,HI-Beam,5,new-point-4,out_of_image,34.63,343,1,431,343,"[21.67, 181.29, 333.33, 161.71]",-2024-04-08-175651_png.jpg
valid,681,000681.jpg,960,2,HI-Beam,5,new-point-4,out_of_bbox,288.428,402.094,2,720,1280,"[288.54, 329.35, 39.81, 74.13]",5aeda55e-e86e-4770-94a6-a8d9f22712e0.jpg
valid,681,000681.jpg,1007,2,HI-Beam,5,new-point-4,out_of_bbox,232.617,631.612,2,720,1280,"[232.7, 570.22, 33.7, 62.4]",5aeda55e-e86e-4770-94a6-a8d9f22712e0.jpg
valid,681,000681.jpg,1027,2,HI-Beam,5,new-point-4,out_of_bbox,524.628,648.888,2,720,1280,"[524.71, 583.51, 39.43, 66.9]",5aeda55e-e86e-4770-94a6-a8d9f22712e0.jpg
valid,681,000681.jpg,1028,2,HI-Beam,5,new-point-4,out_of_bbox,522.041,713.382,1,720,1280,"[522.19, 650.41, 38.1, 64.23]",5aeda55e-e86e-4770-94a6-a8d9f22712e0.jpg
valid,741,000741.jpg,2695,1,T-beam,2,new-point-1,out_of_image,110.833,640,2,640,640,"[71.67, 391.67, 250, 248.33]",xc066iwm_png_jpg
test,162,000162.jpg,10276,1,T-beam,3,new-point-2,out_of_image,686,157.857,2,686,521,"[459, 152, 227, 266]",-2024-04-08-181644_png.jpg
test,162,000162.jpg,10280,1,T-beam,4,new-point-3,out_of_bbox,662.143,175.714,2,686,521,"[477.14, 176.43, 208.86, 253.57]",-2024-04-08-181644_png.jpg
test,200,000200.jpg,3112,2,HI-Beam,6,new-point-5,out_of_bbox,343.319,378.243,2,574,1020,"[338.45, 378.48, 193.72, 63.02]",86605a3e-c9cf-4fbf-aabf-952a7b24b408.jpg
test,216,000216.jpg,11034,2,HI-Beam,2,new-point-1,out_of_bbox,192.4,59.307,1,300,300,"[154.04, 59.31, 40.21, 37.92]",SUS-ASTM-Universal-Formwork-Channel-A36-Welding-Steel-H-Beam-for-Bridge-Building-Material.jpg
test,216,000216.jpg,11058,2,HI-Beam,3,new-point-2,out_of_bbox,112.078,254.08,2,300,300,"[112.08, 216.15, 36.47, 39.68]",SUS-ASTM-Universal-Formwork-Channel-A36-Welding-Steel-H-Beam-for-Bridge-Building-Material.jpg
test,216,000216.jpg,11059,2,HI-Beam,5,new-point-4,out_of_bbox,166.165,221.168,2,300,300,"[130.14, 219.72, 35.91, 37.11]",SUS-ASTM-Universal-Formwork-Channel-A36-Welding-Steel-H-Beam-for-Bridge-Building-Material.jpg
test,226,000226.jpg,1387,1,T-beam,4,new-point-3,out_of_bbox,132.857,13.333,2,262,176,"[84.29, 13.57, 93.1, 119.52]",-2024-04-08-181235_png.jpg
test,236,000236.jpg,2064,3,Angle Bar,1,new-point-0,out_of_image_and_out_of_bbox,67.867,-24.484,1,416,416,"[0, 0, 160.09, 66.01]",8c41814c-8.jpg
test,236,000236.jpg,2064,3,Angle Bar,2,new-point-1,out_of_image_and_out_of_bbox,-12.027,49.826,1,416,416,"[0, 0, 160.09, 66.01]",8c41814c-8.jpg
test,236,000236.jpg,2066,3,Angle Bar,3,new-point-3,out_of_bbox,103.089,178.258,2,416,416,"[25.34, 178.69, 97.38, 165.24]",8c41814c-8.jpg
test,236,000236.jpg,2067,3,Angle Bar,1,new-point-0,out_of_image_and_out_of_bbox,-1.289,238.393,2,416,416,"[0, 193.72, 90.07, 167.38]",8c41814c-8.jpg
test,236,000236.jpg,2068,3,Angle Bar,1,new-point-0,out_of_bbox,390.02,192.003,1,416,416,"[325, 120, 91, 58]",8c41814c-8.jpg
test,236,000236.jpg,2068,3,Angle Bar,3,new-point-3,out_of_image_and_out_of_bbox,435.887,141.747,1,416,416,"[325, 120, 91, 58]",8c41814c-8.jpg
test,236,000236.jpg,2069,3,Angle Bar,3,new-point-3,out_of_image_and_out_of_bbox,444.048,111.25,1,416,416,"[322, 77, 94, 94]",8c41814c-8.jpg
test,236,000236.jpg,2070,3,Angle Bar,3,new-point-3,out_of_image_and_out_of_bbox,447.484,82.042,1,416,416,"[325.93, 48.54, 89.22, 94.79]",8c41814c-8.jpg
test,236,000236.jpg,2071,3,Angle Bar,3,new-point-3,out_of_image_and_out_of_bbox,452.639,33.504,1,416,416,"[331.08, 0, 84.92, 94.79]",8c41814c-8.jpg
test,236,000236.jpg,2072,3,Angle Bar,2,new-point-1,out_of_bbox,173.873,241.616,1,416,416,"[224.81, 180.95, 89.85, 107.28]",8c41814c-8.jpg
test,236,000236.jpg,2073,3,Angle Bar,2,new-point-1,out_of_bbox,185.164,298.821,1,416,416,"[224.81, 235.14, 96.62, 110.29]",8c41814c-8.jpg
test,236,000236.jpg,2074,3,Angle Bar,2,new-point-1,out_of_bbox,192.691,349.252,1,416,416,"[233.09, 281.81, 96.62, 110.29]",8c41814c-8.jpg
test,236,000236.jpg,2075,3,Angle Bar,2,new-point-1,out_of_bbox,196.454,401.941,1,416,416,"[226.31, 327.54, 92.86, 88.46]",8c41814c-8.jpg
test,236,000236.jpg,2076,3,Angle Bar,3,new-point-3,out_of_image_and_out_of_bbox,432.53,295.811,1,416,416,"[312, 189, 104, 112]",8c41814c-8.jpg
test,236,000236.jpg,2077,3,Angle Bar,3,new-point-3,out_of_image_and_out_of_bbox,441.562,346.241,1,416,416,"[321, 240, 95, 111]",8c41814c-8.jpg
test,236,000236.jpg,2078,3,Angle Bar,3,new-point-3,out_of_image_and_out_of_bbox,448.336,392.156,1,416,416,"[328.41, 286.32, 87.59, 111.04]",8c41814c-8.jpg
test,236,000236.jpg,2079,3,Angle Bar,2,new-point-1,out_of_image_and_out_of_bbox,335.704,423.017,1,416,416,"[328, 326, 88, 90]",8c41814c-8.jpg
test,236,000236.jpg,2079,3,Angle Bar,3,new-point-3,out_of_image_and_out_of_bbox,448.336,432.802,1,416,416,"[328, 326, 88, 90]",8c41814c-8.jpg
test,326,000326.jpg,45,2,HI-Beam,3,new-point-2,out_of_bbox,51.009,454.023,2,1278,732,"[37.68, 455.35, 409.33, 240.37]",-_20230924182432.png
test,331,000331.jpg,5767,1,T-beam,4,new-point-3,out_of_bbox,201.075,108.133,2,312,148,"[191, 0, 64, 108]",-2024-04-08-181800_png.jpg
test,331,000331.jpg,5772,1,T-beam,2,new-point-1,out_of_bbox,56.989,138.684,2,312,148,"[57.1, 28.53, 67.42, 112.22]",-2024-04-08-181800_png.jpg
test,368,000368.jpg,5066,1,T-beam,4,new-point-3,out_of_image_and_out_of_bbox,45,850,1,640,640,"[32.5, 525.83, 188.33, 111.67]",-2024-04-10-133606_png_jpg
test,375,000375.jpg,10780,2,HI-Beam,2,new-point-1,out_of_bbox,362.556,215.229,2,540,960,"[362.7, 210.02, 38.99, 77.33]",3b4ae7ba-46e9-4ea2-81c8-863f8907b44c.jpg
test,375,000375.jpg,10782,2,HI-Beam,6,new-point-5,out_of_bbox,347.168,288.372,2,540,960,"[314.19, 216.35, 32.8, 75.1]",3b4ae7ba-46e9-4ea2-81c8-863f8907b44c.jpg
test,375,000375.jpg,10801,2,HI-Beam,5,new-point-4,out_of_bbox,173.999,370.244,2,540,960,"[174, 303.37, 32.85, 69.12]",3b4ae7ba-46e9-4ea2-81c8-863f8907b44c.jpg
test,375,000375.jpg,10808,2,HI-Beam,2,new-point-1,out_of_bbox,297.48,308.925,2,540,960,"[297.79, 307.33, 31.39, 70.39]",3b4ae7ba-46e9-4ea2-81c8-863f8907b44c.jpg
test,375,000375.jpg,10808,2,HI-Beam,6,new-point-5,out_of_bbox,329.194,375.659,2,540,960,"[297.79, 307.33, 31.39, 70.39]",3b4ae7ba-46e9-4ea2-81c8-863f8907b44c.jpg
test,375,000375.jpg,10812,2,HI-Beam,2,new-point-1,out_of_bbox,373.492,297.187,2,540,960,"[373.6, 293.24, 35.79, 77.58]",3b4ae7ba-46e9-4ea2-81c8-863f8907b44c.jpg
test,402,000402.jpg,1161,1,T-beam,4,new-point-3,out_of_bbox,186.667,116.667,2,640,640,"[37.5, 116.67, 279.17, 487.5]",-2024-04-08-181409_png_jpg
test,433,000433.jpg,8216,2,HI-Beam,6,new-point-5,out_of_bbox,63.889,130.102,2,1290,1050,"[0, 131, 626, 584]",-_20230924182448_png.jpg
test,445,000445.jpg,6223,1,T-beam,4,new-point-3,out_of_image_and_out_of_bbox,53.309,743.986,2,625,708,"[22.85, 616.03, 137.67, 91.97]",-2024-04-09-190957.png
test,445,000445.jpg,6225,1,T-beam,3,new-point-2,out_of_bbox,485.055,667.244,2,625,708,"[355, 587.57, 128.88, 101.93]",-2024-04-09-190957.png
test,445,000445.jpg,6233,1,T-beam,2,new-point-1,out_of_bbox,411.023,359.871,2,625,708,"[362.97, 273.6, 89.47, 86.08]",-2024-04-09-190957.png
test,445,000445.jpg,6236,1,T-beam,2,new-point-1,out_of_bbox,315.994,267.518,2,625,708,"[297.25, 273.24, 89.47, 86.08]",-2024-04-09-190957.png
test,445,000445.jpg,6236,1,T-beam,4,new-point-3,out_of_bbox,276.854,331.076,2,625,708,"[297.25, 273.24, 89.47, 86.08]",-2024-04-09-190957.png
test,579,000579.jpg,5789,3,Angle Bar,2,new-point-1,out_of_image,416,276.923,2,416,416,"[312.7, 264.56, 103.3, 131.08]",8c41814c-8.jpg
test,579,000579.jpg,5790,3,Angle Bar,2,new-point-1,out_of_image_and_out_of_bbox,416,288.284,2,416,416,"[332.01, 273.08, 78.31, 134.49]",8c41814c-8.jpg
test,579,000579.jpg,5791,3,Angle Bar,2,new-point-1,out_of_image,416,299.644,2,416,416,"[350.19, 293.53, 65.81, 109.5]",8c41814c-8.jpg
test,579,000579.jpg,5791,3,Angle Bar,3,new-point-3,out_of_image,416,392.801,2,416,416,"[350.19, 293.53, 65.81, 109.5]",8c41814c-8.jpg
test,579,000579.jpg,5792,3,Angle Bar,2,new-point-1,out_of_image,416,312.141,2,416,416,"[367, 306, 49, 79]",8c41814c-8.jpg
test,579,000579.jpg,5792,3,Angle Bar,3,new-point-3,out_of_image,416,375.192,2,416,416,"[367, 306, 49, 79]",8c41814c-8.jpg
test,579,000579.jpg,5801,3,Angle Bar,3,new-point-3,out_of_bbox,287.807,117.312,2,416,416,"[213.37, 41.85, 71.38, 79.83]",8c41814c-8.jpg
test,579,000579.jpg,5807,3,Angle Bar,1,new-point-0,out_of_bbox,128.65,79.63,1,416,416,"[145.16, 40.7, 65.45, 80.42]",8c41814c-8.jpg
test,579,000579.jpg,5813,3,Angle Bar,2,new-point-1,out_of_bbox,144.916,126.255,2,416,416,"[77, 0, 67, 141]",8c41814c-8.jpg
test,608,000608.jpg,3349,1,T-beam,2,new-point-1,out_of_image_and_out_of_bbox,-7.778,20.37,2,424,280,"[0, 17.78, 177.04, 228.89]",-2024-04-08-181324.png
test,633,000633.jpg,1124,3,Angle Bar,2,new-point-1,out_of_bbox,224.215,372.563,2,416,416,"[225.05, 328.5, 93.28, 87.5]",8c41814c-8.jpg
test,633,000633.jpg,1125,3,Angle Bar,2,new-point-1,out_of_image,416,79.147,2,416,416,"[327.59, 0.44, 88.41, 99.95]",8c41814c-8.jpg
test,633,000633.jpg,1126,3,Angle Bar,2,new-point-1,out_of_image,416,113.487,2,416,416,"[319.09, 45.4, 96.91, 97.83]",8c41814c-8.jpg
test,633,000633.jpg,1127,3,Angle Bar,2,new-point-1,out_of_image_and_out_of_bbox,418.478,145.703,2,416,416,"[321.57, 77.61, 94.43, 97.83]",8c41814c-8.jpg
test,633,000633.jpg,1128,3,Angle Bar,2,new-point-1,out_of_image,416,42.683,2,416,416,"[354, 0, 62, 63]",8c41814c-8.jpg
test,633,000633.jpg,1129,3,Angle Bar,3,new-point-3,out_of_image,416,273.129,2,416,416,"[315.18, 194.97, 100.82, 97.72]",8c41814c-8.jpg
test,633,000633.jpg,1130,3,Angle Bar,3,new-point-3,out_of_image,416,308.885,2,416,416,"[326.51, 249.49, 89.49, 90.28]",8c41814c-8.jpg
test,633,000633.jpg,1131,3,Angle Bar,3,new-point-3,out_of_image,416,348.181,2,416,416,"[331.46, 296.22, 84.54, 93.82]",8c41814c-8.jpg
test,633,000633.jpg,1132,3,Angle Bar,2,new-point-1,out_of_image,339.578,416,2,416,416,"[331.46, 333.15, 84.54, 82.85]",8c41814c-8.jpg
test,633,000633.jpg,1132,3,Angle Bar,3,new-point-3,out_of_image,416,385.11,2,416,416,"[331.46, 333.15, 84.54, 82.85]",8c41814c-8.jpg
test,633,000633.jpg,1133,3,Angle Bar,1,new-point-0,out_of_image_and_out_of_bbox,69.633,-21.267,1,416,416,"[0, 0, 124.87, 43.14]",8c41814c-8.jpg
test,648,000648.jpg,1340,1,T-beam,4,new-point-3,out_of_bbox,304.167,141.667,2,640,640,"[190, 141.67, 260.83, 395.83]",-_20230924182518_png_jpg
test,664,000664.jpg,10990,1,T-beam,2,new-point-1,out_of_image,640,125,2,640,640,"[374.17, 90.83, 265.83, 252.5]",c8902ef8e99e0a92d38e98ccb831d94_png_jpg
test,664,000664.jpg,10991,1,T-beam,2,new-point-1,out_of_image,533.333,640,2,640,640,"[306.67, 395, 285.83, 245]",c8902ef8e99e0a92d38e98ccb831d94_png_jpg
test,664,000664.jpg,10992,1,T-beam,2,new-point-1,out_of_bbox,0,453.333,2,640,640,"[0.83, 270, 260, 231.67]",c8902ef8e99e0a92d38e98ccb831d94_png_jpg
test,668,000668.jpg,502,1,T-beam,1,new-point-0,out_of_image_and_out_of_bbox,200.833,651.667,1,640,640,"[95.83, 460, 210.83, 180]",images-5-_jpg
test,668,000668.jpg,502,1,T-beam,2,new-point-1,out_of_image_and_out_of_bbox,104.167,652.5,1,640,640,"[95.83, 460, 210.83, 180]",images-5-_jpg
test,668,000668.jpg,502,1,T-beam,3,new-point-2,out_of_image_and_out_of_bbox,305.833,652.5,1,640,640,"[95.83, 460, 210.83, 180]",images-5-_jpg
test,668,000668.jpg,503,1,T-beam,1,new-point-0,out_of_image_and_out_of_bbox,332.5,648.333,1,640,640,"[227.5, 460, 210.83, 180]",images-5-_jpg
test,668,000668.jpg,503,1,T-beam,2,new-point-1,out_of_image_and_out_of_bbox,235.833,649.167,1,640,640,"[227.5, 460, 210.83, 180]",images-5-_jpg
test,668,000668.jpg,503,1,T-beam,3,new-point-2,out_of_image_and_out_of_bbox,437.5,649.167,1,640,640,"[227.5, 460, 210.83, 180]",images-5-_jpg
test,668,000668.jpg,504,1,T-beam,1,new-point-0,out_of_image_and_out_of_bbox,459.167,648.333,1,640,640,"[354, 478, 211, 162]",images-5-_jpg
test,668,000668.jpg,504,1,T-beam,2,new-point-1,out_of_image_and_out_of_bbox,362.5,649.167,1,640,640,"[354, 478, 211, 162]",images-5-_jpg
test,668,000668.jpg,504,1,T-beam,3,new-point-2,out_of_image_and_out_of_bbox,564.167,649.167,1,640,640,"[354, 478, 211, 162]",images-5-_jpg
test,678,000678.jpg,2413,3,Angle Bar,2,new-point-1,out_of_image_and_out_of_bbox,426.882,273.422,2,416,416,"[316.97, 269.04, 48.18, 130]",8c41814c-8.jpg
test,678,000678.jpg,2413,3,Angle Bar,3,new-point-3,out_of_bbox,383.534,393.877,2,416,416,"[316.97, 269.04, 48.18, 130]",8c41814c-8.jpg
test,678,000678.jpg,2414,3,Angle Bar,2,new-point-1,out_of_image_and_out_of_bbox,453.897,284.964,2,416,416,"[353.23, 299.75, 62.77, 107.91]",8c41814c-8.jpg
test,678,000678.jpg,2414,3,Angle Bar,3,new-point-3,out_of_image_and_out_of_bbox,419.796,402.502,2,416,416,"[353.23, 299.75, 62.77, 107.91]",8c41814c-8.jpg
test,678,000678.jpg,2415,3,Angle Bar,2,new-point-1,out_of_image_and_out_of_bbox,435.558,282.591,2,416,416,"[334.89, 275.29, 81.11, 130]",8c41814c-8.jpg
test,678,000678.jpg,2416,3,Angle Bar,2,new-point-1,out_of_bbox,395.128,270.504,1,416,416,"[294.46, 263.2, 61.52, 130]",8c41814c-8.jpg
test,678,000678.jpg,2416,3,Angle Bar,3,new-point-3,out_of_bbox,355.981,376.788,2,416,416,"[294.46, 263.2, 61.52, 130]",8c41814c-8.jpg
test,678,000678.jpg,2417,3,Angle Bar,2,new-point-1,out_of_image_and_out_of_bbox,488.075,291.344,1,416,416,"[388.66, 293.08, 27.34, 99.58]",8c41814c-8.jpg
test,678,000678.jpg,2417,3,Angle Bar,3,new-point-3,out_of_image_and_out_of_bbox,450.178,406.671,2,416,416,"[388.66, 293.08, 27.34, 99.58]",8c41814c-8.jpg
test,678,000678.jpg,2418,3,Angle Bar,2,new-point-1,out_of_image_and_out_of_bbox,472.236,292.05,2,416,416,"[371, 284, 45, 130]",8c41814c-8.jpg
test,678,000678.jpg,2418,3,Angle Bar,3,new-point-3,out_of_image_and_out_of_bbox,438.135,409.588,2,416,416,"[371, 284, 45, 130]",8c41814c-8.jpg
test,717,000717.jpg,2642,1,T-beam,4,new-point-3,out_of_image_and_out_of_bbox,530.667,384.667,2,500,500,"[321.33, 236, 162.67, 181.33]",d2e9bf12-6da6-49ed-89c2-e7a31326df59.png
