0 0.6283611111 0.6966563786 0.0228148148 0.0261522634 0.6190398148 0.7070802469 2 0.619262037 0.6872407407 2 0.6383185185 0.6874053498 2 0.6382564815 0.7070349794 2 0 0 0 0 0 0
0 0.1714490741 0.7986728395 0.02575 0.0302263374 0.1593712963 0.7873024691 2 0.1595981481 0.8112633745 2 0.1837592593 0.8107592593 2 0.1837592593 0.7870493827 2 0 0 0 0 0 0
0 0.1977731481 0.7974176955 0.02575 0.0302263374 0.185687963 0.7860411523 2 0.1859148148 0.8100020576 2 0.2100759259 0.8094979424 2 0.2100759259 0.7857880658 2 0 0 0 0 0 0
0 0.2263564815 0.7954012346 0.02575 0.0302263374 0.2142722222 0.7840226337 2 0.2144990741 0.8079855967 2 0.2386601852 0.8074794239 2 0.2386601852 0.7837716049 2 0 0 0 0 0 0
0 0.2524398148 0.791100823 0.02575 0.0302263374 0.240362037 0.7797345679 2 0.2405888889 0.8036975309 2 0.26475 0.8031934156 2 0.26475 0.7794835391 2 0 0 0 0 0 0
0 0.2575509259 0.7875823045 0.02575 0.0302263374 0.2454666667 0.7989465021 2 0.2456935185 0.7749855967 2 0.2698537037 0.7754897119 2 0.2698537037 0.7991995885 2 0 0 0 0 0 0
0 0.232587963 0.7918621399 0.02575 0.0302263374 0.2205111111 0.8032345679 2 0.220737963 0.7792736626 2 0.2448990741 0.7797777778 2 0.2448990741 0.8034876543 2 0 0 0 0 0 0
0 0.2053657407 0.7938786008 0.02575 0.0302263374 0.193287963 0.8052530864 2 0.1935148148 0.7812901235 2 0.217675 0.7817962963 2 0.217675 0.8055061728 2 0 0 0 0 0 0
0 0.1762175926 0.7969032922 0.02575 0.0302263374 0.1641361111 0.8082798354 2 0.164362963 0.7843168724 2 0.1885231481 0.7848230453 2 0.1885231481 0.8085329218 2 0 0 0 0 0 0
0 0.1677083333 0.7696604938 0.02575 0.0302263374 0.1556287037 0.7582962963 2 0.1558555556 0.7822572016 2 0.1800157407 0.7817530864 2 0.1800157407 0.7580432099 2 0 0 0 0 0 0
0 0.2494953704 0.7618415638 0.02575 0.0302263374 0.237412963 0.7504773663 2 0.2376398148 0.7744382716 2 0.2618 0.7739341564 2 0.2618 0.7502242798 2 0 0 0 0 0 0
0 0.2231805556 0.765627572 0.02575 0.0302263374 0.2110962963 0.7542592593 2 0.2113231481 0.7782222222 2 0.2354842593 0.777718107 2 0.2354842593 0.7540082305 2 0 0 0 0 0 0
0 0.1938009259 0.7671502058 0.02575 0.0302263374 0.1817175926 0.7557736626 2 0.1819444444 0.7797345679 2 0.2061055556 0.7792304527 2 0.2061055556 0.7555205761 2 0 0 0 0 0 0
0 0.2556157407 0.7590843621 0.02575 0.0302263374 0.243537963 0.7704444444 2 0.2437648148 0.7464835391 2 0.2679259259 0.7469876543 2 0.2679259259 0.7706975309 2 0 0 0 0 0 0
0 0.2287361111 0.7613477366 0.02575 0.0302263374 0.2180157407 0.77368107 2 0.2185833333 0.7504773663 2 0.2402481481 0.7502242798 2 0.2410425926 0.7729670782 2 0 0 0 0 0 0
0 0.2027638889 0.7615946502 0.02575 0.0302263374 0.1920398148 0.7739341564 2 0.1926074074 0.7507283951 2 0.2142722222 0.7504773663 2 0.2150666667 0.7732201646 2 0 0 0 0 0 0
0 0.1753101852 0.7633641975 0.02575 0.0302263374 0.1631148148 0.7758168724 2 0.1634546296 0.7546296296 2 0.1870490741 0.7538744856 2 0.1876157407 0.7749855967 2 0 0 0 0 0 0
0 0.165587963 0.7384053498 0.02575 0.0302263374 0.1535064815 0.7270411523 2 0.1537333333 0.7510041152 2 0.1778944444 0.7504979424 2 0.1778944444 0.7267880658 2 0 0 0 0 0 0
0 0.1921064815 0.7378292181 0.02575 0.0302263374 0.1800268519 0.7264506173 2 0.1802537037 0.7504135802 2 0.2044148148 0.749909465 2 0.2044148148 0.7261995885 2 0 0 0 0 0 0
0 0.2192916667 0.7345781893 0.02575 0.0302263374 0.2072101852 0.7232078189 2 0.207437037 0.7471707819 2 0.2315972222 0.7466646091 2 0.2315972222 0.7229547325 2 0 0 0 0 0 0
0 0.2452824074 0.7330967078 0.02575 0.0302263374 0.2332 0.7217345679 2 0.2334268519 0.7456954733 2 0.257587037 0.745191358 2 0.257587037 0.7214814815 2 0 0 0 0 0 0
0 0.1709351852 0.7349176955 0.0270740741 0.0364197531 0.1595842593 0.7486666667 2 0.1597425926 0.7230802469 2 0.1833361111 0.7223251029 2 0.1833203704 0.7471934156 2 0 0 0 0 0 0
0 0.1981111111 0.7340329218 0.0270740741 0.0364197531 0.1867675926 0.747781893 2 0.186925 0.7221975309 2 0.2105194444 0.7214403292 2 0.2105027778 0.746308642 2 0 0 0 0 0 0
0 0.2238425926 0.7316666667 0.0270740741 0.0364197531 0.2124925926 0.7454238683 2 0.21265 0.7198374486 2 0.2362435185 0.7190802469 2 0.2362277778 0.7439506173 2 0 0 0 0 0 0
0 0.251287037 0.7293004115 0.0286666667 0.0364197531 0.2391444444 0.7430658436 2 0.2393027778 0.7174794239 2 0.2628962963 0.7167222222 2 0.2640740741 0.7412962963 2 0 0 0 0 0 0
0 0.1649212963 0.7086316872 0.02575 0.0302263374 0.1528435185 0.6972613169 2 0.1530703704 0.7212222222 2 0.1772314815 0.720718107 2 0.1772314815 0.6970082305 2 0 0 0 0 0 0
0 0.1910509259 0.7062654321 0.02575 0.0302263374 0.1789657407 0.6949012346 2 0.1791925926 0.7188641975 2 0.2033537037 0.7183600823 2 0.2033537037 0.6946502058 2 0 0 0 0 0 0
0 0.2170324074 0.7039197531 0.02575 0.0302263374 0.2049555556 0.6925432099 2 0.2051824074 0.7165041152 2 0.2293435185 0.716 2 0.2293435185 0.6922901235 2 0 0 0 0 0 0
0 0.2430231481 0.7033230453 0.02575 0.0302263374 0.2309453704 0.6919526749 2 0.2311722222 0.7159156379 2 0.2553333333 0.7154115226 2 0.2553333333 0.6917016461 2 0 0 0 0 0 0
0 0.1690740741 0.7060082305 0.0270740741 0.0364197531 0.1577277778 0.7197716049 2 0.1578861111 0.6941851852 2 0.1814796296 0.6934279835 2 0.1814638889 0.7182962963 2 0 0 0 0 0 0
0 0.1947962963 0.7033539095 0.0270740741 0.0364197531 0.1834527778 0.717117284 2 0.1836101852 0.6915308642 2 0.2072037037 0.6907757202 2 0.207187963 0.7156440329 2 0 0 0 0 0 0
0 0.2213240741 0.7006995885 0.0270740741 0.0364197531 0.2099731481 0.7144650206 2 0.2101305556 0.6888786008 2 0.2337240741 0.6881213992 2 0.2337083333 0.7129897119 2 0 0 0 0 0 0
0 0.2474444444 0.7006995885 0.0270740741 0.0364197531 0.2360953704 0.7144650206 2 0.2362527778 0.6888786008 2 0.2598462963 0.6881213992 2 0.2598305556 0.7129897119 2 0 0 0 0 0 0
0 0.164662037 0.68031893 0.02575 0.0302263374 0.1525787037 0.6689547325 2 0.1528055556 0.6929176955 2 0.1769666667 0.6924115226 2 0.1769666667 0.6687037037 2 0 0 0 0 0 0
0 0.1911805556 0.6788580247 0.02575 0.0302263374 0.1790990741 0.6674814815 2 0.1793259259 0.6914423868 2 0.2034861111 0.6909382716 2 0.2034861111 0.6672283951 2 0 0 0 0 0 0
0 0.2167731481 0.6744341564 0.02575 0.0302263374 0.2046907407 0.6630576132 2 0.2049175926 0.6870205761 2 0.2290787037 0.6865144033 2 0.2290787037 0.6628045267 2 0 0 0 0 0 0
0 0.2423657407 0.6744341564 0.02575 0.0302263374 0.2302824074 0.6630576132 2 0.2305092593 0.6870205761 2 0.2546703704 0.6865144033 2 0.2546703704 0.6628045267 2 0 0 0 0 0 0
0 0.1685462963 0.6765226337 0.0270740741 0.0364197531 0.1571981481 0.6902860082 2 0.1573555556 0.6646995885 2 0.1809490741 0.6639423868 2 0.1809333333 0.6888127572 2 0 0 0 0 0 0
0 0.1949351852 0.6732921811 0.0270740741 0.0364197531 0.1835851852 0.6870432099 2 0.1837425926 0.6614567901 2 0.207337037 0.6606995885 2 0.2073203704 0.6855679012 2 0 0 0 0 0 0
0 0.2213240741 0.6729835391 0.0270740741 0.0364197531 0.2099731481 0.6867489712 2 0.2101305556 0.6611625514 2 0.2337240741 0.6604053498 2 0.2337083333 0.6852736626 2 0 0 0 0 0 0
0 0.2474444444 0.6732921811 0.0270740741 0.0364197531 0.2360953704 0.6870432099 2 0.2362527778 0.6614567901 2 0.2598462963 0.6606995885 2 0.2598305556 0.6855679012 2 0 0 0 0 0 0
0 0.1645231481 0.6502572016 0.02575 0.0302263374 0.1524462963 0.6388806584 2 0.1526731481 0.6628415638 2 0.1768342593 0.6623374486 2 0.1768342593 0.638627572 2 0 0 0 0 0 0
0 0.1680185185 0.6458641975 0.0270740741 0.0364197531 0.1566675926 0.6596213992 2 0.156825 0.6340349794 2 0.1804185185 0.6332777778 2 0.1804027778 0.6581481481 2 0 0 0 0 0 0
0 0.1907824074 0.646409465 0.02575 0.0302263374 0.1787009259 0.6350473251 2 0.1789277778 0.6590082305 2 0.2030888889 0.6585041152 2 0.2030888889 0.6347942387 2 0 0 0 0 0 0
0 0.1941388889 0.6423251029 0.0270740741 0.0364197531 0.1827898148 0.6560823045 2 0.1829472222 0.6304958848 2 0.2065416667 0.6297407407 2 0.206525 0.6546090535 2 0 0 0 0 0 0
0 0.216375 0.6461213992 0.02575 0.0302263374 0.2042925926 0.6347510288 2 0.2045194444 0.6587139918 2 0.2286805556 0.6582098765 2 0.2286805556 0.6345 2 0 0 0 0 0 0
0 0.2209259259 0.642037037 0.0270740741 0.0364197531 0.209575 0.6557880658 2 0.2097324074 0.6302016461 2 0.2333268519 0.6294444444 2 0.2333101852 0.6543148148 2 0 0 0 0 0 0
0 0.2424953704 0.6446399177 0.02575 0.0302263374 0.2304148148 0.6332777778 2 0.2306416667 0.6572386831 2 0.2548027778 0.6567345679 2 0.2548027778 0.6330246914 2 0 0 0 0 0 0
0 0.2459814815 0.6417283951 0.0270740741 0.0364197531 0.2346361111 0.6554938272 2 0.2347944444 0.6299074074 2 0.258387963 0.6291502058 2 0.2583722222 0.6540185185 2 0 0 0 0 0 0
0 0.2966527778 0.7886934156 0.02575 0.0302263374 0.2867768519 0.7752222222 2 0.2866277778 0.8000082305 2 0.3089574074 0.8007757202 2 0.3089574074 0.7770658436 2 0 0 0 0 0 0
0 0.3233472222 0.7886934156 0.02575 0.0302263374 0.3132083333 0.7775288066 2 0.3133203704 0.8000082305 2 0.3355888889 0.8000144033 2 0.33565 0.7770658436 2 0 0 0 0 0 0
0 0.347875 0.787026749 0.02575 0.0302263374 0.3377444444 0.7758765432 2 0.3378564815 0.7983539095 2 0.360125 0.7983621399 2 0.3601861111 0.7754115226 2 0 0 0 0 0 0
0 0.3710787037 0.7843930041 0.02575 0.0302263374 0.3609425926 0.7732304527 2 0.3610537037 0.7957098765 2 0.3833222222 0.7957160494 2 0.3833842593 0.7727674897 2 0 0 0 0 0 0
0 0.3049166667 0.7848148148 0.0256481481 0.0264197531 0.2935796296 0.7952139918 2 0.2935055556 0.774382716 2 0.3158111111 0.7740534979 2 0.3157361111 0.7950493827 2 0 0 0 0 0 0
0 0.3305648148 0.7839917695 0.0256481481 0.0264197531 0.3192314815 0.7943888889 2 0.3191564815 0.7735555556 2 0.341462037 0.7732263374 2 0.341387963 0.7942222222 2 0 0 0 0 0 0
0 0.3545833333 0.7825102881 0.0256481481 0.0264197531 0.3432472222 0.792899177 2 0.3431722222 0.7720679012 2 0.3654777778 0.7717386831 2 0.3654037037 0.7927345679 2 0 0 0 0 0 0
0 0.3779259259 0.7798559671 0.0256481481 0.0264197531 0.367187963 0.7904279835 2 0.3674111111 0.7705864198 2 0.3886759259 0.7704218107 2 0.38875 0.7900884774 2 0 0 0 0 0 0
0 0.298625 0.7594135802 0.02575 0.0302263374 0.2887518519 0.7459423868 2 0.2886027778 0.7707283951 2 0.3109324074 0.7714958848 2 0.3109324074 0.7477860082 2 0 0 0 0 0 0
0 0.3248287037 0.7582407407 0.02575 0.0302263374 0.3148953704 0.7457983539 2 0.3148055556 0.7695576132 2 0.3371351852 0.7703251029 2 0.3371351852 0.7466152263 2 0 0 0 0 0 0
0 0.3485324074 0.7561831276 0.02575 0.0302263374 0.3385972222 0.7437489712 2 0.3385064815 0.7675082305 2 0.360837037 0.7682757202 2 0.360837037 0.7445658436 2 0 0 0 0 0 0
0 0.3720972222 0.75531893 0.02575 0.0302263374 0.3621666667 0.7428703704 2 0.3620759259 0.7666296296 2 0.3844064815 0.7673971193 2 0.3844064815 0.7436872428 2 0 0 0 0 0 0
0 0.308212963 0.7543621399 0.0256481481 0.0264197531 0.2968712963 0.7647654321 2 0.2967972222 0.7439320988 2 0.3191027778 0.7436028807 2 0.3190287037 0.7645987654 2 0 0 0 0 0 0
0 0.3341481481 0.7534979424 0.0256481481 0.0264197531 0.3228111111 0.7638868313 2 0.322737037 0.7430534979 2 0.3450425926 0.7427242798 2 0.3449675926 0.7637201646 2 0 0 0 0 0 0
0 0.3583796296 0.7508641975 0.0256481481 0.0264197531 0.3470388889 0.7612510288 2 0.3469648148 0.7404197531 2 0.3692703704 0.7400884774 2 0.3691953704 0.7610864198 2 0 0 0 0 0 0
0 0.3811574074 0.7501131687 0.0256481481 0.0284567901 0.3698185185 0.7615432099 2 0.3697435185 0.7407119342 2 0.3920490741 0.7403806584 2 0.391975 0.7613786008 2 0 0 0 0 0 0
0 0.3008472222 0.7303600823 0.02575 0.0302263374 0.2909148148 0.7179115226 2 0.290825 0.7416728395 2 0.3131657407 0.7416666667 2 0.3131546296 0.7187304527 2 0 0 0 0 0 0
0 0.3255972222 0.7290226337 0.02575 0.0302263374 0.3156675926 0.7165761317 2 0.3155777778 0.7403353909 2 0.3379185185 0.7403292181 2 0.3379074074 0.7173930041 2 0 0 0 0 0 0
0 0.3498564815 0.7279115226 0.02575 0.0302263374 0.3399194444 0.7154609053 2 0.3398287037 0.7392201646 2 0.3621703704 0.7392160494 2 0.3621592593 0.7162777778 2 0 0 0 0 0 0
0 0.3736990741 0.7258950617 0.02575 0.0302263374 0.3637694444 0.7134547325 2 0.3636796296 0.7372160494 2 0.3860212963 0.7372098765 2 0.3860092593 0.7142736626 2 0 0 0 0 0 0
0 0.3096111111 0.7262962963 0.0256481481 0.0264197531 0.2982740741 0.7366872428 2 0.2982 0.7158559671 2 0.3205055556 0.7155246914 2 0.3204314815 0.7365226337 2 0 0 0 0 0 0
0 0.3340648148 0.7258436214 0.0256481481 0.0264197531 0.3227268519 0.7362407407 2 0.3226518519 0.715409465 2 0.3449574074 0.7150781893 2 0.3448833333 0.7360761317 2 0 0 0 0 0 0
0 0.3585185185 0.7251851852 0.0256481481 0.0264197531 0.3471787037 0.7355720165 2 0.3471046296 0.7147407407 2 0.3694101852 0.7144115226 2 0.3693351852 0.7354074074 2 0 0 0 0 0 0
0 0.3818611111 0.7227366255 0.0256481481 0.0264197531 0.3705277778 0.7331213992 2 0.3704537037 0.7122901235 2 0.3927592593 0.7119588477 2 0.3926851852 0.7329567901 2 0 0 0 0 0 0
0 0.3034953704 0.7005246914 0.02575 0.0302263374 0.2935592593 0.6880864198 2 0.2934694444 0.711845679 2 0.3158111111 0.7118395062 2 0.3157990741 0.6889032922 2 0 0 0 0 0 0
0 0.3271064815 0.69968107 0.02575 0.0302263374 0.3171740741 0.6872469136 2 0.3170842593 0.7110061728 2 0.3394259259 0.711 2 0.3394138889 0.688063786 2 0 0 0 0 0 0
0 0.3505324074 0.7005246914 0.02575 0.0302263374 0.3406 0.6880864198 2 0.3405101852 0.711845679 2 0.3628509259 0.7118395062 2 0.3628398148 0.6889032922 2 0 0 0 0 0 0
0 0.374337963 0.6994753086 0.02575 0.0302263374 0.3644037037 0.6870288066 2 0.364312963 0.7107880658 2 0.3866546296 0.710781893 2 0.3866435185 0.687845679 2 0 0 0 0 0 0
0 0.3102037037 0.6966460905 0.0256481481 0.0264197531 0.2988694444 0.7070473251 2 0.2987953704 0.6862139918 2 0.3211009259 0.6858847737 2 0.3210268519 0.7068806584 2 0 0 0 0 0 0
0 0.3340092593 0.6953292181 0.0256481481 0.0264197531 0.3226731481 0.7057222222 2 0.3225981481 0.6848909465 2 0.3449046296 0.6845617284 2 0.3448296296 0.7055576132 2 0 0 0 0 0 0
0 0.3585277778 0.6955967078 0.0256481481 0.0264197531 0.3471907407 0.7059876543 2 0.3471157407 0.6851563786 2 0.3687148148 0.6848148148 2 0.3688342593 0.7049279835 2 0 0 0 0 0 0
0 0.3825648148 0.6953292181 0.0256481481 0.0264197531 0.3712314815 0.7057222222 2 0.3711574074 0.6848909465 2 0.3927564815 0.6845493827 2 0.392875 0.7046625514 2 0 0 0 0 0 0
0 0.3059953704 0.6719444444 0.02575 0.0302263374 0.2960592593 0.6595041152 2 0.2959685185 0.6832633745 2 0.3183101852 0.6832592593 2 0.3182990741 0.6603209877 2 0 0 0 0 0 0
0 0.3294398148 0.6719444444 0.02575 0.0302263374 0.3195055556 0.6595041152 2 0.3194148148 0.6832633745 2 0.3417564815 0.6832592593 2 0.3417453704 0.6603209877 2 0 0 0 0 0 0
0 0.3534768519 0.6708950617 0.02575 0.0302263374 0.3435472222 0.6584465021 2 0.3434564815 0.6822057613 2 0.3657981481 0.6821995885 2 0.365787037 0.6592633745 2 0 0 0 0 0 0
0 0.3754953704 0.6703600823 0.02575 0.0302263374 0.3665722222 0.6576748971 2 0.3664537037 0.6809650206 2 0.3878157407 0.6816707819 2 0.3878046296 0.6587345679 2 0 0 0 0 0 0
0 0.3127037037 0.6675308642 0.0256481481 0.0264197531 0.3013685185 0.6779341564 2 0.3012944444 0.6571028807 2 0.3236 0.6567716049 2 0.3235259259 0.6777695473 2 0 0 0 0 0 0
0 0.336037037 0.6691358025 0.0256481481 0.0264197531 0.3246962963 0.6795226337 2 0.3246222222 0.658691358 2 0.3469277778 0.6583600823 2 0.3468527778 0.6793580247 2 0 0 0 0 0 0
0 0.359 0.6677983539 0.0256481481 0.0264197531 0.3476666667 0.6781995885 2 0.3475916667 0.6573683128 2 0.3698981481 0.657037037 2 0.3698231481 0.6780349794 2 0 0 0 0 0 0
0 0.3820324074 0.6688683128 0.0245833333 0.0264197531 0.3712314815 0.6792592593 2 0.3711574074 0.6584259259 2 0.3919824074 0.6583230453 2 0.3918638889 0.6797592593 2 0 0 0 0 0 0
0 0.3075416667 0.6449485597 0.02575 0.0302263374 0.2976064815 0.6325102881 2 0.2975157407 0.6562695473 2 0.3198574074 0.6562633745 2 0.3198462963 0.6333271605 2 0 0 0 0 0 0
0 0.3312268519 0.6441666667 0.02575 0.0302263374 0.3212907407 0.6317160494 2 0.3212 0.6554753086 2 0.3435416667 0.6554691358 2 0.3435305556 0.6325329218 2 0 0 0 0 0 0
0 0.3605462963 0.6402880658 0.0256481481 0.0264197531 0.3492138889 0.6506748971 2 0.3491388889 0.6298436214 2 0.3714453704 0.6295123457 2 0.3713703704 0.6505102881 2 0 0 0 0 0 0
0 0.3768101852 0.6436316872 0.02575 0.0302263374 0.3668740741 0.6311872428 2 0.3667842593 0.6549465021 2 0.389125 0.6549403292 2 0.3891138889 0.6320041152 2 0 0 0 0 0 0
0 0.3541898148 0.6430967078 0.02575 0.0302263374 0.3442611111 0.6306584362 2 0.3441703704 0.6544176955 2 0.366512037 0.6544115226 2 0.3665009259 0.6314753086 2 0 0 0 0 0 0
0 0.3372222222 0.6410699588 0.0256481481 0.0264197531 0.3258861111 0.6514691358 2 0.325812037 0.6306378601 2 0.3481175926 0.6303065844 2 0.3480435185 0.6513045267 2 0 0 0 0 0 0
0 0.3133055556 0.6410699588 0.0256481481 0.0264197531 0.3019638889 0.6514691358 2 0.3018898148 0.6306378601 2 0.3241953704 0.6303065844 2 0.3241212963 0.6513045267 2 0 0 0 0 0 0
0 0.382212963 0.6400205761 0.0256481481 0.0264197531 0.370875 0.6504115226 2 0.3708 0.6295802469 2 0.3931064815 0.6292489712 2 0.3930314815 0.650244856 2 0 0 0 0 0 0
0 0.4111805556 0.778590535 0.02575 0.0302263374 0.40105 0.7674238683 2 0.401162037 0.7899012346 2 0.4224185185 0.7900946502 2 0.42235 0.7668765432 2 0 0 0 0 0 0
0 0.4339768519 0.777808642 0.02575 0.0302263374 0.4238398148 0.7666419753 2 0.4238537037 0.7902366255 2 0.4434231481 0.7899526749 2 0.4434231481 0.76518107 2 0 0 0 0 0 0
0 0.4077037037 0.7744444444 0.0256481481 0.0264197531 0.3969601852 0.7850061728 2 0.3971833333 0.7651666667 2 0.4175046296 0.7650740741 2 0.4173564815 0.7844753086 2 0 0 0 0 0 0
0 0.4305740741 0.7720987654 0.0233703704 0.0264197531 0.4200925926 0.7835020576 1 0.4200305556 0.7620884774 2 0.440512037 0.761590535 2 0.4407 0.7827139918 2 0 0 0 0 0 0
0 0.452462963 0.773744856 0.0256481481 0.0264197531 0.441725 0.7843065844 2 0.4419481481 0.7644670782 2 0.4622694444 0.7643744856 2 0.4621212963 0.7837736626 2 0 0 0 0 0 0
0 0.4745740741 0.7724897119 0.0256481481 0.0264197531 0.4638287037 0.7830514403 2 0.4640509259 0.7632119342 2 0.4843722222 0.7631193416 2 0.484225 0.7825185185 2 0 0 0 0 0 0
0 0.4562638889 0.7776028807 0.02575 0.0302263374 0.4461314815 0.7664341564 2 0.4461453704 0.7900288066 2 0.4657138889 0.789744856 2 0.4657138889 0.764973251 2 0 0 0 0 0 0
0 0.4794953704 0.7780144033 0.02575 0.0302263374 0.469362963 0.7668518519 2 0.4693777778 0.7904465021 2 0.4889462963 0.7901625514 2 0.4889462963 0.7653909465 2 0 0 0 0 0 0
0 0.4069259259 0.7450411523 0.0256481481 0.0264197531 0.3961824074 0.755617284 2 0.3964055556 0.7357757202 2 0.4167268519 0.7356851852 2 0.4165796296 0.7550843621 2 0 0 0 0 0 0
0 0.4101527778 0.7503395062 0.02575 0.0302263374 0.4000138889 0.7391851852 2 0.400125 0.7616646091 2 0.4207888889 0.7608333333 2 0.4207027778 0.7385493827 2 0 0 0 0 0 0
0 0.4292962963 0.7461934156 0.0256481481 0.0264197531 0.4185574074 0.7567695473 2 0.4187805556 0.7369300412 2 0.4391009259 0.7368374486 2 0.4389537037 0.7562366255 2 0 0 0 0 0 0
0 0.4326990741 0.7497633745 0.02575 0.0302263374 0.4225601852 0.7386090535 2 0.4226722222 0.7610884774 2 0.4433361111 0.7602572016 2 0.44325 0.737973251 2 0 0 0 0 0 0
0 0.4515 0.7458230453 0.0256481481 0.0264197531 0.4407583333 0.7563847737 2 0.4409814815 0.7365452675 2 0.4613027778 0.7364526749 2 0.4611546296 0.7558518519 2 0 0 0 0 0 0
0 0.4548101852 0.7490020576 0.02575 0.0302263374 0.4446759259 0.7378415638 2 0.444787037 0.76031893 2 0.4654509259 0.7594876543 2 0.4653648148 0.7372057613 2 0 0 0 0 0 0
0 0.4737037037 0.7452469136 0.0256481481 0.0264197531 0.4629601852 0.755808642 2 0.4631833333 0.7359691358 2 0.4835037037 0.7358765432 2 0.4833564815 0.7552757202 2 0 0 0 0 0 0
0 0.4763194444 0.7493930041 0.02575 0.0302263374 0.4661861111 0.7382263374 2 0.4662972222 0.7607037037 2 0.4869611111 0.759872428 2 0.486875 0.7375884774 2 0 0 0 0 0 0
0 0.410412037 0.7225 0.02575 0.0302263374 0.4002731481 0.7113333333 2 0.4003842593 0.7338106996 2 0.4210481481 0.7329794239 2 0.420962037 0.7106975309 2 0 0 0 0 0 0
0 0.433125 0.7230761317 0.02575 0.0302263374 0.4229925926 0.711909465 2 0.4231037037 0.7343868313 2 0.4437675926 0.7335555556 2 0.4436814815 0.7112736626 2 0 0 0 0 0 0
0 0.4550694444 0.7238374486 0.02575 0.0302263374 0.4449342593 0.7126769547 2 0.4450462963 0.7351563786 2 0.4657101852 0.7343230453 2 0.4656240741 0.7120411523 2 0 0 0 0 0 0
0 0.4764027778 0.7230761317 0.02575 0.0302263374 0.4662722222 0.711909465 2 0.4663833333 0.7343868313 2 0.4870472222 0.7335555556 2 0.4869611111 0.7112736626 2 0 0 0 0 0 0
0 0.4073611111 0.7166255144 0.0256481481 0.0264197531 0.3966148148 0.7271872428 2 0.396837963 0.7073477366 2 0.4171592593 0.707255144 2 0.4170111111 0.726654321 2 0 0 0 0 0 0
0 0.4293888889 0.7175720165 0.0256481481 0.0264197531 0.4186435185 0.7281481481 2 0.4188666667 0.708308642 2 0.439187963 0.7082160494 2 0.4390398148 0.7276152263 2 0 0 0 0 0 0
0 0.4522777778 0.717962963 0.0256481481 0.0264197531 0.4415361111 0.7285308642 2 0.4417592593 0.708691358 2 0.4620796296 0.708600823 2 0.4619324074 0.728 2 0 0 0 0 0 0
0 0.4738703704 0.7187242798 0.0256481481 0.0264197531 0.4631324074 0.7293004115 2 0.4633555556 0.7094609053 2 0.4836768519 0.7093683128 2 0.4835287037 0.7287674897 2 0 0 0 0 0 0
0 0.4085277778 0.6891769547 0.0256481481 0.0264197531 0.397787963 0.6997345679 2 0.3980111111 0.6798950617 2 0.4183314815 0.6798024691 2 0.4181842593 0.6992016461 2 0 0 0 0 0 0
0 0.4115787037 0.6935288066 0.02575 0.0302263374 0.4014453704 0.6823703704 2 0.4015574074 0.7048497942 2 0.4222212963 0.7040164609 2 0.4221351852 0.6817345679 2 0 0 0 0 0 0
0 0.4347916667 0.6932613169 0.02575 0.0302263374 0.4246555556 0.6820967078 2 0.4247666667 0.7045740741 2 0.4454305556 0.7037427984 2 0.4453444444 0.6814609053 2 0 0 0 0 0 0
0 0.4562083333 0.6944958848 0.02575 0.0302263374 0.446075 0.6833312757 2 0.446187037 0.7058106996 2 0.4668509259 0.7049773663 2 0.4667648148 0.6826954733 2 0 0 0 0 0 0
0 0.4783101852 0.6958744856 0.02575 0.0302263374 0.4681740741 0.6847037037 2 0.4682851852 0.7071831276 2 0.48895 0.7063497942 2 0.488862963 0.6840679012 2 0 0 0 0 0 0
0 0.4310648148 0.6897119342 0.0256481481 0.0264197531 0.4203185185 0.7002839506 2 0.4205416667 0.6804444444 2 0.440862963 0.6803518519 2 0.4407148148 0.6997510288 2 0 0 0 0 0 0
0 0.4529722222 0.6898559671 0.0256481481 0.0264197531 0.4422324074 0.7004197531 2 0.4424555556 0.6805802469 2 0.4627759259 0.6804897119 2 0.4626287037 0.6998888889 2 0 0 0 0 0 0
0 0.4753796296 0.6891769547 0.0256481481 0.0264197531 0.4646398148 0.6997345679 2 0.464862963 0.6798950617 2 0.4851842593 0.6798024691 2 0.4850361111 0.6992016461 2 0 0 0 0 0 0
0 0.410787037 0.6617901235 0.0256481481 0.0264197531 0.4000416667 0.6723580247 2 0.4002648148 0.6525185185 2 0.4205861111 0.6524259259 2 0.420437963 0.6718251029 2 0 0 0 0 0 0
0 0.4335 0.6606378601 0.0256481481 0.0264197531 0.4227583333 0.6712016461 2 0.4229814815 0.6513621399 2 0.4433027778 0.6512695473 2 0.4431546296 0.6706687243 2 0 0 0 0 0 0
0 0.4553518519 0.66218107 0.0256481481 0.0264197531 0.4446074074 0.6727427984 2 0.4448305556 0.6529032922 2 0.4651518519 0.6528106996 2 0.4650037037 0.6722119342 2 0 0 0 0 0 0
0 0.4772314815 0.6616872428 0.0256481481 0.0264197531 0.4664861111 0.6722613169 2 0.4667092593 0.6524218107 2 0.4870305556 0.6523292181 2 0.4868824074 0.6717283951 2 0 0 0 0 0 0
0 0.479412037 0.6672530864 0.02575 0.0302263374 0.4692787037 0.6560864198 2 0.4693907407 0.678563786 2 0.4900546296 0.6777325103 2 0.4899675926 0.6554485597 2 0 0 0 0 0 0
0 0.4576435185 0.6657921811 0.02575 0.0302263374 0.4475092593 0.6546399177 2 0.4476203704 0.6771193416 2 0.4682842593 0.6762860082 2 0.4681981481 0.6540041152 2 0 0 0 0 0 0
0 0.4354398148 0.6657921811 0.02575 0.0302263374 0.4253055556 0.6546399177 2 0.4254166667 0.6771193416 2 0.4460805556 0.6762860082 2 0.4459944444 0.6540041152 2 0 0 0 0 0 0
0 0.4136712963 0.6665329218 0.02575 0.0302263374 0.4035351852 0.6553621399 2 0.4036472222 0.6778415638 2 0.4243111111 0.6770082305 2 0.4242240741 0.6547263374 2 0 0 0 0 0 0
0 0.4121944444 0.6340946502 0.0256481481 0.0264197531 0.40145 0.6446604938 2 0.4016731481 0.6248209877 2 0.4219944444 0.6247283951 2 0.4218462963 0.6441296296 2 0 0 0 0 0 0
0 0.4150787037 0.6383436214 0.02575 0.0302263374 0.4049435185 0.6271851852 2 0.4050546296 0.6496625514 2 0.4257185185 0.6488312757 2 0.4256324074 0.6265473251 2 0 0 0 0 0 0
0 0.433962963 0.6333744856 0.0256481481 0.0264197531 0.4232203704 0.6439382716 2 0.4234435185 0.6240987654 2 0.4437648148 0.6240061728 2 0.4436166667 0.6434053498 2 0 0 0 0 0 0
0 0.4376064815 0.6380967078 0.02575 0.0302263374 0.4274722222 0.6269444444 2 0.4275833333 0.6494218107 2 0.4482472222 0.648590535 2 0.4481611111 0.6263065844 2 0 0 0 0 0 0
0 0.4563796296 0.6348148148 0.0256481481 0.0264197531 0.4456398148 0.645382716 2 0.445862963 0.6255432099 2 0.4661842593 0.6254526749 2 0.466037037 0.6448518519 2 0 0 0 0 0 0
0 0.4599212963 0.6388168724 0.02575 0.0302263374 0.4497833333 0.6276666667 2 0.4498953704 0.6501440329 2 0.4705592593 0.6493127572 2 0.4704722222 0.6270288066 2 0 0 0 0 0 0
0 0.4782592593 0.6343415638 0.0256481481 0.0264197531 0.4675185185 0.6449012346 2 0.4677416667 0.6250617284 2 0.488062963 0.6249711934 2 0.4879148148 0.6443703704 2 0 0 0 0 0 0
0 0.4807175926 0.6397839506 0.02575 0.0302263374 0.4705787037 0.6286296296 2 0.4706907407 0.6511069959 2 0.4913546296 0.6502757202 2 0.4912675926 0.6279938272 2 0 0 0 0 0 0
0 0.5054814815 0.6444547325 0.0228148148 0.0261522634 0.4961537037 0.654882716 2 0.4963768519 0.6350432099 2 0.5154324074 0.6352098765 2 0.5153703704 0.6548374486 2 0 0 0 0 0 0
0 0.5254814815 0.643899177 0.0228148148 0.0261522634 0.5161537037 0.6543353909 2 0.5163768519 0.6344938272 2 0.5354324074 0.6346604938 2 0.5353703704 0.6542880658 2 0 0 0 0 0 0
0 0.545787037 0.6432201646 0.0228148148 0.0261522634 0.536462037 0.6536481481 2 0.5366851852 0.633808642 2 0.5557407407 0.633973251 2 0.5556787037 0.6536028807 2 0 0 0 0 0 0
0 0.565537037 0.6423971193 0.0228148148 0.0261522634 0.5562148148 0.6528251029 2 0.556437963 0.6329855967 2 0.5754935185 0.6331502058 2 0.5754324074 0.6527798354 2 0 0 0 0 0 0
0 0.5078888889 0.6485699588 0.0228148148 0.0261522634 0.4985611111 0.6381378601 2 0.4987842593 0.6579773663 2 0.5178398148 0.6578127572 2 0.5177777778 0.6381851852 2 0 0 0 0 0 0
0 0.5078888889 0.6702572016 0.0228148148 0.0261522634 0.4985611111 0.6806893004 2 0.4987842593 0.6608497942 2 0.5178398148 0.6610144033 2 0.5177777778 0.6806440329 2 0 0 0 0 0 0
0 0.5288703704 0.6699897119 0.0228148148 0.0261522634 0.5195481481 0.6804135802 2 0.5197712963 0.6605740741 2 0.5388268519 0.6607407407 2 0.5387657407 0.6803683128 2 0 0 0 0 0 0
0 0.5285648148 0.6484465021 0.0228148148 0.0261522634 0.5192398148 0.6380020576 2 0.519462963 0.6578415638 2 0.5385185185 0.6576748971 2 0.5384564815 0.6380473251 2 0 0 0 0 0 0
0 0.5494259259 0.6473353909 0.0228148148 0.0261522634 0.5401037037 0.6369032922 2 0.5403268519 0.6567427984 2 0.5593824074 0.6565761317 2 0.5593212963 0.6369485597 2 0 0 0 0 0 0
0 0.5693703704 0.6469238683 0.0228148148 0.0261522634 0.5600425926 0.6364917695 2 0.5602657407 0.6563312757 2 0.5777157407 0.6564115226 2 0.577962963 0.6359609053 2 0 0 0 0 0 0
0 0.5490740741 0.6695987654 0.0228148148 0.0261522634 0.5397453704 0.6800185185 2 0.5399685185 0.6601790123 2 0.5590240741 0.6603436214 2 0.558962963 0.679973251 2 0 0 0 0 0 0
0 0.5678425926 0.6676234568 0.0228148148 0.0261522634 0.5600046296 0.6769526749 2 0.5599157407 0.6589485597 2 0.5777981481 0.6583662551 2 0.5777361111 0.6779938272 2 0 0 0 0 0 0
0 0.5108148148 0.675627572 0.0228148148 0.0261522634 0.5014888889 0.6651954733 2 0.501712037 0.6850349794 2 0.5207675926 0.6848683128 2 0.5207055556 0.6652407407 2 0 0 0 0 0 0
0 0.5312777778 0.6750308642 0.0228148148 0.0261522634 0.5219537037 0.664600823 2 0.5221759259 0.6844423868 2 0.5412314815 0.6842757202 2 0.5411703704 0.6646481481 2 0 0 0 0 0 0
0 0.5514537037 0.6741255144 0.0228148148 0.0261522634 0.5421305556 0.663691358 2 0.5423537037 0.6835308642 2 0.5614092593 0.6833641975 2 0.5613481481 0.6637366255 2 0 0 0 0 0 0
0 0.5719444444 0.6716152263 0.0228148148 0.0261522634 0.5626157407 0.6611851852 2 0.5628388889 0.6810246914 2 0.5818944444 0.6808580247 2 0.5818324074 0.6612304527 2 0 0 0 0 0 0
0 0.5112685185 0.6971296296 0.0228148148 0.0261522634 0.5019407407 0.707563786 2 0.5021638889 0.6877242798 2 0.5212194444 0.6878888889 2 0.5211574074 0.7075185185 2 0 0 0 0 0 0
0 0.5315462963 0.6955452675 0.0228148148 0.0261522634 0.5222212963 0.7059691358 2 0.5224444444 0.6861296296 2 0.5415 0.6862942387 2 0.541437963 0.7059238683 2 0 0 0 0 0 0
0 0.5514722222 0.6955452675 0.0215 0.0261522634 0.5428083333 0.7059691358 2 0.5430314815 0.6861296296 2 0.5608185185 0.6861872428 2 0.5608185185 0.7049218107 2 0 0 0 0 0 0
0 0.5148055556 0.7009156379 0.0228148148 0.0261522634 0.5054833333 0.6904753086 2 0.5057064815 0.7103148148 2 0.524762037 0.7101502058 2 0.5247009259 0.6905205761 2 0 0 0 0 0 0
0 0.5346759259 0.6993106996 0.0228148148 0.0261522634 0.5253537037 0.6888806584 2 0.5255768519 0.7087222222 2 0.5446324074 0.7085555556 2 0.5445712963 0.6889279835 2 0 0 0 0 0 0
0 0.5555740741 0.6990843621 0.0228148148 0.0261522634 0.5462490741 0.688654321 2 0.5464712963 0.7084938272 2 0.5655268519 0.7083271605 2 0.5654657407 0.6886995885 2 0 0 0 0 0 0
0 0.5762685185 0.6970473251 0.0228148148 0.0261522634 0.5669388889 0.6866049383 2 0.5671611111 0.7064444444 2 0.5862175926 0.7062777778 2 0.5861555556 0.6866502058 2 0 0 0 0 0 0
0 0.5135740741 0.7223148148 0.0228148148 0.0261522634 0.5042481481 0.7327469136 2 0.5044712963 0.7129074074 2 0.5235268519 0.7130720165 2 0.5234648148 0.7327016461 2 0 0 0 0 0 0
0 0.5342314815 0.7199897119 0.0228148148 0.0261522634 0.5249055556 0.7304156379 2 0.5251287037 0.7105740741 2 0.5441842593 0.7107407407 2 0.5441231481 0.7303683128 2 0 0 0 0 0 0
0 0.5552037037 0.7192901235 0.0228148148 0.0261522634 0.5458787037 0.7297160494 2 0.5461018519 0.7098765432 2 0.5651574074 0.7100411523 2 0.5650953704 0.7296707819 2 0 0 0 0 0 0
0 0.5760740741 0.7197633745 0.0228148148 0.0261522634 0.5667462963 0.73018107 2 0.5669694444 0.7103415638 2 0.586025 0.7105082305 2 0.585962963 0.7301358025 2 0 0 0 0 0 0
0 0.5178333333 0.726409465 0.0228148148 0.0261522634 0.5085037037 0.7159814815 2 0.5087268519 0.7358209877 2 0.5277824074 0.735654321 2 0.5277212963 0.716026749 2 0 0 0 0 0 0
0 0.5390277778 0.7250102881 0.0228148148 0.0261522634 0.5296990741 0.7145679012 2 0.5299222222 0.7344074074 2 0.5489777778 0.7342407407 2 0.5489157407 0.7146131687 2 0 0 0 0 0 0
0 0.5598981481 0.724063786 0.0228148148 0.0261522634 0.5505759259 0.7136255144 2 0.5507990741 0.7334650206 2 0.5698546296 0.7332983539 2 0.5697925926 0.7136707819 2 0 0 0 0 0 0
0 0.5798240741 0.7233641975 0.0228148148 0.0261522634 0.5704990741 0.7129176955 2 0.5707222222 0.7327572016 2 0.5897777778 0.732590535 2 0.5897157407 0.712962963 2 0 0 0 0 0 0
0 0.5174907407 0.7468209877 0.0228148148 0.0261522634 0.5081685185 0.7572530864 2 0.5083916667 0.7374135802 2 0.5274472222 0.7375802469 2 0.5273861111 0.7572078189 2 0 0 0 0 0 0
0 0.5378425926 0.7456481481 0.0228148148 0.0261522634 0.5285157407 0.7560761317 2 0.5287388889 0.7362366255 2 0.5477944444 0.7364012346 2 0.5477333333 0.7560308642 2 0 0 0 0 0 0
0 0.5597777778 0.7440020576 0.0228148148 0.0261522634 0.5504527778 0.7544259259 2 0.5506759259 0.7345864198 2 0.5697314815 0.7347530864 2 0.5696694444 0.7543806584 2 0 0 0 0 0 0
0 0.5818240741 0.7435288066 0.0228148148 0.0261522634 0.5724953704 0.7539547325 2 0.5727185185 0.7341152263 2 0.5917740741 0.734281893 2 0.591712037 0.753909465 2 0 0 0 0 0 0
0 0.58375 0.7478703704 0.0228148148 0.0261522634 0.5744203704 0.7374259259 2 0.5746435185 0.7572654321 2 0.5936990741 0.7570987654 2 0.593637037 0.7374711934 2 0 0 0 0 0 0
0 0.5635092593 0.7473971193 0.0228148148 0.0261522634 0.5541796296 0.7369526749 2 0.5544018519 0.7567942387 2 0.5734574074 0.756627572 2 0.5733962963 0.737 2 0 0 0 0 0 0
0 0.5429444444 0.7495164609 0.0228148148 0.0261522634 0.5336203704 0.7390740741 2 0.5338435185 0.7589135802 2 0.5528990741 0.7587489712 2 0.552837037 0.7391193416 2 0 0 0 0 0 0
0 0.5209074074 0.7513888889 0.0228148148 0.0261522634 0.5115777778 0.7409588477 2 0.5118 0.7607983539 2 0.5308555556 0.7606337449 2 0.5307944444 0.7410041152 2 0 0 0 0 0 0
0 0.5413425926 0.7736934156 0.0228148148 0.0261522634 0.532012963 0.784117284 1 0.5322361111 0.7642777778 1 0.5512916667 0.7644444444 1 0.5512296296 0.7840720165 1 0 0 0 0 0 0
0 0.5208888889 0.7734465021 0.0228148148 0.0261522634 0.5115601852 0.783882716 1 0.5117833333 0.7640432099 2 0.5308388889 0.7642078189 2 0.5307768519 0.7838374486 1 0 0 0 0 0 0
0 0.5611064815 0.7713271605 0.0214351852 0.0261522634 0.5524657407 0.7817613169 1 0.5526888889 0.7619218107 2 0.5704611111 0.7615432099 2 0.5704611111 0.7815720165 1 0 0 0 0 0 0
0 0.5801296296 0.7687345679 0.0228148148 0.0261522634 0.5718388889 0.7792160494 1 0.5716268519 0.7598930041 2 0.5900787037 0.7594958848 2 0.5900166667 0.7791234568 2 0 0 0 0 0 0
0 0.5237685185 0.7777880658 0.0228148148 0.0261522634 0.5144388889 0.7673518519 2 0.514662037 0.787191358 1 0.5337175926 0.787026749 1 0.5336555556 0.7673971193 1 0 0 0 0 0 0
0 0.544537037 0.7777880658 0.0228148148 0.0261522634 0.5352092593 0.7673518519 1 0.5354324074 0.787191358 1 0.554487963 0.787026749 1 0.5544268519 0.7673971193 1 0 0 0 0 0 0
0 0.5653055556 0.7751954733 0.0228148148 0.0261522634 0.5559805556 0.7647592593 2 0.5562037037 0.7845987654 1 0.5734287037 0.785218107 1 0.5733231481 0.764244856 2 0 0 0 0 0 0
0 0.5848055556 0.7726028807 0.0228148148 0.0261522634 0.5754796296 0.7621687243 2 0.5757027778 0.7820082305 1 0.593987963 0.7823909465 2 0.5940935185 0.7621234568 2 0 0 0 0 0 0
0 0.6130462963 0.776882716 0.0228148148 0.0261522634 0.603725 0.7664403292 2 0.6039481481 0.7862798354 2 0.6222324074 0.7866625514 2 0.6223388889 0.7663971193 2 0 0 0 0 0 0
0 0.6116018519 0.6742283951 0.0228148148 0.0261522634 0.6022777778 0.6637942387 2 0.6025009259 0.6836337449 2 0.6207861111 0.6840164609 2 0.6208916667 0.6637489712 2 0 0 0 0 0 0
0 0.6123240741 0.7255658436 0.0228148148 0.0261522634 0.6029962963 0.7151378601 2 0.6032194444 0.7349773663 2 0.6215046296 0.7353600823 2 0.6216101852 0.7150946502 2 0 0 0 0 0 0
0 0.6487407407 0.7768415638 0.0228148148 0.0261522634 0.6394185185 0.766409465 2 0.6396416667 0.7862489712 2 0.6572212963 0.7859485597 2 0.6571333333 0.76631893 2 0 0 0 0 0 0
0 0.6084814815 0.6976028807 0.0228148148 0.0261522634 0.5991583333 0.708037037 2 0.5993814815 0.6881975309 2 0.618437037 0.6883641975 2 0.618375 0.7079917695 2 0 0 0 0 0 0
0 0.6294259259 0.7221707819 0.0206481481 0.0261522634 0.6196916667 0.7329609053 2 0.6197527778 0.7127839506 2 0.6383018519 0.7129300412 2 0.6382398148 0.7325596708 2 0 0 0 0 0 0
0 0.6676481481 0.7208127572 0.0228148148 0.0261522634 0.6591046296 0.7313045267 2 0.6592287037 0.7112654321 2 0.6776 0.711563786 2 0.677537963 0.731191358 2 0 0 0 0 0 0
0 0.6478611111 0.7205658436 0.0228148148 0.0261522634 0.6401546296 0.7308847737 2 0.6400305556 0.7116687243 2 0.6571787037 0.711744856 2 0.6570907407 0.7305967078 2 0 0 0 0 0 0
0 0.6538148148 0.7499897119 0.0228148148 0.0261522634 0.6444907407 0.7395514403 2 0.6447138889 0.7593909465 2 0.6629990741 0.7597736626 2 0.6631046296 0.7395082305 2 0 0 0 0 0 0
0 0.6092037037 0.7468209877 0.0228148148 0.0261522634 0.599875 0.7572407407 2 0.6000981481 0.7374012346 2 0.6191537037 0.7375679012 2 0.6190916667 0.7571954733 2 0 0 0 0 0 0
0 0.6732685185 0.7491666667 0.0228148148 0.0261522634 0.6639388889 0.7387283951 2 0.6641611111 0.7585679012 2 0.6825138889 0.7588539095 2 0.6824268519 0.7389197531 2 0 0 0 0 0 0
0 0.6524907407 0.725462963 0.0228148148 0.0261522634 0.6431685185 0.7150185185 2 0.6433916667 0.7348580247 2 0.6617444444 0.7351419753 2 0.6616574074 0.7152098765 2 0 0 0 0 0 0
0 0.6089074074 0.7225823045 0.0228148148 0.0261522634 0.5995851852 0.7330020576 2 0.5998083333 0.7131625514 2 0.6188638889 0.7133271605 2 0.6188027778 0.7329567901 2 0 0 0 0 0 0
0 0.6687314815 0.7472839506 0.0207777778 0.0247736626 0.6600611111 0.7568024691 2 0.6598759259 0.7377242798 2 0.6776537037 0.7379979424 2 0.6778388889 0.7573518519 2 0 0 0 0 0 0
0 0.6130277778 0.7507510288 0.0228148148 0.0261522634 0.6037046296 0.740308642 2 0.6039268519 0.7601481481 2 0.6222796296 0.7604320988 2 0.6221925926 0.7405 2 0 0 0 0 0 0
0 0.6707175926 0.771718107 0.0210833333 0.0261522634 0.6622555556 0.7821358025 2 0.6624787037 0.7622962963 2 0.6794296296 0.7627345679 2 0.6795166667 0.781973251 2 0 0 0 0 0 0
0 0.6320277778 0.7258950617 0.0228148148 0.0261522634 0.6227064815 0.715462963 2 0.6229296296 0.7353045267 2 0.6412824074 0.7355884774 2 0.6411953704 0.715654321 2 0 0 0 0 0 0
0 0.6490555556 0.7471296296 0.0228148148 0.0261522634 0.6397324074 0.7575514403 2 0.6399555556 0.7377119342 2 0.6575055556 0.7372078189 2 0.6575055556 0.7575555556 2 0 0 0 0 0 0
0 0.6722314815 0.7250308642 0.0207777778 0.0261522634 0.6635185185 0.7142839506 2 0.6635185185 0.7343251029 2 0.6812009259 0.7347263374 2 0.6811138889 0.7147921811 2 0 0 0 0 0 0
0 0.6514537037 0.7707510288 0.0228148148 0.0261522634 0.6421287037 0.7811666667 2 0.6423518519 0.7613271605 2 0.661012963 0.7614053498 2 0.6609111111 0.781617284 2 0 0 0 0 0 0
0 0.5718981481 0.6939403292 0.0228148148 0.0261522634 0.5625759259 0.7043744856 2 0.5627990741 0.6845349794 2 0.5818546296 0.6847016461 2 0.5817935185 0.7043292181 2 0 0 0 0 0 0
0 0.6689444444 0.7764300412 0.0228148148 0.0261522634 0.6596212963 0.7659876543 2 0.6598444444 0.7858271605 2 0.6781972222 0.7861111111 2 0.6781101852 0.7661790123 2 0 0 0 0 0 0
0 0.6083981481 0.7723353909 0.0228148148 0.0261522634 0.5990768519 0.7827572016 2 0.5993 0.7629176955 2 0.6183555556 0.7630823045 2 0.6182944444 0.7827119342 2 0 0 0 0 0 0
0 0.6329444444 0.7502572016 0.0228148148 0.0261522634 0.6236231481 0.7398209877 2 0.6238462963 0.7596604938 2 0.6421981481 0.7599444444 2 0.642112037 0.7400102881 2 0 0 0 0 0 0
0 0.630412037 0.7719855967 0.0264907407 0.0261522634 0.6192527778 0.7824032922 2 0.6194759259 0.762563786 2 0.6407907407 0.7632222222 2 0.6409944444 0.7827530864 2 0 0 0 0 0 0
0 0.6290138889 0.776882716 0.02125 0.0261522634 0.6205638889 0.7665349794 2 0.6204388889 0.7861028807 2 0.6382361111 0.7865658436 2 0.6381490741 0.7666337449 2 0 0 0 0 0 0
0 0.6511481481 0.6988786008 0.0228148148 0.0261522634 0.6418231481 0.6884320988 2 0.6420462963 0.7082716049 2 0.6603990741 0.7085555556 2 0.660312037 0.6886234568 2 0 0 0 0 0 0
0 0.608462963 0.6705864198 0.0228148148 0.0261522634 0.5991351852 0.6810061728 2 0.5993583333 0.6611666667 2 0.618412963 0.6613333333 2 0.6183518519 0.6809609053 2 0 0 0 0 0 0
0 0.6480462963 0.6962242798 0.0228148148 0.0261522634 0.6387203704 0.7066522634 2 0.6389435185 0.6868127572 2 0.6579990741 0.6869794239 2 0.657937037 0.7066069959 2 0 0 0 0 0 0
0 0.6703240741 0.6984259259 0.0228148148 0.0261522634 0.6609962963 0.6879835391 2 0.6612194444 0.7078230453 2 0.6795722222 0.7081069959 2 0.6794842593 0.6881748971 2 0 0 0 0 0 0
0 0.6316296296 0.6734465021 0.0228148148 0.0261522634 0.6223064815 0.6630102881 2 0.6225296296 0.6828497942 2 0.6408824074 0.6831337449 2 0.6407944444 0.6632016461 2 0 0 0 0 0 0
0 0.6685462963 0.6960596708 0.0228148148 0.0261522634 0.6592212963 0.7064794239 2 0.6594444444 0.6866399177 2 0.6785 0.6868045267 2 0.678437963 0.7064341564 2 0 0 0 0 0 0
0 0.6111851852 0.7015534979 0.0228148148 0.0261522634 0.6018638889 0.6911213992 2 0.602087037 0.7109609053 2 0.6204398148 0.711244856 2 0.6203527778 0.6913106996 2 0 0 0 0 0 0
0 0.6311203704 0.6999485597 0.0228148148 0.0261522634 0.6217916667 0.6895041152 2 0.6220148148 0.7093436214 2 0.6403675926 0.709627572 2 0.6402805556 0.6896954733 2 0 0 0 0 0 0
0 0.628212963 0.6700720165 0.0228148148 0.0261522634 0.6188842593 0.6804917695 2 0.6191074074 0.6606522634 2 0.638162963 0.6608168724 2 0.6381009259 0.6804465021 2 0 0 0 0 0 0
0 0.6296296296 0.7461419753 0.0228148148 0.0261522634 0.6203018519 0.7565596708 2 0.620525 0.7367201646 2 0.6379435185 0.7367263374 2 0.6380157407 0.7561131687 2 0 0 0 0 0 0
0 0.6498796296 0.6737139918 0.0204074074 0.0261522634 0.6417601852 0.6632798354 2 0.6419824074 0.6831193416 2 0.6591666667 0.6835843621 2 0.6591055556 0.6632695473 2 0 0 0 0 0 0
0 0.6690648148 0.6749897119 0.0228148148 0.0261522634 0.6597361111 0.6645576132 2 0.6599583333 0.6843971193 2 0.6783111111 0.68468107 2 0.6782240741 0.6647489712 2 0 0 0 0 0 0
0 0.6474722222 0.6703395062 0.020962963 0.0261522634 0.6390694444 0.6807654321 2 0.6392925926 0.6609259259 2 0.6564203704 0.6614794239 2 0.6564814815 0.681244856 2 0 0 0 0 0 0
0 0.608287037 0.6454218107 0.0228148148 0.0261522634 0.598962963 0.6558539095 2 0.5991861111 0.6360144033 2 0.6182416667 0.63618107 2 0.6181796296 0.655808642 2 0 0 0 0 0 0
0 0.6655555556 0.6706069959 0.020962963 0.0261522634 0.6571564815 0.6810411523 2 0.6573796296 0.6612016461 2 0.6745064815 0.661755144 2 0.6745685185 0.6815205761 2 0 0 0 0 0 0
0 0.6118333333 0.6490020576 0.0228148148 0.0261522634 0.6025037037 0.638563786 2 0.6027268519 0.6584032922 2 0.6210111111 0.6587860082 2 0.6211175926 0.6385205761 2 0 0 0 0 0 0
0 0.6286574074 0.6455658436 0.0228148148 0.0261522634 0.6193333333 0.6559917695 2 0.6195564815 0.6361522634 2 0.638612037 0.63631893 2 0.63855 0.6559465021 2 0 0 0 0 0 0
0 0.6315185185 0.6488580247 0.0228148148 0.0261522634 0.6221944444 0.6384259259 2 0.6224175926 0.6582654321 2 0.6407027778 0.6586481481 2 0.6408083333 0.638382716 2 0 0 0 0 0 0
0 0.6485925926 0.6461213992 0.0228148148 0.0261522634 0.6392712963 0.6565411523 2 0.6394944444 0.6367016461 2 0.65855 0.6368662551 2 0.6584888889 0.6564958848 2 0 0 0 0 0 0
0 0.6506574074 0.6484465021 0.0228148148 0.0261522634 0.6413305556 0.6380144033 2 0.6415537037 0.6578539095 2 0.6598388889 0.6582366255 2 0.6599444444 0.6379711934 2 0 0 0 0 0 0
0 0.6683518519 0.6459773663 0.0228148148 0.0261522634 0.659025 0.6564032922 2 0.6592481481 0.636563786 2 0.6783037037 0.6367304527 2 0.6782416667 0.6563580247 2 0 0 0 0 0 0
0 0.6699166667 0.64968107 0.0228148148 0.0261522634 0.6605898148 0.6392489712 2 0.660812963 0.659090535 2 0.6790981481 0.6594711934 2 0.6792037037 0.6392057613 2 0 0 0 0 0 0
0 0.164962963 0.5801646091 0.0270740741 0.0364197531 0.1536194444 0.5939259259 2 0.1537768519 0.5683395062 2 0.1773703704 0.5675823045 2 0.1773546296 0.5924506173 2 0 0 0 0 0 0
0 0.1685138889 0.5840432099 0.02575 0.0302263374 0.1564324074 0.5726625514 2 0.1566592593 0.5966234568 2 0.1808203704 0.5961193416 2 0.1808203704 0.572409465 2 0 0 0 0 0 0
0 0.1968842593 0.5842901235 0.02575 0.0302263374 0.1848046296 0.5729238683 2 0.1850314815 0.5968847737 2 0.2091925926 0.5963806584 2 0.2091925926 0.5726707819 2 0 0 0 0 0 0
0 0.2245509259 0.5822119342 0.02575 0.0302263374 0.2124731481 0.5708374486 2 0.2127 0.5947983539 2 0.2368611111 0.5942942387 2 0.2368611111 0.5705843621 2 0 0 0 0 0 0
0 0.2505787037 0.5822119342 0.02575 0.0302263374 0.2385009259 0.5708374486 2 0.2387277778 0.5947983539 2 0.262887963 0.5942942387 2 0.262887963 0.5705843621 2 0 0 0 0 0 0
0 0.1904074074 0.5806790123 0.0270740741 0.0364197531 0.1790601852 0.5944465021 2 0.1792185185 0.5688600823 2 0.202812037 0.5681028807 2 0.2027962963 0.592973251 2 0 0 0 0 0 0
0 0.2181944444 0.5812139918 0.0270740741 0.0364197531 0.2068462963 0.5949670782 2 0.2070046296 0.5693806584 2 0.2305981481 0.5686255144 2 0.2305824074 0.5934938272 2 0 0 0 0 0 0
0 0.2449259259 0.5791152263 0.0270740741 0.0364197531 0.2335768519 0.592882716 2 0.2337351852 0.5672962963 2 0.2573287037 0.5665390947 2 0.257312963 0.5914074074 2 0 0 0 0 0 0
0 0.171912037 0.551718107 0.02575 0.0302263374 0.1598324074 0.5403353909 2 0.1600592593 0.5642983539 2 0.1842203704 0.5637921811 2 0.1842203704 0.5400843621 2 0 0 0 0 0 0
0 0.1673148148 0.5509670782 0.0270740741 0.0364197531 0.1559638889 0.5647263374 2 0.1561222222 0.5391399177 2 0.1797157407 0.538382716 2 0.1797861111 0.5615185185 2 0 0 0 0 0 0
0 0.1927037037 0.5500617284 0.0270740741 0.0364197531 0.1813527778 0.5638230453 2 0.1815101852 0.5382366255 2 0.2051046296 0.5374814815 2 0.205175 0.5606152263 2 0 0 0 0 0 0
0 0.253087963 0.5510390947 0.02575 0.0302263374 0.2410055556 0.5396748971 2 0.2412324074 0.5636358025 2 0.2653935185 0.5631316872 2 0.2653935185 0.5394218107 2 0 0 0 0 0 0
0 0.2274305556 0.5542078189 0.02575 0.0302263374 0.2153462963 0.5428353909 2 0.2155731481 0.5667983539 2 0.2397342593 0.5662921811 2 0.2397342593 0.5425823045 2 0 0 0 0 0 0
0 0.199875 0.5536111111 0.02575 0.0302263374 0.1877907407 0.5422325103 2 0.1880175926 0.5661954733 2 0.2121787037 0.565691358 2 0.2121787037 0.5419814815 2 0 0 0 0 0 0
0 0.220462963 0.5497736626 0.0270740741 0.0364197531 0.2091111111 0.5635226337 2 0.2092694444 0.537936214 2 0.232862963 0.5371790123 2 0.2329333333 0.5603148148 2 0 0 0 0 0 0
0 0.2474722222 0.5497736626 0.0270740741 0.0364197531 0.236125 0.5635226337 2 0.2362824074 0.537936214 2 0.2598768519 0.5371790123 2 0.2599472222 0.5603148148 2 0 0 0 0 0 0
0 0.1678055556 0.5207613169 0.0270740741 0.0364197531 0.1564555556 0.5345102881 2 0.156612963 0.5089238683 2 0.1802064815 0.5081666667 2 0.1802777778 0.5313024691 2 0 0 0 0 0 0
0 0.1733472222 0.5235699588 0.02575 0.0302263374 0.1612675926 0.5121975309 2 0.1614944444 0.5361604938 2 0.1856555556 0.5356563786 2 0.1856555556 0.5119465021 2 0 0 0 0 0 0
0 0.1943240741 0.5212962963 0.0270740741 0.0364197531 0.1829787037 0.5350555556 2 0.1831361111 0.5094691358 2 0.2064953704 0.5100329218 2 0.2068009259 0.5318477366 2 0 0 0 0 0 0
0 0.2217685185 0.5214814815 0.0270740741 0.0364197531 0.2104222222 0.5352345679 2 0.2105796296 0.5096481481 2 0.2341731481 0.5088909465 2 0.2342444444 0.532026749 2 0 0 0 0 0 0
0 0.2016898148 0.5228497942 0.02575 0.0302263374 0.1896083333 0.511473251 2 0.1898351852 0.535436214 2 0.2139962963 0.5349320988 2 0.2139962963 0.5112222222 2 0 0 0 0 0 0
0 0.2295972222 0.5238168724 0.02575 0.0302263374 0.2175148148 0.5124403292 2 0.2177416667 0.5364012346 2 0.2419027778 0.5358971193 2 0.2419027778 0.5121872428 2 0 0 0 0 0 0
0 0.2491296296 0.5193004115 0.0270740741 0.0364197531 0.2377851852 0.5330617284 2 0.2379435185 0.5074753086 2 0.261537037 0.506718107 2 0.2616083333 0.5298539095 2 0 0 0 0 0 0
0 0.2552175926 0.5238168724 0.02575 0.0302263374 0.2431407407 0.5124403292 2 0.2433675926 0.5364012346 2 0.2675287037 0.5358971193 2 0.2675287037 0.5121872428 2 0 0 0 0 0 0
0 0.1688240741 0.490617284 0.0270740741 0.0364197531 0.1574740741 0.504372428 2 0.1576324074 0.4787880658 2 0.1812259259 0.4780308642 2 0.1812962963 0.5011666667 2 0 0 0 0 0 0
0 0.1754861111 0.4927469136 0.02575 0.0302263374 0.1634074074 0.481382716 2 0.1636342593 0.5053436214 2 0.1877953704 0.5048395062 2 0.1877953704 0.4811296296 2 0 0 0 0 0 0
0 0.2022916667 0.492973251 0.02575 0.0302263374 0.1902074074 0.4816090535 2 0.1904342593 0.5055699588 2 0.2145953704 0.5050658436 2 0.2145953704 0.4813559671 2 0 0 0 0 0 0
0 0.2293935185 0.4938786008 0.02575 0.0302263374 0.217312963 0.4825144033 2 0.2175398148 0.5064773663 2 0.2417009259 0.505973251 2 0.2417009259 0.4822633745 2 0 0 0 0 0 0
0 0.2549675926 0.4941049383 0.02575 0.0302263374 0.2428898148 0.4827407407 2 0.2431166667 0.5067037037 2 0.2672777778 0.5061995885 2 0.2672777778 0.4824897119 2 0 0 0 0 0 0
0 0.1951111111 0.4899382716 0.0270740741 0.0364197531 0.1837648148 0.5036934156 2 0.1839222222 0.4781069959 2 0.2075157407 0.4773497942 2 0.207587037 0.5004855967 2 0 0 0 0 0 0
0 0.2221203704 0.4896296296 0.0270740741 0.0327983539 0.2106101852 0.5010041152 2 0.2108138889 0.4789876543 2 0.2345203704 0.4788621399 2 0.2345916667 0.5019979424 2 0 0 0 0 0 0
0 0.2479537037 0.4902469136 0.0270740741 0.0327983539 0.2364490741 0.5016069959 2 0.2366527778 0.479590535 2 0.2603592593 0.4794650206 2 0.2604305556 0.502600823 2 0 0 0 0 0 0
0 0.1702407407 0.4616460905 0.0270740741 0.0364197531 0.1592287037 0.4751378601 2 0.1591046296 0.4494691358 2 0.1826453704 0.4490679012 2 0.1827166667 0.4722037037 2 0 0 0 0 0 0
0 0.1751157407 0.4624176955 0.02575 0.0302263374 0.163037037 0.4510473251 2 0.1632638889 0.4750102881 2 0.187425 0.4745041152 2 0.187425 0.4507942387 2 0 0 0 0 0 0
0 0.2017268519 0.4625617284 0.02575 0.0302263374 0.1896416667 0.4511851852 2 0.1898685185 0.4751460905 2 0.2140296296 0.4746419753 2 0.2140296296 0.4509320988 2 0 0 0 0 0 0
0 0.2277083333 0.4622736626 0.02575 0.0302263374 0.2156296296 0.450909465 2 0.2158564815 0.474872428 2 0.2400175926 0.4743683128 2 0.2400175926 0.4506584362 2 0 0 0 0 0 0
0 0.2536342593 0.4642078189 0.02575 0.0302263374 0.2415555556 0.4528312757 2 0.2417824074 0.4767942387 2 0.2659435185 0.4762880658 2 0.2659435185 0.4525802469 2 0 0 0 0 0 0
0 0.1954907407 0.4613786008 0.0270740741 0.0364197531 0.1843518519 0.4719814815 2 0.1843518519 0.4491954733 2 0.2078925926 0.4487942387 2 0.207962963 0.4719300412 2 0 0 0 0 0 0
0 0.2219074074 0.4615226337 0.0270740741 0.0364197531 0.2107712963 0.4721193416 2 0.2107712963 0.4493312757 2 0.234312037 0.4489300412 2 0.2343833333 0.4720658436 2 0 0 0 0 0 0
0 0.2478981481 0.4619341564 0.0270740741 0.0364197531 0.2367592593 0.4725308642 2 0.2367592593 0.449744856 2 0.2603 0.4493436214 2 0.2603703704 0.4724773663 2 0 0 0 0 0 0
0 0.1755324074 0.4331584362 0.02575 0.0302263374 0.1634509259 0.4217921811 2 0.1636777778 0.445755144 2 0.1878388889 0.4452489712 2 0.1878388889 0.4215390947 2 0 0 0 0 0 0
0 0.202587963 0.4340843621 0.02575 0.0302263374 0.1905083333 0.4227119342 2 0.1907351852 0.4466748971 2 0.2148962963 0.4461687243 2 0.2148962963 0.4224588477 2 0 0 0 0 0 0
0 0.2294861111 0.4337139918 0.02575 0.0302263374 0.217412963 0.4246069959 2 0.2176277778 0.4463065844 2 0.2407472222 0.4459506173 2 0.2407472222 0.424973251 2 0 0 0 0 0 0
0 0.2545509259 0.4355658436 0.02575 0.0302263374 0.2428981481 0.4264465021 2 0.2426990741 0.4481460905 2 0.2658185185 0.4477901235 2 0.2658185185 0.4268148148 2 0 0 0 0 0 0
0 0.1712314815 0.4324074074 0.0270740741 0.0364197531 0.1602212963 0.445882716 2 0.1602361111 0.4194547325 2 0.183637963 0.4198127572 2 0.1837092593 0.4429485597 2 0 0 0 0 0 0
0 0.1968888889 0.4338683128 0.0270740741 0.0364197531 0.185887037 0.4419012346 2 0.185887037 0.4209259259 2 0.2092898148 0.4212860082 2 0.2093037037 0.4424526749 2 0 0 0 0 0 0
0 0.2224444444 0.433600823 0.0270740741 0.0364197531 0.2114425926 0.441627572 2 0.2114425926 0.4206522634 2 0.2348453704 0.4210102881 2 0.2348592593 0.4421790123 2 0 0 0 0 0 0
0 0.2478703704 0.4348353909 0.0270740741 0.0364197531 0.236875 0.4428621399 2 0.236875 0.4218868313 2 0.2602768519 0.4222469136 2 0.2602916667 0.4434135802 2 0 0 0 0 0 0
0 0.3194027778 0.4373765432 0.02575 0.0302263374 0.309012037 0.4284197531 2 0.3089509259 0.4498312757 2 0.3306685185 0.4495987654 2 0.3306685185 0.4286234568 2 0 0 0 0 0 0
0 0.3424861111 0.4377880658 0.02575 0.0302263374 0.3320990741 0.4288312757 2 0.332037037 0.4502427984 2 0.3537546296 0.4500123457 2 0.3537546296 0.4290349794 2 0 0 0 0 0 0
0 0.3656342593 0.4379115226 0.02575 0.0302263374 0.3552472222 0.4289670782 2 0.3551851852 0.4503806584 2 0.3769027778 0.4501481481 2 0.3769027778 0.4291728395 2 0 0 0 0 0 0
0 0.3881712963 0.4391460905 0.02575 0.0302263374 0.3777777778 0.4302037037 2 0.3777157407 0.451617284 2 0.3994342593 0.4513847737 2 0.3994342593 0.430409465 2 0 0 0 0 0 0
0 0.3237407407 0.4382716049 0.0270740741 0.0364197531 0.3127388889 0.4462942387 2 0.3127388889 0.42531893 2 0.3347527778 0.4255308642 2 0.334937963 0.4469444444 2 0 0 0 0 0 0
0 0.3472592593 0.4389506173 0.0270740741 0.0364197531 0.3362574074 0.4469794239 2 0.3362574074 0.4260041152 2 0.3571601852 0.4260802469 2 0.3570990741 0.4483168724 2 0 0 0 0 0 0
0 0.370462963 0.4390946502 0.0270740741 0.0364197531 0.3594675926 0.447117284 2 0.3594675926 0.4261419753 2 0.3803703704 0.426218107 2 0.3803083333 0.4484547325 2 0 0 0 0 0 0
0 0.3931203704 0.4401851852 0.0270740741 0.0364197531 0.3821212963 0.4482160494 2 0.3821212963 0.4272407407 2 0.403025 0.4273168724 2 0.402962963 0.4495514403 2 0 0 0 0 0 0
0 0.3190972222 0.4653600823 0.02575 0.0302263374 0.3087037037 0.4564197531 2 0.3086416667 0.4778333333 2 0.3303601852 0.477600823 2 0.3303601852 0.4566255144 2 0 0 0 0 0 0
0 0.3234907407 0.4658436214 0.0270740741 0.0364197531 0.3124916667 0.473882716 2 0.3124916667 0.4529074074 2 0.3345064815 0.4531213992 2 0.3346916667 0.4745349794 2 0 0 0 0 0 0
0 0.34775 0.4666666667 0.0270740741 0.0364197531 0.3367509259 0.4747078189 2 0.3367509259 0.4537325103 2 0.3576546296 0.4538065844 2 0.3575925926 0.4760432099 2 0 0 0 0 0 0
0 0.3705277778 0.4674897119 0.0270740741 0.0364197531 0.3595287037 0.4755308642 2 0.3595287037 0.4545555556 2 0.3804324074 0.4546316872 2 0.3803703704 0.4768683128 2 0 0 0 0 0 0
0 0.3937962963 0.4687242798 0.0270740741 0.0364197531 0.3828009259 0.4767654321 2 0.3828009259 0.4557901235 2 0.4037037037 0.4558662551 2 0.4036416667 0.4781028807 2 0 0 0 0 0 0
0 0.3428564815 0.4657716049 0.02575 0.0302263374 0.3324694444 0.4568312757 2 0.3324074074 0.478244856 2 0.354125 0.4780123457 2 0.354125 0.457037037 2 0 0 0 0 0 0
0 0.3657638889 0.4661831276 0.02575 0.0302263374 0.3553703704 0.4572427984 2 0.3553083333 0.4786563786 2 0.3770268519 0.4784238683 2 0.3770268519 0.4574485597 2 0 0 0 0 0 0
0 0.3883194444 0.4662654321 0.02575 0.0302263374 0.3779333333 0.4573209877 2 0.3778712963 0.4787345679 2 0.3995898148 0.4785020576 2 0.3995898148 0.457526749 2 0 0 0 0 0 0
0 0.3236296296 0.494526749 0.0270740741 0.0364197531 0.3126314815 0.5025658436 2 0.3126314815 0.481590535 2 0.3346453704 0.4818045267 2 0.3348305556 0.5032160494 2 0 0 0 0 0 0
0 0.3471944444 0.495 0.0270740741 0.0364197531 0.3361981481 0.5030308642 2 0.3361981481 0.4820555556 2 0.358212963 0.4822695473 2 0.3583981481 0.5036831276 2 0 0 0 0 0 0
0 0.3707777778 0.4952674897 0.0270740741 0.0364197531 0.3597787037 0.5033065844 2 0.3597787037 0.4823312757 2 0.3817935185 0.4825432099 2 0.3819777778 0.5039567901 2 0 0 0 0 0 0
0 0.3941111111 0.4956790123 0.0270740741 0.0364197531 0.383112037 0.503718107 2 0.383112037 0.4827427984 2 0.403487963 0.4826728395 2 0.40355 0.5055946502 2 0 0 0 0 0 0
0 0.3195231481 0.4930967078 0.02575 0.0302263374 0.3091361111 0.4841481481 2 0.3090740741 0.5055596708 2 0.3307916667 0.5053271605 2 0.3307916667 0.4843518519 2 0 0 0 0 0 0
0 0.3427361111 0.4933641975 0.02575 0.0302263374 0.3323453704 0.4844218107 2 0.3322842593 0.5058333333 2 0.3540018519 0.5056028807 2 0.3540018519 0.484627572 2 0 0 0 0 0 0
0 0.3665046296 0.4936522634 0.02575 0.0302263374 0.3561111111 0.4846954733 2 0.35605 0.5061090535 2 0.3777675926 0.5058765432 2 0.3777675926 0.4849012346 2 0 0 0 0 0 0
0 0.3890972222 0.4947427984 0.02575 0.0302263374 0.3787037037 0.4857942387 2 0.3786416667 0.5072078189 2 0.4003601852 0.5069753086 2 0.4003601852 0.486 2 0 0 0 0 0 0
0 0.3259722222 0.5215843621 0.0270740741 0.0364197531 0.3149768519 0.5296069959 2 0.3149768519 0.5086316872 2 0.3369907407 0.5088436214 2 0.3371768519 0.5302572016 2 0 0 0 0 0 0
0 0.3202638889 0.5208127572 0.02575 0.0302263374 0.3098768519 0.5118744856 2 0.3098148148 0.5332860082 2 0.3315324074 0.5330534979 2 0.3315324074 0.5120781893 2 0 0 0 0 0 0
0 0.3443564815 0.5215740741 0.02575 0.0302263374 0.333962963 0.512617284 2 0.3339009259 0.5340308642 2 0.3556194444 0.5337983539 2 0.3556194444 0.5128230453 2 0 0 0 0 0 0
0 0.3490555556 0.5218312757 0.0270740741 0.0364197531 0.3380601852 0.5298559671 2 0.3380601852 0.5088786008 2 0.3600740741 0.5090925926 2 0.3602592593 0.5305061728 2 0 0 0 0 0 0
0 0.3723611111 0.5218312757 0.0270740741 0.0364197531 0.3613657407 0.5298559671 2 0.3613657407 0.5088786008 2 0.3833796296 0.5090925926 2 0.3835648148 0.5305061728 2 0 0 0 0 0 0
0 0.3954444444 0.5220781893 0.0270740741 0.0364197531 0.3844481481 0.5301028807 2 0.3844481481 0.509127572 2 0.406462963 0.5093415638 2 0.4066481481 0.5307530864 2 0 0 0 0 0 0
0 0.3677731481 0.5220679012 0.02575 0.0302263374 0.3573805556 0.5131131687 2 0.3573185185 0.534526749 2 0.3790361111 0.5342942387 2 0.3790361111 0.51331893 2 0 0 0 0 0 0
0 0.3906342593 0.5230555556 0.02575 0.0302263374 0.3802398148 0.5141049383 2 0.3801787037 0.5355185185 2 0.4018962963 0.5352860082 2 0.4018962963 0.5143106996 2 0 0 0 0 0 0
0 0.3267592593 0.5498148148 0.0270740741 0.0364197531 0.3157648148 0.5578415638 2 0.3157648148 0.5368662551 2 0.3377787037 0.5370802469 2 0.3379638889 0.5584938272 2 0 0 0 0 0 0
0 0.3503888889 0.5502469136 0.0270740741 0.0364197531 0.339387963 0.5582798354 2 0.339387963 0.5373045267 2 0.3614027778 0.5375185185 2 0.361587963 0.5589300412 2 0 0 0 0 0 0
0 0.3730277778 0.550473251 0.0270740741 0.0364197531 0.3620277778 0.5584979424 2 0.3620277778 0.5375226337 2 0.3840425926 0.5377366255 2 0.3842277778 0.5591502058 2 0 0 0 0 0 0
0 0.3960648148 0.5500205761 0.0270740741 0.0364197531 0.3850611111 0.5580617284 2 0.3850611111 0.5370864198 2 0.4070759259 0.5372983539 2 0.4072611111 0.5587119342 2 0 0 0 0 0 0
0 0.3210509259 0.5503600823 0.02575 0.0302263374 0.3106638889 0.5414218107 2 0.3106027778 0.5628353909 2 0.3323203704 0.5626028807 2 0.3323203704 0.541627572 2 0 0 0 0 0 0
0 0.3453657407 0.5497222222 0.02575 0.0302263374 0.3349768519 0.5407654321 2 0.3349157407 0.5621790123 2 0.3566333333 0.5619465021 2 0.3566333333 0.5409711934 2 0 0 0 0 0 0
0 0.3686990741 0.5492695473 0.02575 0.0302263374 0.3583055556 0.5403271605 2 0.3582444444 0.5617407407 2 0.379962037 0.5615082305 2 0.379962037 0.5405329218 2 0 0 0 0 0 0
0 0.3270092593 0.575627572 0.0267777778 0.032037037 0.315862963 0.5858580247 2 0.315862963 0.564882716 2 0.3378768519 0.5650967078 2 0.338062037 0.5865082305 2 0 0 0 0 0 0
0 0.3915324074 0.5488374486 0.02575 0.0302263374 0.3811425926 0.5398909465 2 0.3810805556 0.5613024691 2 0.4027981481 0.5610699588 2 0.4027981481 0.5400946502 2 0 0 0 0 0 0
0 0.350537037 0.5758539095 0.0267777778 0.032037037 0.339387963 0.5860781893 2 0.339387963 0.5651028807 2 0.3614027778 0.5653148148 2 0.361587963 0.5867283951 2 0 0 0 0 0 0
0 0.3741574074 0.5765123457 0.0267777778 0.032037037 0.363012037 0.5867345679 2 0.363012037 0.5657592593 2 0.3850268519 0.5659711934 2 0.385212037 0.5873847737 2 0 0 0 0 0 0
0 0.3964583333 0.5749691358 0.0253055556 0.032037037 0.3860453704 0.5852016461 2 0.3860453704 0.5642263374 2 0.406775 0.5645226337 2 0.4068731481 0.586627572 2 0 0 0 0 0 0
0 0.3209583333 0.5788168724 0.02575 0.0302263374 0.3105657407 0.5698765432 2 0.3105037037 0.5912901235 2 0.3322222222 0.5910576132 2 0.3322222222 0.5700823045 2 0 0 0 0 0 0
0 0.3455601852 0.5794753086 0.02575 0.0302263374 0.3351740741 0.5705329218 2 0.335112037 0.5919465021 2 0.3568296296 0.5917139918 2 0.3568296296 0.5707386831 2 0 0 0 0 0 0
0 0.3684027778 0.5779526749 0.02575 0.0302263374 0.3580101852 0.5690020576 2 0.3579490741 0.5904135802 2 0.3796666667 0.59018107 2 0.3796666667 0.5692057613 2 0 0 0 0 0 0
0 0.3914305556 0.5770679012 0.02575 0.0302263374 0.3810435185 0.5681255144 2 0.3809824074 0.5895390947 2 0.4027 0.5893065844 2 0.4027 0.5683312757 2 0 0 0 0 0 0
0 0.4219768519 0.5801131687 0.02575 0.0302263374 0.4115888889 0.5711625514 2 0.4115268519 0.5925761317 2 0.4319981481 0.592382716 2 0.4319342593 0.5707592593 2 0 0 0 0 0 0
0 0.4435787037 0.5800514403 0.02575 0.0302263374 0.4331842593 0.5711131687 2 0.4331231481 0.5925246914 2 0.4537657407 0.592308642 2 0.4538888889 0.571718107 2 0 0 0 0 0 0
0 0.4653657407 0.5803395062 0.02575 0.0302263374 0.454975 0.5713868313 2 0.454912963 0.5928004115 2 0.4755555556 0.5925823045 2 0.4756787037 0.5719938272 2 0 0 0 0 0 0
0 0.4877083333 0.5807098765 0.02575 0.0302263374 0.4773194444 0.571755144 2 0.4772574074 0.5931666667 2 0.4979 0.5929485597 2 0.4980231481 0.5723600823 2 0 0 0 0 0 0
0 0.425587963 0.5778703704 0.0253055556 0.032037037 0.4151805556 0.5880967078 2 0.4151805556 0.5671234568 2 0.4359092593 0.5674176955 2 0.4360074074 0.5895246914 2 0 0 0 0 0 0
0 0.447375 0.5788786008 0.0253055556 0.032037037 0.436962037 0.5891069959 2 0.436962037 0.5681316872 2 0.4576916667 0.5684259259 2 0.4577898148 0.5905329218 2 0 0 0 0 0 0
0 0.4696805556 0.5788786008 0.0253055556 0.032037037 0.4592740741 0.5891069959 2 0.4592740741 0.5681316872 2 0.4800027778 0.5684259259 2 0.4801009259 0.5905329218 2 0 0 0 0 0 0
0 0.4915416667 0.5800514403 0.0253055556 0.032037037 0.4811314815 0.5902839506 2 0.4811314815 0.569308642 2 0.5018611111 0.5696028807 2 0.5019592593 0.5917098765 2 0 0 0 0 0 0
0 0.4241990741 0.5531995885 0.02575 0.0302263374 0.4138111111 0.5442592593 2 0.4137490741 0.5656728395 2 0.4342203704 0.5654794239 2 0.4341564815 0.5438559671 2 0 0 0 0 0 0
0 0.4456805556 0.5529320988 0.02575 0.0302263374 0.4352925926 0.5439855967 2 0.4352305556 0.565399177 2 0.4557018519 0.5652057613 2 0.455637963 0.5435802469 2 0 0 0 0 0 0
0 0.4677175926 0.5531995885 0.02575 0.0302263374 0.4573296296 0.5442592593 2 0.4572675926 0.5656728395 2 0.4777388889 0.5654794239 2 0.477675 0.5438559671 2 0 0 0 0 0 0
0 0.4900694444 0.5540226337 0.02575 0.0302263374 0.479675 0.5450843621 2 0.4796138889 0.5664958848 2 0.5000842593 0.5663024691 2 0.5000203704 0.5446790123 2 0 0 0 0 0 0
0 0.4935787037 0.5542489712 0.0253055556 0.032037037 0.4831685185 0.5644794239 2 0.4831685185 0.5435041152 2 0.5038981481 0.5437983539 2 0.5039962963 0.5659053498 2 0 0 0 0 0 0
0 0.4714212963 0.5528909465 0.0253055556 0.032037037 0.4610083333 0.5631069959 2 0.4610083333 0.5421316872 2 0.481737037 0.5424259259 2 0.4818361111 0.5645329218 2 0 0 0 0 0 0
0 0.4495694444 0.5526028807 0.0253055556 0.032037037 0.4391564815 0.5628312757 2 0.4391564815 0.5418559671 2 0.4598851852 0.5421522634 2 0.4599842593 0.5642572016 2 0 0 0 0 0 0
0 0.4274675926 0.5519238683 0.0253055556 0.032037037 0.4170574074 0.5621460905 2 0.4170574074 0.5411707819 2 0.437787037 0.5414650206 2 0.4378851852 0.5635720165 2 0 0 0 0 0 0
0 0.4242638889 0.5264506173 0.02575 0.0302263374 0.4138731481 0.5174938272 2 0.4138111111 0.5389074074 2 0.4342824074 0.5387139918 2 0.4342175926 0.517090535 2 0 0 0 0 0 0
0 0.4461805556 0.5268621399 0.02575 0.0302263374 0.4357861111 0.5179053498 2 0.435725 0.53931893 2 0.4561962963 0.5391255144 2 0.4561314815 0.5175020576 2 0 0 0 0 0 0
0 0.4677175926 0.5276851852 0.02575 0.0302263374 0.4573296296 0.5187283951 2 0.4572675926 0.5401419753 2 0.4777388889 0.5399485597 2 0.477675 0.5183251029 2 0 0 0 0 0 0
0 0.4887731481 0.5280967078 0.02575 0.0302263374 0.4796601852 0.5171872428 2 0.479537037 0.5406584362 2 0.4987888889 0.5403600823 2 0.4987240741 0.5187366255 2 0 0 0 0 0 0
0 0.4246342593 0.4991255144 0.02575 0.0302263374 0.4142435185 0.4901790123 2 0.4141814815 0.5115925926 2 0.4346527778 0.511399177 2 0.434587963 0.4897736626 2 0 0 0 0 0 0
0 0.4279027778 0.5250102881 0.0253055556 0.032037037 0.4174898148 0.5352427984 2 0.4174898148 0.5142674897 2 0.4382185185 0.5145617284 2 0.4383166667 0.5366687243 2 0 0 0 0 0 0
0 0.450125 0.5252983539 0.0253055556 0.032037037 0.439712037 0.5355164609 2 0.439712037 0.5145411523 2 0.4604407407 0.5148353909 2 0.4605388889 0.5369423868 2 0 0 0 0 0 0
0 0.4723472222 0.5265329218 0.0253055556 0.032037037 0.4619342593 0.5367530864 2 0.4619342593 0.5157777778 2 0.4812657407 0.5160884774 2 0.4812657407 0.5376378601 2 0 0 0 0 0 0
0 0.4936435185 0.5280349794 0.0253055556 0.032037037 0.4832305556 0.5382613169 2 0.4832305556 0.5172860082 2 0.502562037 0.5175987654 2 0.502562037 0.5391481481 2 0 0 0 0 0 0
0 0.4457731481 0.5002160494 0.02575 0.0302263374 0.436262963 0.491590535 2 0.4363444444 0.5126399177 2 0.4557888889 0.5124876543 2 0.4557240741 0.4908641975 2 0 0 0 0 0 0
0 0.4677175926 0.5007510288 0.02575 0.0302263374 0.4580518519 0.491409465 2 0.4580518519 0.5130041152 2 0.4777407407 0.5130308642 2 0.4776759259 0.4914074074 2 0 0 0 0 0 0
0 0.4890231481 0.5022119342 0.02575 0.0302263374 0.4797361111 0.4934917695 2 0.4795462963 0.5145576132 2 0.4990398148 0.5144835391 2 0.498975 0.4928600823 2 0 0 0 0 0 0
0 0.4261064815 0.4702366255 0.02575 0.0302263374 0.4157166667 0.4612942387 2 0.4156555556 0.4827057613 2 0.4361259259 0.4825123457 2 0.436062037 0.4608888889 2 0 0 0 0 0 0
0 0.4283287037 0.4969855967 0.0253055556 0.032037037 0.4179166667 0.5072098765 2 0.4179166667 0.4862345679 2 0.4386453704 0.4865288066 2 0.4387435185 0.5086358025 2 0 0 0 0 0 0
0 0.4502638889 0.4976234568 0.0253055556 0.032037037 0.43985 0.5078415638 2 0.43985 0.4868662551 2 0.4605787037 0.4871625514 2 0.4606768519 0.5092674897 2 0 0 0 0 0 0
0 0.4724490741 0.4998868313 0.0253055556 0.032037037 0.4620407407 0.5101069959 2 0.4620407407 0.4891316872 2 0.4814407407 0.4894197531 2 0.4815675926 0.5111872428 2 0 0 0 0 0 0
0 0.4936064815 0.5021296296 0.0253055556 0.032037037 0.4831981481 0.5123539095 2 0.4831981481 0.4913786008 2 0.5025981481 0.4916666667 2 0.502725 0.5134341564 2 0 0 0 0 0 0
0 0.448587963 0.4712242798 0.02575 0.0302263374 0.4380842593 0.4628786008 2 0.4381388889 0.4836893004 2 0.4572518519 0.4836625514 2 0.4572203704 0.464281893 2 0 0 0 0 0 0
0 0.469625 0.4727674897 0.02575 0.0302263374 0.4591148148 0.4659670782 2 0.4591694444 0.4852345679 2 0.4782833333 0.4852078189 2 0.4782833333 0.4665288066 2 0 0 0 0 0 0
0 0.4907175926 0.4754423868 0.02575 0.0302263374 0.4800833333 0.4686358025 2 0.4802638889 0.4879012346 2 0.4993777778 0.4878744856 2 0.4994092593 0.4689156379 2 0 0 0 0 0 0
0 0.4291435185 0.4695987654 0.0253055556 0.032037037 0.418737037 0.4798251029 2 0.418737037 0.4588477366 2 0.4394657407 0.4591440329 2 0.4395648148 0.4812510288 2 0 0 0 0 0 0
0 0.4507453704 0.4702983539 0.0253055556 0.032037037 0.440337037 0.480526749 2 0.440337037 0.4595514403 2 0.4610657407 0.459845679 2 0.4611638889 0.4819526749 2 0 0 0 0 0 0
0 0.472662037 0.4711419753 0.0253055556 0.032037037 0.4622518519 0.4813683128 2 0.4622518519 0.4603930041 2 0.4820731481 0.461063786 2 0.4821361111 0.4819876543 2 0 0 0 0 0 0
0 0.4940046296 0.4748045267 0.0253055556 0.032037037 0.4835990741 0.4850205761 2 0.4835990741 0.4640452675 2 0.5034194444 0.4647139918 2 0.5034824074 0.4856399177 2 0 0 0 0 0 0
0 0.4256527778 0.4437757202 0.02575 0.0302263374 0.415262963 0.4348333333 2 0.4152009259 0.456244856 2 0.434837037 0.4559403292 2 0.4347462963 0.4351358025 2 0 0 0 0 0 0
0 0.4470046296 0.4443930041 0.02575 0.0302263374 0.4366092593 0.4354382716 2 0.4365472222 0.4568518519 2 0.4564814815 0.4569609053 2 0.4562342593 0.4355493827 2 0 0 0 0 0 0
0 0.4683009259 0.4457510288 0.02575 0.0302263374 0.4579055556 0.4368106996 2 0.4578435185 0.4582242798 2 0.4777777778 0.4583333333 2 0.4775305556 0.4369218107 2 0 0 0 0 0 0
0 0.4889768519 0.4476851852 0.02575 0.0302263374 0.4785842593 0.4387325103 2 0.4785231481 0.4601460905 2 0.4984564815 0.460255144 2 0.4982101852 0.4388436214 2 0 0 0 0 0 0
0 0.428837963 0.4421502058 0.0253055556 0.032037037 0.4184287037 0.452372428 2 0.4184287037 0.4313971193 2 0.4391574074 0.431691358 2 0.4392564815 0.4537983539 2 0 0 0 0 0 0
0 0.4506898148 0.4442078189 0.0253055556 0.032037037 0.4402805556 0.4544300412 2 0.4402805556 0.4334547325 2 0.4596601852 0.4336934156 2 0.4595990741 0.4555164609 2 0 0 0 0 0 0
0 0.4710601852 0.4459979424 0.0253055556 0.032037037 0.4606509259 0.4562139918 2 0.4606509259 0.4352386831 2 0.4800305556 0.4354773663 2 0.4799694444 0.4573024691 2 0 0 0 0 0 0
0 0.4924212963 0.4479115226 0.0253055556 0.032037037 0.4820092593 0.4581358025 2 0.4820092593 0.4371604938 2 0.5013888889 0.437399177 2 0.5013268519 0.4592242798 2 0 0 0 0 0 0
0 0.5317268519 0.5795576132 0.02575 0.0302263374 0.5213314815 0.5706193416 2 0.5212694444 0.5920329218 2 0.541912037 0.5918148148 2 0.5420361111 0.5712263374 2 0 0 0 0 0 0
0 0.5528842593 0.5804218107 0.0236759259 0.0302263374 0.5435287037 0.5714711934 2 0.5434675926 0.592882716 2 0.5631277778 0.5925781893 2 0.5629546296 0.5720205761 2 0 0 0 0 0 0
0 0.5741666667 0.5799485597 0.022462963 0.0302263374 0.5654222222 0.5709938272 2 0.5653611111 0.5924074074 2 0.5842962963 0.5921934156 2 0.5842101852 0.5722139918 2 0 0 0 0 0 0
0 0.5949537037 0.5818621399 0.0215185185 0.0302263374 0.5866768519 0.5729156379 2 0.5866157407 0.5943292181 2 0.603737037 0.5941152263 2 0.6038231481 0.5739423868 2 0 0 0 0 0 0
0 0.5354166667 0.5764711934 0.0228148148 0.0261522634 0.5260898148 0.5868971193 2 0.526312963 0.5670576132 2 0.5454148148 0.5677942387 2 0.5454148148 0.5881604938 2 0 0 0 0 0 0
0 0.5565833333 0.5770473251 0.0228148148 0.0261522634 0.5472583333 0.587473251 2 0.5474814815 0.5676337449 2 0.5665833333 0.5683703704 2 0.5665833333 0.5887366255 2 0 0 0 0 0 0
0 0.5780092593 0.5780144033 0.0228148148 0.0261522634 0.5686861111 0.5884341564 2 0.5689092593 0.5685946502 2 0.588012037 0.5693312757 2 0.588012037 0.5896975309 2 0 0 0 0 0 0
0 0.5983981481 0.5799279835 0.0228148148 0.0261522634 0.5890768519 0.5903559671 2 0.5893 0.5705164609 2 0.6084027778 0.5712530864 2 0.6084027778 0.591617284 2 0 0 0 0 0 0
0 0.5334490741 0.5513271605 0.02575 0.0302263374 0.5230592593 0.5423765432 2 0.5229981481 0.5637901235 2 0.5425638889 0.5638786008 2 0.54265 0.5423600823 2 0 0 0 0 0 0
0 0.5539675926 0.5538271605 0.0228981481 0.0275308642 0.5450055556 0.5435288066 2 0.5449444444 0.5649423868 2 0.563387037 0.5648374486 2 0.5634731481 0.5444711934 2 0 0 0 0 0 0
0 0.5753564815 0.5540226337 0.02575 0.0302263374 0.5649648148 0.5450658436 2 0.5649027778 0.5664794239 2 0.5844694444 0.5665679012 2 0.5845555556 0.5450493827 2 0 0 0 0 0 0
0 0.5960509259 0.5561316872 0.0228981481 0.0275308642 0.5870842593 0.5458353909 2 0.5870222222 0.5672489712 2 0.6054648148 0.5671419753 2 0.6055509259 0.5467777778 2 0 0 0 0 0 0
0 0.6015092593 0.5524588477 0.0228148148 0.0261522634 0.592187963 0.562882716 2 0.5924101852 0.5430411523 2 0.6109509259 0.5436028807 2 0.6109509259 0.5645452675 2 0 0 0 0 0 0
0 0.5814722222 0.551100823 0.0228148148 0.0261522634 0.5721425926 0.561537037 2 0.5723648148 0.5416975309 2 0.5909055556 0.5422592593 2 0.5909055556 0.5632016461 2 0 0 0 0 0 0
0 0.5608148148 0.5509156379 0.0228148148 0.0261522634 0.5514916667 0.561345679 2 0.5517148148 0.5415041152 2 0.5702555556 0.5420658436 2 0.5702555556 0.5630082305 2 0 0 0 0 0 0
0 0.5386944444 0.5497633745 0.0228148148 0.0261522634 0.5282638889 0.5592613169 2 0.5281777778 0.5402407407 2 0.548137037 0.5409135802 2 0.548137037 0.5618559671 2 0 0 0 0 0 0
0 0.5331435185 0.5252057613 0.0234166667 0.0283127572 0.5239231481 0.5152860082 2 0.523862037 0.5366995885 2 0.5424777778 0.537191358 2 0.5425638889 0.5154814815 2 0 0 0 0 0 0
0 0.554662037 0.5253909465 0.0234166667 0.0283127572 0.545437963 0.5154794239 2 0.5453759259 0.5368930041 2 0.5646824074 0.5373847737 2 0.5646824074 0.5158662551 2 0 0 0 0 0 0
0 0.5766990741 0.5261522634 0.0234166667 0.0283127572 0.5674703704 0.5162469136 2 0.5674083333 0.5376604938 2 0.5867157407 0.5381522634 2 0.5867157407 0.5166337449 2 0 0 0 0 0 0
0 0.5971712963 0.5275102881 0.0234166667 0.0283127572 0.5879481481 0.5175925926 2 0.5878861111 0.5390061728 2 0.6071925926 0.5394979424 2 0.6071925926 0.5179794239 2 0 0 0 0 0 0
0 0.5388703704 0.521718107 0.0228148148 0.0261522634 0.528437037 0.5312098765 2 0.5283509259 0.5121893004 2 0.5483092593 0.5128641975 2 0.5483092593 0.5338045267 2 0 0 0 0 0 0
0 0.5607314815 0.5219032922 0.0228148148 0.0261522634 0.5502972222 0.5314032922 2 0.5502101852 0.512382716 2 0.5701694444 0.5130555556 2 0.5701694444 0.5339979424 2 0 0 0 0 0 0
0 0.5820740741 0.5230555556 0.0228148148 0.0261522634 0.571637963 0.5325555556 2 0.5715518519 0.5135349794 2 0.5915111111 0.5142078189 2 0.5915111111 0.5351502058 2 0 0 0 0 0 0
0 0.6029814815 0.5242078189 0.0228148148 0.0261522634 0.5925472222 0.5337078189 2 0.5924611111 0.5146872428 2 0.6112101852 0.5155781893 2 0.611037963 0.5351748971 2 0 0 0 0 0 0
0 0.5343472222 0.4969547325 0.0234166667 0.0283127572 0.5251268519 0.487037037 2 0.5250657407 0.5084506173 2 0.5436814815 0.5089423868 2 0.5437675926 0.4872325103 2 0 0 0 0 0 0
0 0.5558842593 0.4978395062 0.0234166667 0.0283127572 0.5466574074 0.4879300412 2 0.5465953704 0.5093436214 2 0.5652111111 0.5098353909 2 0.5652972222 0.4881234568 2 0 0 0 0 0 0
0 0.5776805556 0.4978395062 0.0234166667 0.0283127572 0.5684546296 0.4879300412 2 0.5683935185 0.5093436214 2 0.5870083333 0.5098353909 2 0.5870953704 0.4881234568 2 0 0 0 0 0 0
0 0.5980046296 0.5008230453 0.0234166667 0.0283127572 0.5887814815 0.4909032922 2 0.5887194444 0.5123168724 2 0.6073351852 0.512808642 2 0.6074212963 0.4910987654 2 0 0 0 0 0 0
0 0.5390092593 0.4925823045 0.0228148148 0.0261522634 0.5285703704 0.5020699588 2 0.5284842593 0.4830493827 2 0.5484435185 0.4837222222 2 0.5484435185 0.5046646091 2 0 0 0 0 0 0
0 0.5609351852 0.4946604938 0.0228148148 0.0261522634 0.5505018519 0.5041502058 2 0.5504157407 0.4851296296 2 0.570375 0.4858045267 2 0.570375 0.506744856 2 0 0 0 0 0 0
0 0.5820648148 0.4951337449 0.0228148148 0.0261522634 0.5716268519 0.5046296296 2 0.5715407407 0.4856090535 2 0.5903907407 0.4857880658 2 0.5903194444 0.5066460905 2 0 0 0 0 0 0
0 0.6030462963 0.4986316872 0.0228148148 0.0261522634 0.5926092593 0.5081316872 2 0.5925222222 0.4891111111 2 0.6113731481 0.4892901235 2 0.6113018519 0.5101502058 2 0 0 0 0 0 0
0 0.5352916667 0.4690123457 0.0234166667 0.0283127572 0.5260694444 0.4591069959 2 0.5260074074 0.4805185185 2 0.5446231481 0.4810123457 2 0.5447092593 0.4593004115 2 0 0 0 0 0 0
0 0.5562268519 0.4690123457 0.0234166667 0.0283127572 0.5470027778 0.4591069959 2 0.5469416667 0.4805185185 2 0.5655574074 0.4810123457 2 0.5656435185 0.4593004115 2 0 0 0 0 0 0
0 0.5772638889 0.4708847737 0.0234166667 0.0283127572 0.5680416667 0.4609691358 2 0.5679796296 0.4823806584 2 0.5865953704 0.4828744856 2 0.5866814815 0.4611625514 2 0 0 0 0 0 0
0 0.5980972222 0.4729835391 0.0234166667 0.0283127572 0.5888712963 0.463063786 2 0.5888092593 0.4844753086 2 0.607425 0.4849691358 2 0.6075111111 0.4632572016 2 0 0 0 0 0 0
0 0.5434537037 0.4647222222 0.0228148148 0.0261522634 0.5330194444 0.4742119342 2 0.5329324074 0.455191358 2 0.5528916667 0.4558641975 2 0.5528916667 0.4768065844 2 0 0 0 0 0 0
0 0.5628101852 0.4660802469 0.0193240741 0.0261522634 0.5541259259 0.4755781893 2 0.5540388889 0.4565576132 2 0.5706953704 0.4565493827 2 0.5706953704 0.476600823 2 0 0 0 0 0 0
0 0.5815648148 0.468590535 0.0205555556 0.0261522634 0.5722611111 0.4780843621 2 0.5721740741 0.459063786 2 0.5905722222 0.4590555556 2 0.5905722222 0.4784218107 2 0 0 0 0 0 0
0 0.6017546296 0.4706481481 0.0213796296 0.0261522634 0.5920351852 0.4801358025 2 0.5919490741 0.4611152263 2 0.6112175926 0.4611069959 2 0.6112175926 0.4811563786 2 0 0 0 0 0 0
0 0.5399027778 0.4391769547 0.0234166667 0.0283127572 0.5306796296 0.4292592593 2 0.5306185185 0.4506707819 2 0.5492333333 0.4511646091 2 0.5493203704 0.4294526749 2 0 0 0 0 0 0
0 0.5444814815 0.4350925926 0.0228148148 0.0261522634 0.5340435185 0.444590535 2 0.5339574074 0.4255699588 2 0.5539166667 0.426244856 2 0.5539166667 0.4471851852 2 0 0 0 0 0 0
0 0.5579398148 0.4421399177 0.0234166667 0.0283127572 0.5487657407 0.4341090535 1 0.5486509259 0.4536337449 1 0.5672666667 0.4541255144 2 0.5673148148 0.43431893 2 0 0 0 0 0 0
0 0.5775046296 0.4430452675 0.0234166667 0.0283127572 0.568287037 0.4360555556 2 0.5682203704 0.4545452675 2 0.5868361111 0.455037037 2 0.5866277778 0.4365102881 2 0 0 0 0 0 0
0 0.5983101852 0.4448765432 0.0234166667 0.0283127572 0.589087037 0.4378786008 2 0.5890194444 0.4563683128 2 0.6076351852 0.4568600823 2 0.6074268519 0.4383333333 2 0 0 0 0 0 0
0 0.5600277778 0.4402983539 0.0228148148 0.0261522634 0.5495962963 0.4497901235 1 0.5495101852 0.4307695473 1 0.5694694444 0.4314423868 2 0.5694694444 0.4523847737 2 0 0 0 0 0 0
0 0.5812037037 0.4438580247 0.0228148148 0.0261522634 0.5707694444 0.4533600823 2 0.5706833333 0.4343395062 2 0.5906416667 0.4350123457 2 0.5906481481 0.454627572 2 0 0 0 0 0 0
0 0.6009907407 0.4457921811 0.0207777778 0.0261522634 0.5915722222 0.455281893 2 0.5914851852 0.4362613169 2 0.6096916667 0.4365061728 2 0.6097527778 0.4566851852 2 0 0 0 0 0 0
0 0.6241388889 0.5825 0.0215185185 0.0302263374 0.6155731481 0.5749958848 2 0.6154324074 0.5954814815 2 0.6337092593 0.5950432099 2 0.6336148148 0.5744609053 2 0 0 0 0 0 0
0 0.6274398148 0.581409465 0.0215648148 0.0261522634 0.6187361111 0.5918251029 2 0.6189592593 0.5719855967 2 0.6371231481 0.5722942387 2 0.6370611111 0.5931646091 2 0 0 0 0 0 0
0 0.643787037 0.5827057613 0.0215185185 0.0302263374 0.6352203704 0.5752057613 2 0.6350787037 0.595691358 2 0.6532148148 0.5960967078 2 0.653262037 0.5746707819 2 0 0 0 0 0 0
0 0.6633425926 0.5835493827 0.0215185185 0.0302263374 0.6547731481 0.5760452675 2 0.6546314815 0.5965308642 2 0.6727666667 0.596936214 2 0.6728138889 0.5755102881 2 0 0 0 0 0 0
0 0.6831759259 0.5852160494 0.0215185185 0.0302263374 0.6744203704 0.5792921811 2 0.6744675926 0.5982119342 2 0.6926027778 0.598617284 2 0.6925555556 0.5782427984 2 0 0 0 0 0 0
0 0.6471435185 0.5819650206 0.0215648148 0.0261522634 0.638687963 0.592744856 2 0.6386703704 0.5725432099 2 0.6568342593 0.5728497942 2 0.6568962963 0.5938559671 2 0 0 0 0 0 0
0 0.6667916667 0.5831995885 0.0215648148 0.0261522634 0.6583361111 0.5939958848 2 0.6583185185 0.5737962963 2 0.6764824074 0.5741028807 2 0.6765444444 0.5951090535 2 0 0 0 0 0 0
0 0.6871342593 0.5854423868 0.0215648148 0.0261522634 0.6786722222 0.5962222222 2 0.6786546296 0.5760226337 2 0.6968185185 0.5763292181 2 0.6968814815 0.5973353909 2 0 0 0 0 0 0
0 0.6237777778 0.5551131687 0.0215185185 0.0302263374 0.6152138889 0.547617284 2 0.6150722222 0.5681028807 2 0.6333333333 0.5685576132 2 0.6332555556 0.5470823045 2 0 0 0 0 0 0
0 0.6437222222 0.5572325103 0.0215185185 0.0302263374 0.6350064815 0.551244856 2 0.6350148148 0.5702283951 2 0.6532759259 0.5706831276 2 0.6532416667 0.5506378601 2 0 0 0 0 0 0
0 0.6637037037 0.5582407407 0.0215185185 0.0302263374 0.6549907407 0.5522427984 2 0.6549990741 0.5712263374 2 0.6732601852 0.5716831276 2 0.6732259259 0.5516358025 2 0 0 0 0 0 0
0 0.6836759259 0.5593518519 0.0215185185 0.0302263374 0.6749694444 0.5547530864 2 0.6749703704 0.5723292181 2 0.6932314815 0.5727860082 2 0.6931175926 0.5554382716 2 0 0 0 0 0 0
0 0.6264490741 0.5546399177 0.0215648148 0.0261522634 0.6177490741 0.5650596708 2 0.6179722222 0.5452201646 2 0.6361361111 0.5455288066 2 0.6360731481 0.566399177 2 0 0 0 0 0 0
0 0.6471898148 0.5561419753 0.0215648148 0.0261522634 0.6384898148 0.5665699588 2 0.638712963 0.5467304527 2 0.6568768519 0.547037037 2 0.6568138889 0.567909465 2 0 0 0 0 0 0
0 0.6671898148 0.5579320988 0.0215648148 0.0261522634 0.6584898148 0.5683539095 2 0.658712963 0.5485144033 2 0.6768768519 0.5488230453 2 0.6768138889 0.5696934156 2 0 0 0 0 0 0
0 0.6878101852 0.5602572016 0.0215648148 0.0261522634 0.6791064815 0.5706872428 2 0.6793296296 0.5508477366 2 0.6974935185 0.5511563786 2 0.6974314815 0.572026749 2 0 0 0 0 0 0
0 0.6234814815 0.5298868313 0.0215185185 0.0302263374 0.6149157407 0.5223909465 2 0.6147740741 0.5428765432 2 0.6330351852 0.5433333333 2 0.6329564815 0.5218559671 2 0 0 0 0 0 0
0 0.643787037 0.531409465 0.0215185185 0.0302263374 0.6352240741 0.5239012346 2 0.6350824074 0.5443868313 2 0.6533435185 0.5448415638 2 0.6532657407 0.5233662551 2 0 0 0 0 0 0
0 0.6631111111 0.5322325103 0.0215185185 0.0302263374 0.6545453704 0.5247263374 2 0.6544037037 0.5452098765 2 0.6726648148 0.5456666667 2 0.6725861111 0.5241893004 2 0 0 0 0 0 0
0 0.6830462963 0.5333230453 0.0215185185 0.0302263374 0.6744138889 0.5276728395 2 0.6743416667 0.546308642 2 0.6926027778 0.5467633745 2 0.6925 0.527399177 2 0 0 0 0 0 0
0 0.627375 0.5281378601 0.0215648148 0.0261522634 0.618675 0.5385699588 2 0.6188981481 0.5187283951 2 0.637062037 0.519037037 2 0.6369990741 0.5399074074 2 0 0 0 0 0 0
0 0.6474398148 0.5300720165 0.0215648148 0.0261522634 0.6387361111 0.5404897119 2 0.6389592593 0.5206502058 2 0.6571231481 0.5209588477 2 0.6570611111 0.5418292181 2 0 0 0 0 0 0
0 0.6661435185 0.5314300412 0.0215648148 0.0261522634 0.6574398148 0.5418641975 2 0.657662963 0.5220226337 2 0.6758268519 0.5223312757 2 0.6757648148 0.5432016461 2 0 0 0 0 0 0
0 0.6869398148 0.5336316872 0.0215648148 0.0261522634 0.6782425926 0.5440596708 2 0.6784657407 0.5242201646 2 0.6966296296 0.524526749 2 0.6965675926 0.5453971193 2 0 0 0 0 0 0
0 0.6231666667 0.5026234568 0.0215185185 0.0302263374 0.6146009259 0.4951296296 2 0.6144592593 0.5156152263 2 0.6327203704 0.5160699588 2 0.6326425926 0.4945946502 2 0 0 0 0 0 0
0 0.6426574074 0.5033230453 0.0215185185 0.0302263374 0.6340916667 0.4958292181 2 0.63395 0.5163148148 2 0.6522111111 0.5167695473 2 0.6521333333 0.4952942387 2 0 0 0 0 0 0
0 0.66225 0.5051954733 0.0215185185 0.0302263374 0.653687037 0.4976934156 2 0.6535453704 0.5181769547 2 0.6718064815 0.5186337449 2 0.6717287037 0.4971584362 2 0 0 0 0 0 0
0 0.6823703704 0.5072942387 0.0215185185 0.0302263374 0.6736296296 0.5017366255 2 0.6736648148 0.5202757202 2 0.6919259259 0.5207304527 2 0.6919675926 0.5022016461 2 0 0 0 0 0 0
0 0.6847453704 0.5084670782 0.0215648148 0.0261522634 0.6760416667 0.5188950617 2 0.6762648148 0.4990555556 2 0.6944296296 0.4993621399 2 0.6943666667 0.5202325103 2 0 0 0 0 0 0
0 0.6652546296 0.5042695473 0.0215648148 0.0261522634 0.6563925926 0.5147901235 2 0.6561833333 0.4949835391 2 0.6749388889 0.4951666667 2 0.6748759259 0.5160390947 2 0 0 0 0 0 0
0 0.645337963 0.5035699588 0.0215648148 0.0261522634 0.6364824074 0.514090535 2 0.6362731481 0.4942839506 2 0.6550287037 0.4944691358 2 0.6549666667 0.5153395062 2 0 0 0 0 0 0
0 0.6254027778 0.5006069959 0.0215648148 0.0261522634 0.6165444444 0.5111213992 2 0.6163342593 0.4913148148 2 0.6350907407 0.4915 2 0.6350277778 0.5123703704 2 0 0 0 0 0 0
0 0.6227222222 0.476100823 0.0215185185 0.0302263374 0.6141564815 0.4686069959 2 0.6140148148 0.4890925926 2 0.6322759259 0.4895473251 2 0.6322537037 0.469845679 2 0 0 0 0 0 0
0 0.6263842593 0.4760596708 0.0215648148 0.0261522634 0.6175231481 0.4865781893 2 0.6173138889 0.4667716049 2 0.6360694444 0.4669567901 2 0.6360074074 0.4878271605 2 0 0 0 0 0 0
0 0.6421018519 0.4774794239 0.0215185185 0.0302263374 0.6335388889 0.4699794239 2 0.6333972222 0.4904650206 2 0.6516583333 0.4909218107 2 0.6516361111 0.471218107 2 0 0 0 0 0 0
0 0.6461342593 0.4772942387 0.0215648148 0.0261522634 0.6372768519 0.4878127572 2 0.6370666667 0.4680082305 2 0.6558222222 0.468191358 2 0.6557601852 0.489063786 2 0 0 0 0 0 0
0 0.6616111111 0.4793930041 0.0215185185 0.0302263374 0.6530453704 0.4719012346 2 0.6529037037 0.4923868313 2 0.6711648148 0.4928415638 2 0.6711425926 0.4731399177 2 0 0 0 0 0 0
0 0.6817962963 0.4815946502 0.0215185185 0.0302263374 0.6732305556 0.4740987654 2 0.6730888889 0.4945823045 2 0.69135 0.4950390947 2 0.6913277778 0.4753353909 2 0 0 0 0 0 0
0 0.6651527778 0.4800514403 0.0215648148 0.0261522634 0.6562888889 0.4905596708 2 0.6560796296 0.4707530864 2 0.6748351852 0.470936214 2 0.6747722222 0.491808642 2 0 0 0 0 0 0
0 0.685337963 0.4825205761 0.0215648148 0.0261522634 0.6764740741 0.4930288066 2 0.6762638889 0.4732242798 2 0.6950203704 0.4734074074 2 0.6949574074 0.4942798354 2 0 0 0 0 0 0
0 0.6229259259 0.4515123457 0.0215185185 0.0302263374 0.6143601852 0.4440205761 2 0.6142185185 0.4645061728 2 0.6324787037 0.4649609053 2 0.6324574074 0.4452592593 2 0 0 0 0 0 0
0 0.6418518519 0.4525823045 0.0215185185 0.0302263374 0.6332851852 0.4450761317 2 0.6331435185 0.4655617284 2 0.6514046296 0.4660164609 2 0.6513833333 0.4463148148 2 0 0 0 0 0 0
0 0.66125 0.4540843621 0.0215185185 0.0302263374 0.6526861111 0.4465843621 2 0.6525444444 0.4670699588 2 0.6708055556 0.467526749 2 0.6707833333 0.4478230453 2 0 0 0 0 0 0
0 0.6831481481 0.4539814815 0.0215185185 0.0302263374 0.6744138889 0.4519423868 2 0.6744425926 0.4669711934 2 0.6896601852 0.4670411523 2 0.6897842593 0.4513930041 2 0 0 0 0 0 0
0 0.6624907407 0.3960390947 0.0242037037 0.0302263374 0.6514268519 0.3881975309 2 0.6514268519 0.409127572 2 0.6732666667 0.4094279835 2 0.6732194444 0.3890555556 2 0 0 0 0 0 0
0 0.6253148148 0.4514917695 0.0207777778 0.0261522634 0.6158981481 0.4609897119 2 0.615812037 0.4419691358 2 0.6340175926 0.4422139918 2 0.6340796296 0.4623930041 2 0 0 0 0 0 0
0 0.64475 0.4542078189 0.0207777778 0.0261522634 0.6353342593 0.4637078189 2 0.6352481481 0.4446872428 2 0.6534537037 0.4449320988 2 0.6535157407 0.4651111111 2 0 0 0 0 0 0
0 0.6638240741 0.4561213992 0.0207777778 0.0261522634 0.6544037037 0.4656111111 2 0.6543175926 0.446590535 2 0.6725240741 0.4468353909 2 0.6725851852 0.4670144033 2 0 0 0 0 0 0
0 0.6839907407 0.4612860082 0.0207777778 0.0261522634 0.6745740741 0.4707757202 1 0.674487963 0.451755144 1 0.6887101852 0.4520720165 2 0.6888324074 0.4662057613 2 0 0 0 0 0 0
0 0.6386388889 0.394845679 0.0252962963 0.0340534979 0.6274537037 0.3805020576 2 0.6278166667 0.4061522634 2 0.6502148148 0.4072736626 2 0.6499074074 0.3859567901 2 0 0 0 0 0 0
0 0.615287037 0.3910596708 0.0242037037 0.0340534979 0.6040212963 0.3779218107 2 0.6042185185 0.4022283951 2 0.6263194444 0.403473251 2 0.6260111111 0.3821563786 2 0 0 0 0 0 0
0 0.6105787037 0.3865020576 0.0243796296 0.0341563786 0.5993759259 0.3993600823 2 0.5992796296 0.3729773663 2 0.6211574074 0.3770576132 2 0.6217055556 0.4017983539 2 0 0 0 0 0 0
0 0.6353796296 0.3915946502 0.0246111111 0.0356995885 0.6237592593 0.4011975309 2 0.623962963 0.3772860082 2 0.6466425926 0.3815658436 2 0.6464101852 0.4030041152 2 0 0 0 0 0 0
0 0.6583564815 0.393127572 0.0257685185 0.032345679 0.6474555556 0.4035205761 2 0.6473388889 0.383117284 2 0.6695611111 0.3838415638 2 0.6696231481 0.4040205761 2 0 0 0 0 0 0
0 0.6641759259 0.3668209877 0.0250185185 0.0302263374 0.6532592593 0.3535967078 2 0.6532592593 0.3794465021 2 0.6753592593 0.3802160494 2 0.6751157407 0.3551460905 2 0 0 0 0 0 0
0 0.6418796296 0.3637962963 0.0250185185 0.0344238683 0.630962037 0.3484753086 2 0.630962037 0.3743271605 2 0.6512296296 0.3766954733 2 0.6512296296 0.3503930041 2 0 0 0 0 0 0
0 0.616912037 0.36031893 0.027212963 0.0344238683 0.6052740741 0.3448065844 2 0.6049601852 0.3701790123 2 0.627362037 0.3732037037 2 0.627362037 0.3469012346 2 0 0 0 0 0 0
0 0.6115231481 0.3525102881 0.0243796296 0.0341563786 0.6003175926 0.3653744856 2 0.6002490741 0.3403847737 2 0.6220990741 0.3430740741 2 0.6226481481 0.3678127572 2 0 0 0 0 0 0
0 0.6357083333 0.3560082305 0.0243796296 0.0341563786 0.6245 0.3688662551 2 0.6244305556 0.3438765432 2 0.6462814815 0.3465658436 2 0.6468296296 0.3713045267 2 0 0 0 0 0 0
0 0.6598842593 0.3604320988 0.0243796296 0.0341563786 0.6486814815 0.3732880658 2 0.648612963 0.3483004115 2 0.670462963 0.3509876543 2 0.6710111111 0.3757263374 2 0 0 0 0 0 0
0 0.6663148148 0.3346604938 0.0250185185 0.0302263374 0.6553935185 0.3214300412 2 0.6553935185 0.347281893 2 0.6774935185 0.3480514403 2 0.67725 0.3229814815 2 0 0 0 0 0 0
0 0.6433888889 0.3313271605 0.0250185185 0.0302263374 0.6324703704 0.318090535 2 0.6324703704 0.3439423868 2 0.6545703704 0.3447119342 2 0.6543277778 0.3196419753 2 0 0 0 0 0 0
0 0.6183333333 0.3255246914 0.0250185185 0.0302263374 0.6074138889 0.3122921811 2 0.6074138889 0.3381419753 2 0.6295138889 0.3389115226 2 0.6292703704 0.3138415638 2 0 0 0 0 0 0
0 0.6133472222 0.3205349794 0.0243796296 0.0341563786 0.6021361111 0.3333847737 2 0.6020675926 0.3083971193 2 0.6239175926 0.3110843621 2 0.6244657407 0.3358230453 2 0 0 0 0 0 0
0 0.6368194444 0.3244032922 0.0243796296 0.0341563786 0.625612037 0.3372510288 2 0.6255435185 0.3122633745 2 0.6473935185 0.3149506173 2 0.6479416667 0.339691358 2 0 0 0 0 0 0
0 0.6612453704 0.3287860082 0.0243796296 0.0341563786 0.650037037 0.3416460905 2 0.6499685185 0.3166563786 2 0.6718185185 0.319345679 2 0.6723666667 0.3440843621 2 0 0 0 0 0 0
0 0.6208425926 0.2944238683 0.0250185185 0.0325102881 0.609925 0.2800576132 2 0.609925 0.305909465 2 0.6318648148 0.3089979424 2 0.6317814815 0.2816090535 2 0 0 0 0 0 0
0 0.6442407407 0.2974691358 0.0250185185 0.0325102881 0.6333231481 0.2831049383 2 0.6333231481 0.3089567901 2 0.655262963 0.3120432099 2 0.6551851852 0.2867942387 2 0 0 0 0 0 0
0 0.6677314815 0.3023251029 0.0250185185 0.0325102881 0.6568092593 0.2879485597 2 0.6568092593 0.3137983539 2 0.6787490741 0.3168868313 2 0.6786666667 0.2894979424 2 0 0 0 0 0 0
0 0.6159027778 0.2876748971 0.0243796296 0.0341563786 0.6046935185 0.3005329218 2 0.6046240741 0.2755452675 2 0.6264740741 0.2782325103 2 0.6270231481 0.302973251 2 0 0 0 0 0 0
0 0.6393842593 0.2906378601 0.0243796296 0.0341563786 0.6281796296 0.3034814815 2 0.6283592593 0.2794670782 2 0.6498888889 0.2825781893 2 0.6505092593 0.3059197531 2 0 0 0 0 0 0
0 0.6630601852 0.2976028807 0.0243796296 0.0375925926 0.6518555556 0.3087469136 2 0.651787037 0.2837572016 2 0.6729648148 0.2879485597 2 0.6730861111 0.3138353909 2 0 0 0 0 0 0
0 0.666787037 0.2726748971 0.0250185185 0.0325102881 0.6558648148 0.2589382716 2 0.6557407407 0.2828209877 2 0.6778046296 0.2872489712 2 0.6775314815 0.2637427984 2 0 0 0 0 0 0
0 0.6425185185 0.2664609053 0.0250185185 0.0325102881 0.6316018519 0.2527119342 2 0.6312583333 0.278872428 2 0.6535425926 0.2810246914 2 0.6532685185 0.2575164609 2 0 0 0 0 0 0
0 0.6198611111 0.2608230453 0.0250185185 0.0325102881 0.6084296296 0.2498230453 2 0.6085962963 0.2732407407 2 0.6302259259 0.2765020576 2 0.6302925926 0.2535288066 2 0 0 0 0 0 0
0 0.6168287037 0.2581893004 0.0243796296 0.0341563786 0.6056259259 0.2710390947 2 0.6055574074 0.2460493827 2 0.6274074074 0.2487386831 2 0.6279555556 0.2734773663 2 0 0 0 0 0 0
0 0.6400324074 0.2617489712 0.0243796296 0.0341563786 0.6288222222 0.2745946502 2 0.6287537037 0.2496069959 2 0.6506037037 0.2522942387 2 0.6511518519 0.2770349794 2 0 0 0 0 0 0
0 0.6632268519 0.2664814815 0.0243796296 0.0341563786 0.6520185185 0.2793374486 2 0.65195 0.2543497942 2 0.6734185185 0.2599053498 2 0.6736185185 0.2818415638 2 0 0 0 0 0 0
0 0.5321759259 0.2422839506 0.0273333333 0.0325102881 0.5195925926 0.2312798354 2 0.5200472222 0.2560020576 2 0.5442537037 0.2562613169 2 0.5440222222 0.2330802469 2 0 0 0 0 0 0
0 0.5339166667 0.2739506173 0.0273333333 0.0325102881 0.5213296296 0.2629567901 2 0.5217842593 0.28768107 2 0.5459916667 0.2879382716 2 0.5457601852 0.2647592593 2 0 0 0 0 0 0
0 0.5337962963 0.3100205761 0.0273333333 0.0325102881 0.5212138889 0.2990144033 2 0.5216685185 0.3237386831 2 0.5458759259 0.3239958848 2 0.5456444444 0.3008168724 2 0 0 0 0 0 0
0 0.5335648148 0.3432304527 0.0273333333 0.0325102881 0.5209824074 0.3322386831 2 0.521437037 0.3569609053 2 0.5456435185 0.357218107 2 0.545412037 0.3340390947 2 0 0 0 0 0 0
0 0.5325277778 0.3767283951 0.0273333333 0.0325102881 0.5199398148 0.3657201646 2 0.5203944444 0.3904423868 2 0.5446018519 0.3906995885 2 0.5443703704 0.3675205761 2 0 0 0 0 0 0
0 0.5360648148 0.2409259259 0.0264814815 0.0369958848 0.5238092593 0.2523580247 2 0.5237407407 0.2273683128 2 0.5477907407 0.228909465 2 0.5476990741 0.2557119342 2 0 0 0 0 0 0
0 0.5391018519 0.2724279835 0.0264814815 0.0369958848 0.5268462963 0.2838559671 2 0.5267777778 0.2588662551 2 0.5508277778 0.2604074074 2 0.5507361111 0.2872098765 2 0 0 0 0 0 0
0 0.5378981481 0.3051234568 0.0264814815 0.0369958848 0.5256407407 0.3165617284 2 0.5255722222 0.2915720165 2 0.5496222222 0.2931131687 2 0.5495305556 0.3199156379 2 0 0 0 0 0 0
0 0.5389907407 0.340617284 0.0264814815 0.0369958848 0.5267314815 0.3520534979 2 0.526662963 0.3270658436 2 0.550712963 0.3286049383 2 0.5506212963 0.3554074074 2 0 0 0 0 0 0
0 0.5368888889 0.3751440329 0.0264814815 0.0369958848 0.5246314815 0.3865720165 2 0.524562037 0.3615843621 2 0.548612037 0.3631234568 2 0.5485212963 0.3899259259 2 0 0 0 0 0 0
0 0.5581851852 0.3797736626 0.0273333333 0.0325102881 0.5455990741 0.3687654321 2 0.5460537037 0.3934876543 2 0.5702611111 0.3937469136 2 0.5700287037 0.3705658436 2 0 0 0 0 0 0
0 0.5620925926 0.3783950617 0.0264814815 0.0369958848 0.5498333333 0.3898209877 2 0.5497648148 0.3648333333 2 0.5738148148 0.366372428 2 0.5737240741 0.3931748971 2 0 0 0 0 0 0
0 0.5834814815 0.3824074074 0.0273333333 0.0325102881 0.5713037037 0.3710864198 2 0.571212037 0.3956563786 2 0.5955546296 0.3963847737 2 0.5953231481 0.3732057613 2 0 0 0 0 0 0
0 0.5869259259 0.3802057613 0.0264814815 0.0369958848 0.5746712963 0.3916481481 2 0.5746027778 0.3666604938 2 0.5986518519 0.3681995885 2 0.5985611111 0.3950020576 2 0 0 0 0 0 0
0 0.564462963 0.3438683128 0.0264814815 0.0369958848 0.5522083333 0.3553024691 2 0.5521388889 0.3303148148 2 0.5761888889 0.3318539095 2 0.5760981481 0.3586563786 2 0 0 0 0 0 0
0 0.589212963 0.3473251029 0.0264814815 0.0369958848 0.5773305556 0.359026749 2 0.5773305556 0.3340514403 2 0.5997027778 0.3350679012 2 0.5994287037 0.3624794239 2 0 0 0 0 0 0
0 0.58375 0.3509259259 0.0273333333 0.0325102881 0.5715777778 0.3396152263 2 0.5714861111 0.3641831276 2 0.5958287037 0.3649135802 2 0.5955972222 0.3417345679 2 0 0 0 0 0 0
0 0.5585462963 0.348909465 0.0273333333 0.0325102881 0.546375 0.3375843621 2 0.5462842593 0.3621522634 2 0.5706259259 0.362882716 2 0.5703944444 0.3397037037 2 0 0 0 0 0 0
0 0.559962963 0.311872428 0.0273333333 0.0325102881 0.5473777778 0.3008662551 2 0.5478324074 0.3255884774 2 0.5720398148 0.3258477366 2 0.5718083333 0.3026666667 2 0 0 0 0 0 0
0 0.5850555556 0.3150411523 0.0273333333 0.0325102881 0.5724722222 0.3040390947 2 0.5729259259 0.3287633745 2 0.5953083333 0.3289876543 2 0.5952472222 0.3055164609 2 0 0 0 0 0 0
0 0.5625 0.3107201646 0.0264814815 0.0369958848 0.5502407407 0.3221481481 2 0.5501722222 0.2971604938 2 0.5742222222 0.2986995885 2 0.5741314815 0.3255020576 2 0 0 0 0 0 0
0 0.5879166667 0.3155761317 0.0264814815 0.0369958848 0.5756601852 0.3270123457 2 0.5755916667 0.3020226337 2 0.5996416667 0.303563786 2 0.59955 0.3303662551 2 0 0 0 0 0 0
0 0.5594907407 0.27718107 0.0273333333 0.0325102881 0.5469037037 0.2661831276 2 0.5473574074 0.2909074074 2 0.5705861111 0.2909794239 2 0.5705861111 0.2675061728 2 0 0 0 0 0 0
0 0.5635972222 0.2762757202 0.02525 0.0369958848 0.5519564815 0.2877057613 2 0.551887037 0.262718107 2 0.5750268519 0.2644176955 2 0.5749453704 0.290936214 2 0 0 0 0 0 0
0 0.5883657407 0.281255144 0.02525 0.0369958848 0.5767222222 0.2926872428 2 0.5766537037 0.2676995885 2 0.5997935185 0.269399177 2 0.5997111111 0.2959176955 2 0 0 0 0 0 0
0 0.5831388889 0.2838477366 0.0273333333 0.0325102881 0.5715740741 0.2692263374 2 0.5716361111 0.2972283951 2 0.5942333333 0.2976378601 2 0.5942333333 0.2741666667 2 0 0 0 0 0 0
0 0.5578611111 0.2443415638 0.0273333333 0.0325102881 0.5452712963 0.2333374486 2 0.5457259259 0.2580617284 2 0.5699333333 0.25831893 2 0.5697018519 0.2351399177 2 0 0 0 0 0 0
0 0.5611944444 0.2429835391 0.0264814815 0.0369958848 0.5489324074 0.2544176955 2 0.5488638889 0.2294279835 2 0.5729138889 0.2309691358 2 0.5728231481 0.2577695473 2 0 0 0 0 0 0
0 0.5831018519 0.2487242798 0.0273333333 0.0325102881 0.5705185185 0.2377304527 2 0.5709731481 0.2624547325 2 0.5936111111 0.2630740741 2 0.5934259259 0.2389156379 2 0 0 0 0 0 0
0 0.5843333333 0.2484773663 0.0233888889 0.0369958848 0.5736240741 0.2599074074 2 0.5735555556 0.2349176955 2 0.594475 0.2369917695 2 0.5943518519 0.2641707819 2 0 0 0 0 0 0
0 0.4825555556 0.2407407407 0.0273333333 0.0325102881 0.4704259259 0.2290617284 2 0.4704212963 0.2544691358 2 0.4946240741 0.255691358 2 0.4943972222 0.2315473251 2 0 0 0 0 0 0
0 0.4556481481 0.2378395062 0.029 0.0325102881 0.442037037 0.224909465 2 0.441975 0.2512654321 2 0.4685490741 0.2527777778 2 0.4683222222 0.2286316872 2 0 0 0 0 0 0
0 0.4309537037 0.2342592593 0.0239444444 0.0325102881 0.4201546296 0.2218251029 2 0.4202777778 0.248590535 2 0.4413268519 0.2492078189 2 0.4411 0.225063786 2 0 0 0 0 0 0
0 0.4866203704 0.2409259259 0.0264814815 0.0369958848 0.4743648148 0.2523580247 2 0.4742962963 0.2273683128 2 0.4983462963 0.228909465 2 0.4982546296 0.2557119342 2 0 0 0 0 0 0
0 0.4603240741 0.2354320988 0.0264814815 0.0369958848 0.4480685185 0.2468683128 2 0.448 0.2218786008 2 0.47205 0.2234197531 2 0.4719583333 0.2502201646 2 0 0 0 0 0 0
0 0.4339722222 0.2311728395 0.0264814815 0.0369958848 0.4217101852 0.2426111111 2 0.4216416667 0.2176234568 2 0.4456916667 0.2191625514 2 0.4456 0.2459650206 2 0 0 0 0 0 0
0 0.4273240741 0.2665020576 0.0285 0.0325102881 0.4142472222 0.2540658436 2 0.4143703704 0.2808312757 2 0.4396740741 0.2807962963 2 0.4396740741 0.2560185185 2 0 0 0 0 0 0
0 0.4330277778 0.2634156379 0.0264814815 0.0369958848 0.4207703704 0.2748518519 2 0.4206175926 0.2507901235 2 0.4446916667 0.2528497942 2 0.4446611111 0.2782057613 2 0 0 0 0 0 0
0 0.4588240741 0.2672222222 0.0264814815 0.0369958848 0.4465685185 0.2786522634 2 0.4465 0.2536646091 2 0.4708824074 0.256526749 2 0.4711805556 0.2848271605 2 0 0 0 0 0 0
0 0.4856388889 0.2715432099 0.0264814815 0.0369958848 0.4733768519 0.2829670782 2 0.4733083333 0.2579773663 2 0.4973583333 0.2595185185 2 0.4972666667 0.2863209877 2 0 0 0 0 0 0
0 0.4277222222 0.2945679012 0.0264814815 0.0369958848 0.415462037 0.3060102881 2 0.4153083333 0.2819485597 2 0.4393824074 0.2840082305 2 0.4393518519 0.3093641975 2 0 0 0 0 0 0
0 0.4218055556 0.2990123457 0.0285 0.0325102881 0.4087240741 0.2865740741 2 0.4088472222 0.3133395062 2 0.4341509259 0.3133045267 2 0.4343138889 0.2878106996 2 0 0 0 0 0 0
0 0.4608055556 0.2976337449 0.0264814815 0.0369958848 0.4485472222 0.3090576132 2 0.4483935185 0.2849958848 2 0.4724675926 0.2870534979 2 0.472437037 0.3124115226 2 0 0 0 0 0 0
0 0.4893888889 0.3022016461 0.0264814815 0.0369958848 0.4771287037 0.3136296296 2 0.4769759259 0.2895658436 2 0.50105 0.2916255144 2 0.5010194444 0.3169835391 2 0 0 0 0 0 0
0 0.450037037 0.3004526749 0.0285 0.0325102881 0.4369564815 0.2880205761 2 0.4370796296 0.3147860082 2 0.4623833333 0.3147510288 2 0.4623833333 0.289973251 2 0 0 0 0 0 0
0 0.4767592593 0.3039506173 0.0285 0.0325102881 0.4636787037 0.2915020576 2 0.4638018519 0.3182674897 2 0.4891064815 0.3182325103 2 0.4891064815 0.2934547325 2 0 0 0 0 0 0
0 0.4188240741 0.3335596708 0.0285 0.0325102881 0.4057444444 0.3211193416 2 0.4058685185 0.3478847737 2 0.4311722222 0.3478497942 2 0.4311722222 0.3230720165 2 0 0 0 0 0 0
0 0.4273240741 0.3300617284 0.0292222222 0.0369958848 0.4137 0.3414897119 2 0.4135462963 0.3174259259 2 0.4409685185 0.3184897119 2 0.4408703704 0.3450432099 2 0 0 0 0 0 0
0 0.4569907407 0.3328806584 0.0292222222 0.0369958848 0.4433592593 0.34431893 2 0.4432055556 0.320255144 2 0.4687185185 0.3218683128 2 0.4687185185 0.3484218107 2 0 0 0 0 0 0
0 0.4845925926 0.337037037 0.0292222222 0.0369958848 0.4709601852 0.3484650206 2 0.4708064815 0.3244032922 2 0.4963194444 0.3260144033 2 0.4963194444 0.3525679012 2 0 0 0 0 0 0
0 0.4470462963 0.3393621399 0.0285 0.0325102881 0.4339675926 0.3269238683 2 0.4340907407 0.3536893004 2 0.4593944444 0.353654321 2 0.4593944444 0.3288765432 2 0 0 0 0 0 0
0 0.4750185185 0.3396296296 0.0285 0.0325102881 0.4619407407 0.3272016461 2 0.4620638889 0.3539670782 2 0.4873685185 0.3539320988 2 0.4873685185 0.329154321 2 0 0 0 0 0 0
0 0.4269537037 0.3670987654 0.0292222222 0.0369958848 0.4133268519 0.3785349794 2 0.4131740741 0.3544711934 2 0.4396861111 0.3555061728 2 0.4396861111 0.3828765432 2 0 0 0 0 0 0
0 0.4554259259 0.3693209877 0.0292222222 0.0369958848 0.4417981481 0.3807469136 2 0.4416444444 0.3566831276 2 0.4681574074 0.357718107 2 0.4681574074 0.3850884774 2 0 0 0 0 0 0
0 0.4826574074 0.3698559671 0.0292222222 0.0369958848 0.4690259259 0.3812983539 2 0.4688731481 0.3572366255 2 0.4933333333 0.3585473251 2 0.4933333333 0.3845349794 2 0 0 0 0 0 0
0 0.4205648148 0.3695061728 0.0285 0.0325102881 0.4074851852 0.3570576132 2 0.4076083333 0.3838251029 2 0.432912963 0.3837901235 2 0.432912963 0.3590123457 2 0 0 0 0 0 0
0 0.4476666667 0.3700411523 0.0285 0.0325102881 0.4345888889 0.3576111111 2 0.434712037 0.3843765432 2 0.4600157407 0.3843415638 2 0.4600157407 0.359563786 2 0 0 0 0 0 0
0 0.4755185185 0.3747530864 0.0285 0.0325102881 0.462437963 0.3623106996 2 0.462562037 0.3890761317 2 0.4878657407 0.3890432099 2 0.4878657407 0.3642633745 2 0 0 0 0 0 0
0 0.3771759259 0.3544855967 0.0322962963 0.0390946502 0.3634111111 0.3420144033 2 0.3632481481 0.371117284 2 0.391412963 0.3720720165 2 0.391412963 0.3472942387 2 0 0 0 0 0 0
0 0.3470185185 0.3517695473 0.0322962963 0.0390946502 0.3332518519 0.3393024691 2 0.3330898148 0.3684053498 2 0.3612537037 0.3693600823 2 0.3612537037 0.3445823045 2 0 0 0 0 0 0
0 0.3166111111 0.3494238683 0.0322962963 0.0390946502 0.3028490741 0.3369526749 2 0.302687037 0.3660555556 2 0.3308518519 0.3670102881 2 0.3308518519 0.3422325103 2 0 0 0 0 0 0
0 0.3724814815 0.3510699588 0.0306296296 0.0397119342 0.3581268519 0.3640555556 2 0.3579990741 0.3370802469 2 0.3851157407 0.339473251 2 0.3854407407 0.3671296296 2 0 0 0 0 0 0
0 0.3424907407 0.3483539095 0.0306296296 0.0397119342 0.3281305556 0.361345679 2 0.3280490741 0.3361337449 2 0.3551194444 0.3367613169 2 0.3554444444 0.3644176955 2 0 0 0 0 0 0
0 0.3124074074 0.3469135802 0.0325740741 0.0397119342 0.2970777778 0.359899177 2 0.2969962963 0.3346872428 2 0.3271555556 0.3357716049 2 0.3268296296 0.3632469136 2 0 0 0 0 0 0
0 0.3745740741 0.3195884774 0.0322962963 0.0390946502 0.3608101852 0.307127572 2 0.3606472222 0.3362304527 2 0.388812037 0.3371851852 2 0.388812037 0.3124074074 2 0 0 0 0 0 0
0 0.3450648148 0.3167078189 0.0322962963 0.0390946502 0.3313009259 0.3042345679 2 0.3311388889 0.3333374486 2 0.3593027778 0.3342921811 2 0.3593027778 0.3095144033 2 0 0 0 0 0 0
0 0.3136851852 0.3150823045 0.0322962963 0.0390946502 0.3008166667 0.3023477366 2 0.3013046296 0.3318127572 2 0.327925 0.3326666667 2 0.327925 0.3078888889 2 0 0 0 0 0 0
0 0.3116944444 0.3097530864 0.0325740741 0.0397119342 0.2963666667 0.3227489712 2 0.2962851852 0.297537037 2 0.3249027778 0.2985432099 2 0.3253768519 0.3262078189 2 0 0 0 0 0 0
0 0.3419259259 0.3119341564 0.0325740741 0.0397119342 0.3265981481 0.3249300412 2 0.3265166667 0.299718107 2 0.3551342593 0.3007263374 2 0.3556074074 0.3283909465 2 0 0 0 0 0 0
0 0.372287037 0.3144238683 0.0325740741 0.0397119342 0.3569601852 0.3274053498 2 0.3568787037 0.302191358 2 0.3854962963 0.3031995885 2 0.3859703704 0.3308641975 2 0 0 0 0 0 0
0 0.37475 0.2825102881 0.0322962963 0.0390946502 0.3609796296 0.2700473251 2 0.3608175926 0.2991481481 2 0.3889824074 0.3001028807 2 0.3889824074 0.2753251029 2 0 0 0 0 0 0
0 0.3454814815 0.2810082305 0.0322962963 0.0390946502 0.331712037 0.2685329218 2 0.3315490741 0.2976358025 2 0.3597138889 0.298590535 2 0.3597138889 0.2738127572 2 0 0 0 0 0 0
0 0.3143333333 0.2775925926 0.0322962963 0.0390946502 0.3005722222 0.265127572 2 0.3004092593 0.2942304527 2 0.3285740741 0.2951851852 2 0.3285740741 0.2704074074 2 0 0 0 0 0 0
0 0.31025 0.270781893 0.0325740741 0.0397119342 0.2949361111 0.2872407407 2 0.2948388889 0.258563786 2 0.3234564815 0.2595699588 2 0.3239296296 0.2872345679 2 0 0 0 0 0 0
0 0.3413055556 0.2741975309 0.0325740741 0.0397119342 0.3259916667 0.2906460905 2 0.3258935185 0.2619691358 2 0.3536851852 0.2628292181 2 0.3537703704 0.2912078189 2 0 0 0 0 0 0
0 0.3715092593 0.277037037 0.0325740741 0.0397119342 0.3561953704 0.2934835391 2 0.3560981481 0.2648065844 2 0.3838898148 0.2656666667 2 0.383975 0.2940452675 2 0 0 0 0 0 0
0 0.3708055556 0.2437654321 0.0322962963 0.0390946502 0.3570388889 0.2313024691 2 0.3568759259 0.2604053498 2 0.3850407407 0.2613600823 2 0.3850407407 0.2365823045 2 0 0 0 0 0 0
0 0.3412407407 0.2424691358 0.0322962963 0.0390946502 0.3274759259 0.23 2 0.3273138889 0.259100823 2 0.3554787037 0.2600555556 2 0.3554787037 0.2352777778 2 0 0 0 0 0 0
0 0.3104814815 0.2384979424 0.0322962963 0.0390946502 0.2967194444 0.2260288066 2 0.2965564815 0.2551316872 2 0.3247212963 0.2560864198 2 0.3247212963 0.231308642 2 0 0 0 0 0 0
0 0.3078981481 0.2350617284 0.0325740741 0.0397119342 0.2925833333 0.2515102881 2 0.2924851852 0.2228333333 2 0.3211027778 0.2238395062 2 0.3215768519 0.2515041152 2 0 0 0 0 0 0
0 0.3377592593 0.237037037 0.0325740741 0.0397119342 0.3224472222 0.2534958848 2 0.32235 0.22481893 2 0.3509666667 0.2258251029 2 0.3514407407 0.2534897119 2 0 0 0 0 0 0
0 0.3680277778 0.2410082305 0.0325740741 0.0397119342 0.3527175926 0.2574670782 2 0.3526194444 0.2287880658 2 0.381237037 0.2297942387 2 0.3817111111 0.2574609053 2 0 0 0 0 0 0
0 0.3076481481 0.2015020576 0.0322962963 0.0390946502 0.2938787037 0.189037037 2 0.2937166667 0.2181378601 2 0.3218814815 0.2190925926 2 0.3218814815 0.1943148148 2 0 0 0 0 0 0
0 0.3049722222 0.1971604938 0.0325740741 0.0397119342 0.2896611111 0.2136152263 2 0.2895638889 0.1849382716 2 0.3181814815 0.1859444444 2 0.3186555556 0.2136090535 2 0 0 0 0 0 0
0 0.3371296296 0.2041563786 0.0322962963 0.0390946502 0.3233666667 0.1916851852 2 0.3232037037 0.2207880658 2 0.3513685185 0.2217427984 2 0.3513685185 0.1969650206 2 0 0 0 0 0 0
0 0.3668148148 0.2076748971 0.0322962963 0.0390946502 0.3530527778 0.195218107 2 0.3528898148 0.2243209877 2 0.3810546296 0.2252757202 2 0.3810546296 0.2004979424 2 0 0 0 0 0 0
0 0.3355555556 0.2002469136 0.0325740741 0.0397119342 0.3202416667 0.2167078189 2 0.3201435185 0.1880288066 2 0.3477453704 0.1898950617 2 0.3478444444 0.2174917695 2 0 0 0 0 0 0
0 0.3651388889 0.204218107 0.0325740741 0.0397119342 0.3498277778 0.22068107 2 0.3497305556 0.1920020576 2 0.3773314815 0.1938703704 2 0.3774314815 0.2214670782 2 0 0 0 0 0 0
0 0.2763703704 0.3501646091 0.0322962963 0.0390946502 0.2616666667 0.3372716049 2 0.2617287037 0.3673312757 2 0.2906083333 0.3677592593 2 0.2906175926 0.3389176955 2 0 0 0 0 0 0
0 0.2446666667 0.3490329218 0.0322962963 0.0390946502 0.2299583333 0.3361440329 2 0.2300203704 0.3662057613 2 0.2589 0.3666337449 2 0.2589092593 0.3377921811 2 0 0 0 0 0 0
0 0.2113055556 0.3481069959 0.0334259259 0.0409876543 0.1960388889 0.3342530864 2 0.1961009259 0.3643148148 2 0.2265231481 0.3648415638 2 0.2266185185 0.3354279835 2 0 0 0 0 0 0
0 0.2051666667 0.344382716 0.0325740741 0.0397119342 0.1898388889 0.3573765432 2 0.1899583333 0.3299115226 2 0.2197203704 0.3303312757 2 0.2195916667 0.3607263374 2 0 0 0 0 0 0
0 0.2368240741 0.3460699588 0.0325740741 0.0397119342 0.2214907407 0.3590576132 2 0.2216101852 0.3315925926 2 0.2513731481 0.3320123457 2 0.2512435185 0.3624074074 2 0 0 0 0 0 0
0 0.269037037 0.347962963 0.0325740741 0.0397119342 0.2536407407 0.3619465021 2 0.2538296296 0.3334835391 2 0.2835916667 0.3339032922 2 0.283462037 0.3642983539 2 0 0 0 0 0 0
0 0.2711759259 0.3148765432 0.0322962963 0.0390946502 0.2564703704 0.3019753086 2 0.2565314815 0.3320349794 2 0.2854111111 0.332462963 2 0.2854203704 0.3036213992 2 0 0 0 0 0 0
0 0.2657314815 0.311399177 0.0325740741 0.0397119342 0.2509 0.3265555556 2 0.2507111111 0.2965123457 2 0.2802842593 0.297345679 2 0.2802842593 0.3269753086 2 0 0 0 0 0 0
0 0.24 0.3121399177 0.0322962963 0.0390946502 0.2252907407 0.2992427984 2 0.2253527778 0.3293045267 2 0.2542314815 0.3297325103 2 0.2542416667 0.3008909465 2 0 0 0 0 0 0
0 0.2066064815 0.3105967078 0.0344537037 0.0390946502 0.1912962963 0.2968703704 2 0.1912342593 0.3281666667 2 0.221925 0.3281893004 2 0.2219342593 0.2993477366 2 0 0 0 0 0 0
0 0.2338518519 0.3106995885 0.0336296296 0.0397119342 0.2182407407 0.3265185185 2 0.2183027778 0.2961851852 2 0.2481481481 0.2956419753 2 0.2481481481 0.3274876543 2 0 0 0 0 0 0
0 0.2014907407 0.310308642 0.0343703704 0.0397119342 0.1864055556 0.327100823 2 0.1864055556 0.2949814815 2 0.2161592593 0.2952572016 2 0.2161731481 0.3258292181 2 0 0 0 0 0 0
0 0.2678611111 0.2759876543 0.0322962963 0.0390946502 0.2531527778 0.2630843621 2 0.2532148148 0.2931440329 2 0.2820944444 0.2935720165 2 0.2821037037 0.2647304527 2 0 0 0 0 0 0
0 0.2346111111 0.2734567901 0.0322962963 0.0390946502 0.2197222222 0.2629876543 2 0.2199685185 0.2906296296 2 0.2488481481 0.2910576132 2 0.2489509259 0.2646358025 2 0 0 0 0 0 0
0 0.2017037037 0.2726337449 0.0335740741 0.0390946502 0.186812037 0.2594444444 2 0.1867361111 0.2897860082 2 0.2165824074 0.2902201646 2 0.2165916667 0.2613786008 2 0 0 0 0 0 0
0 0.1973425926 0.2719341564 0.0343703704 0.0397119342 0.1822592593 0.2887139918 2 0.1822592593 0.2565946502 2 0.212012963 0.2568683128 2 0.2120268519 0.2874403292 2 0 0 0 0 0 0
0 0.2287777778 0.2741152263 0.0343703704 0.0397119342 0.213575 0.2858477366 2 0.2136962963 0.2587736626 2 0.2432777778 0.2595288066 2 0.2433527778 0.2865164609 2 0 0 0 0 0 0
0 0.2605185185 0.276872428 0.0343703704 0.0397119342 0.245312963 0.2886049383 2 0.2454351852 0.2615308642 2 0.2750157407 0.2622860082 2 0.2750916667 0.2892757202 2 0 0 0 0 0 0
0 0.263787037 0.2411111111 0.0322962963 0.0390946502 0.2490787037 0.2282201646 2 0.2491407407 0.2582798354 2 0.2780203704 0.2587078189 2 0.2780296296 0.2298662551 2 0 0 0 0 0 0
0 0.2320277778 0.2377160494 0.0322962963 0.0390946502 0.2173185185 0.2248251029 2 0.2173805556 0.2548847737 2 0.2462601852 0.2553148148 2 0.2462694444 0.226473251 2 0 0 0 0 0 0
0 0.199462963 0.2354526749 0.0322962963 0.0390946502 0.1847592593 0.2225617284 2 0.1848212963 0.2526234568 2 0.2137009259 0.2530514403 2 0.2137101852 0.2242098765 2 0 0 0 0 0 0
0 0.1948981481 0.2357407407 0.0343703704 0.0397119342 0.1798462963 0.2483930041 2 0.1798175926 0.2204115226 2 0.2087657407 0.2205288066 2 0.2087657407 0.2488045267 2 0 0 0 0 0 0
0 0.2264444444 0.2371193416 0.0343703704 0.0397119342 0.2113888889 0.2497716049 2 0.2113601852 0.2217901235 2 0.2403083333 0.221909465 2 0.2403083333 0.2501851852 2 0 0 0 0 0 0
0 0.2574351852 0.2393209877 0.0343703704 0.0397119342 0.2423768519 0.2519609053 2 0.2423481481 0.2239794239 2 0.2712962963 0.2240987654 2 0.2712962963 0.2523744856 2 0 0 0 0 0 0
0 0.2626018519 0.2050617284 0.0322962963 0.0390946502 0.2478944444 0.1921625514 2 0.2479555556 0.2222242798 2 0.2768351852 0.2226522634 2 0.2768444444 0.1938106996 2 0 0 0 0 0 0
0 0.2301666667 0.2026954733 0.0322962963 0.0390946502 0.2154648148 0.1898065844 2 0.2155259259 0.2198662551 2 0.2444055556 0.2202942387 2 0.2444148148 0.1914526749 2 0 0 0 0 0 0
0 0.1988611111 0.1996502058 0.0322962963 0.0390946502 0.1841574074 0.186755144 2 0.1842194444 0.2168148148 2 0.2130981481 0.217244856 2 0.2131074074 0.1884032922 2 0 0 0 0 0 0
0 0.1943611111 0.1985390947 0.0343703704 0.0397119342 0.1793018519 0.2111954733 2 0.1792731481 0.1832160494 2 0.2082212963 0.1833333333 2 0.2082212963 0.2116090535 2 0 0 0 0 0 0
0 0.2246481481 0.201090535 0.0343703704 0.0397119342 0.2095916667 0.213744856 2 0.209562963 0.1857654321 2 0.2385111111 0.185882716 2 0.2385111111 0.2141584362 2 0 0 0 0 0 0
0 0.2598148148 0.2059876543 0.0343703704 0.0397119342 0.2447537037 0.2186316872 2 0.244725 0.1906522634 2 0.2696916667 0.1926460905 2 0.2695962963 0.2196296296 2 0 0 0 0 0 0
0 0.4921851852 0.1567695473 0.030462963 0.0405349794 0.4804546296 0.1403127572 2 0.4805777778 0.1670781893 2 0.5039509259 0.1704814815 2 0.5041 0.1439979424 2 0 0 0 0 0 0
0 0.5193055556 0.1622222222 0.030462963 0.0405349794 0.5075685185 0.1457757202 2 0.5076916667 0.1725411523 2 0.5310638889 0.1759444444 2 0.5312138889 0.1494609053 2 0 0 0 0 0 0
0 0.4658888889 0.1502880658 0.030462963 0.0405349794 0.451875 0.1333806584 2 0.4517842593 0.1613004115 2 0.4776240741 0.1641316872 2 0.4775324074 0.1382366255 2 0 0 0 0 0 0
0 0.4604861111 0.1452983539 0.0280277778 0.0384156379 0.4474592593 0.1560205761 2 0.4473907407 0.1310329218 2 0.4727564815 0.134473251 2 0.4727564815 0.1603703704 2 0 0 0 0 0 0
0 0.488875 0.1493518519 0.0280277778 0.0384156379 0.4758462963 0.1600679012 2 0.4757777778 0.1350781893 2 0.5011435185 0.1385185185 2 0.5011435185 0.1644156379 2 0 0 0 0 0 0
0 0.5153564815 0.1550102881 0.0280277778 0.0384156379 0.5034175926 0.1662366255 2 0.5034175926 0.1409465021 2 0.5276194444 0.1441831276 2 0.5276194444 0.1700802469 2 0 0 0 0 0 0
0 0.5201203704 0.1241975309 0.030462963 0.0405349794 0.5076481481 0.1103271605 2 0.5075574074 0.1364259259 2 0.5318833333 0.1379074074 2 0.5317592593 0.1131604938 2 0 0 0 0 0 0
0 0.4918240741 0.1183333333 0.030462963 0.0405349794 0.4793527778 0.1044609053 2 0.4792611111 0.1305596708 2 0.5037814815 0.1331893004 2 0.5039814815 0.1100473251 2 0 0 0 0 0 0
0 0.4629814815 0.1140740741 0.030462963 0.0405349794 0.4494638889 0.0998065844 2 0.4492814815 0.1255020576 2 0.4749398148 0.1289403292 2 0.4751212963 0.1036502058 2 0 0 0 0 0 0
0 0.5118009259 0.1212242798 0.0280277778 0.0384156379 0.4999148148 0.1298621399 2 0.4998694444 0.1071604938 2 0.5240712963 0.1103971193 2 0.5242074074 0.1314814815 2 0 0 0 0 0 0
0 0.4847083333 0.1159567901 0.0280277778 0.0384156379 0.4728185185 0.124590535 2 0.4727722222 0.1018888889 2 0.4969740741 0.1051255144 2 0.4971111111 0.1262078189 2 0 0 0 0 0 0
0 0.4563657407 0.1101748971 0.0280277778 0.0384156379 0.4444796296 0.1188168724 2 0.4444342593 0.0961131687 2 0.4686361111 0.0993518519 2 0.4687722222 0.1204341564 2 0 0 0 0 0 0
0 0.5171851852 0.0935596708 0.030462963 0.0405349794 0.504712963 0.0796995885 2 0.5046222222 0.1057983539 2 0.5289472222 0.1072798354 2 0.5288240741 0.0825308642 2 0 0 0 0 0 0
0 0.4899768519 0.0867901235 0.0311388889 0.0405349794 0.4767333333 0.0715452675 2 0.4766203704 0.0969012346 2 0.5020768519 0.1005020576 2 0.5019527778 0.0757530864 2 0 0 0 0 0 0
0 0.4582453704 0.0825102881 0.0311388889 0.0405349794 0.4450074074 0.0672777778 2 0.4448944444 0.0926337449 2 0.4703509259 0.0962345679 2 0.4702277778 0.0714855967 2 0 0 0 0 0 0
0 0.4508935185 0.0750308642 0.0292685185 0.0384156379 0.4389666667 0.0846049383 2 0.4389666667 0.0615082305 2 0.4639185185 0.0650246914 2 0.4638055556 0.088872428 2 0 0 0 0 0 0
0 0.4795694444 0.0787962963 0.0292685185 0.0384156379 0.4676444444 0.0883703704 2 0.4676444444 0.0652736626 2 0.4925962963 0.0687921811 2 0.4924833333 0.0926378601 2 0 0 0 0 0 0
0 0.5074583333 0.0838168724 0.0292685185 0.0384156379 0.4955314815 0.0933909465 2 0.4955314815 0.0702942387 2 0.5204833333 0.0738127572 2 0.5203703704 0.0976604938 2 0 0 0 0 0 0
0 0.5119907407 0.0586625514 0.030462963 0.0405349794 0.4982407407 0.0445967078 2 0.4982407407 0.0679320988 2 0.5237537037 0.072382716 2 0.5236305556 0.0476358025 2 0 0 0 0 0 0
0 0.4854444444 0.0531687243 0.030462963 0.0405349794 0.4716972222 0.0391069959 2 0.4716972222 0.0624403292 2 0.4972111111 0.0668930041 2 0.497087037 0.0421440329 2 0 0 0 0 0 0
0 0.4571111111 0.0467283951 0.030462963 0.0405349794 0.4433638889 0.032654321 2 0.4433638889 0.0559897119 2 0.4688777778 0.0604423868 2 0.4687537037 0.0356934156 2 0 0 0 0 0 0
0 0.4492916667 0.0407716049 0.0292685185 0.0384156379 0.4373685185 0.0503436214 2 0.4373685185 0.0272469136 2 0.4623194444 0.0307654321 2 0.4622064815 0.0546111111 2 0 0 0 0 0 0
0 0.4777083333 0.0470679012 0.0292685185 0.0384156379 0.4657851852 0.0566460905 2 0.4657851852 0.0335493827 2 0.4907361111 0.0370679012 2 0.4906240741 0.0609135802 2 0 0 0 0 0 0
0 0.5047453704 0.0530555556 0.0292685185 0.0384156379 0.4928212963 0.0626255144 2 0.4928212963 0.0395288066 2 0.5177722222 0.0430473251 2 0.5176592593 0.0668930041 2 0 0 0 0 0 0
0 0.50625 0.0240740741 0.030462963 0.0405349794 0.4924990741 0.0100123457 2 0.4924990741 0.0333477366 2 0.518012037 0.0377983539 2 0.5178888889 0.0130514403 2 0 0 0 0 0 0
0 0.4793611111 0.0194547325 0.030462963 0.0353703704 0.4671712963 0.0028497942 2 0.4670981481 0.0262839506 2 0.4911222222 0.030590535 2 0.4909981481 0.0058436214 2 0 0 0 0 0 0
0 0.4515277778 0.0165534979 0.030462963 0.0331069959 0.4390444444 0.0020432099 2 0.4388268519 0.0212736626 2 0.4632861111 0.0265514403 2 0.463162963 0.0018024691 2 0 0 0 0 0 0
0 0.4967731481 0.0192078189 0.0292685185 0.0384156379 0.4863574074 0.0283251029 1 0.4864537037 0.0084567901 1 0.5098009259 0.0165761317 2 0.5096851852 0.0330534979 2 0 0 0 0 0 0
0 0.4711157407 0.0147222222 0.0292685185 0.0238888889 0.4609444444 0.0235308642 2 0 0 0 0.4841472222 0.0048251029 2 0.4841953704 0.0248127572 2 0 0 0 0 0 0
0 0.4447453704 0.011409465 0.031287037 0.02281893 0.4321685185 0.014882716 2 0 0 0 0.4587824074 0.0009794239 2 0.4588305556 0.0209670782 2 0 0 0 0 0 0
