0 0.4549351852 0.2127160494 0.0193518519 0.0242798354 0.447762963 0.2193045267 2 0.447762963 0.203872428 2 0.4630407407 0.203872428 2 0.4629481481 0.2195123457 2 0 0 0 0 0 0
0 0.4376203704 0.2133333333 0.0225 0.0242798354 0.4288740741 0.2199218107 2 0.4288740741 0.2044897119 2 0.4466666667 0.2043209877 2 0.4467592593 0.2197530864 2 0 0 0 0 0 0
0 0.4189166667 0.2116872428 0.0225 0.0242798354 0.4101703704 0.2182757202 2 0.4101703704 0.2028436214 2 0.427962963 0.2026748971 2 0.4280555556 0.2181069959 2 0 0 0 0 0 0
0 0.4005833333 0.2104526749 0.0193518519 0.0242798354 0.3934111111 0.2170432099 2 0.3934111111 0.2016111111 2 0.4086888889 0.2016111111 2 0.4085962963 0.2172469136 2 0 0 0 0 0 0
0 0.4031851852 0.213744856 0.0210185185 0.0242798354 0.3951768519 0.2071604938 2 0.3951768519 0.2225925926 2 0.4118518519 0.2224279835 2 0.4116666667 0.2065843621 2 0 0 0 0 0 0
0 0.4223148148 0.2135185185 0.0193518519 0.0242798354 0.4151351852 0.2069320988 2 0.4151351852 0.2223641975 2 0.430412963 0.2223641975 2 0.4303203704 0.2067263374 2 0 0 0 0 0 0
0 0.4405185185 0.2144238683 0.0193518519 0.0242798354 0.4333453704 0.2078477366 2 0.4333453704 0.2232798354 2 0.4486231481 0.2232798354 2 0.4485305556 0.2076419753 2 0 0 0 0 0 0
0 0.4573981481 0.2144238683 0.0193518519 0.0242798354 0.4502175926 0.2078477366 2 0.4502175926 0.2232798354 2 0.4654953704 0.2232798354 2 0.4654027778 0.2076419753 2 0 0 0 0 0 0
0 0.4561666667 0.2342798354 0.0193518519 0.0242798354 0.448987037 0.2408641975 2 0.448987037 0.2254320988 2 0.4642648148 0.2254320988 2 0.4641731481 0.2410699588 2 0 0 0 0 0 0
0 0.4391851852 0.2338271605 0.0193518519 0.0242798354 0.432012037 0.2404074074 2 0.432012037 0.2249753086 2 0.4472898148 0.2249753086 2 0.4471972222 0.2406131687 2 0 0 0 0 0 0
0 0.4189166667 0.233600823 0.0193518519 0.0242798354 0.4117444444 0.2401790123 2 0.4117444444 0.2247469136 2 0.4270222222 0.2247469136 2 0.4269296296 0.2403847737 2 0 0 0 0 0 0
0 0.4013240741 0.2347325103 0.0193518519 0.0242798354 0.3941518519 0.2413209877 2 0.3941518519 0.2258888889 2 0.4094296296 0.2258888889 2 0.409337037 0.241526749 2 0 0 0 0 0 0
0 0.4047222222 0.2343209877 0.0193518519 0.0242798354 0.3975425926 0.2277366255 2 0.3975425926 0.2431687243 2 0.4128203704 0.2431687243 2 0.4127277778 0.2275308642 2 0 0 0 0 0 0
0 0.4244722222 0.2343209877 0.0193518519 0.0242798354 0.4172962963 0.2277366255 2 0.4172962963 0.2431687243 2 0.4325740741 0.2431687243 2 0.4324814815 0.2275308642 2 0 0 0 0 0 0
0 0.441962963 0.2361522634 0.0193518519 0.0242798354 0.4347851852 0.2295658436 2 0.4347851852 0.2449979424 2 0.450062963 0.2449979424 2 0.4499712963 0.2293600823 2 0 0 0 0 0 0
0 0.4588333333 0.2356995885 0.0193518519 0.0242798354 0.4516583333 0.2291090535 2 0.4516583333 0.2445411523 2 0.4669361111 0.2445411523 2 0.4668435185 0.2289032922 2 0 0 0 0 0 0
0 0.4570925926 0.2548559671 0.0193518519 0.0242798354 0.4499138889 0.2614403292 2 0.4499138889 0.2460082305 2 0.4651916667 0.2460082305 2 0.4650990741 0.2616460905 2 0 0 0 0 0 0
0 0.4408333333 0.2548559671 0.0193518519 0.0242798354 0.4336583333 0.2614403292 2 0.4336583333 0.2460082305 2 0.4489361111 0.2460082305 2 0.4488435185 0.2616460905 2 0 0 0 0 0 0
0 0.4214907407 0.2541769547 0.0193518519 0.0242798354 0.4143166667 0.260755144 2 0.4143166667 0.2453230453 2 0.4295944444 0.2453230453 2 0.4295018519 0.2609609053 2 0 0 0 0 0 0
0 0.403287037 0.2560082305 0.0193518519 0.0242798354 0.3961064815 0.2625843621 2 0.3961064815 0.2471522634 2 0.4113842593 0.2471522634 2 0.4112916667 0.2627901235 2 0 0 0 0 0 0
0 0.4073981481 0.2562757202 0.0193518519 0.0242798354 0.4002175926 0.2496851852 2 0.4002175926 0.265117284 2 0.4154953704 0.265117284 2 0.4154027778 0.2494794239 2 0 0 0 0 0 0
0 0.4264259259 0.2562757202 0.0193518519 0.0242798354 0.4192509259 0.2496851852 2 0.4192509259 0.265117284 2 0.4345287037 0.265117284 2 0.4344361111 0.2494794239 2 0 0 0 0 0 0
0 0.4431944444 0.2560493827 0.0193518519 0.0242798354 0.4360203704 0.2494567901 2 0.4360203704 0.2648888889 2 0.4512981481 0.2648888889 2 0.4512055556 0.2492510288 2 0 0 0 0 0 0
0 0.4601759259 0.2553497942 0.0193518519 0.0242798354 0.4529953704 0.2487716049 2 0.4529953704 0.2642037037 2 0.4682731481 0.2642037037 2 0.4681805556 0.2485658436 2 0 0 0 0 0 0
0 0.4580185185 0.2756584362 0.0207962963 0.0242798354 0.4501194444 0.282244856 2 0.4501194444 0.2668127572 2 0.4671814815 0.2668045267 2 0.467387037 0.282808642 2 0 0 0 0 0 0
0 0.4399074074 0.2758847737 0.0207962963 0.0242798354 0.432012037 0.282473251 2 0.432012037 0.2670411523 2 0.4490740741 0.2670329218 2 0.4492796296 0.283037037 2 0 0 0 0 0 0
0 0.4210833333 0.2768106996 0.0193518519 0.0242798354 0.4139055556 0.2833888889 2 0.4139055556 0.2679567901 2 0.4291833333 0.2679567901 2 0.4290907407 0.2835946502 2 0 0 0 0 0 0
0 0.4038981481 0.2786419753 0.0193518519 0.0242798354 0.3967240741 0.285218107 2 0.3967240741 0.2697860082 2 0.4120018519 0.2697860082 2 0.4119092593 0.2854238683 2 0 0 0 0 0 0
0 0.4069814815 0.2779835391 0.0193518519 0.0242798354 0.3998064815 0.2714053498 2 0.3998064815 0.2868374486 2 0.4150842593 0.2868374486 2 0.4149916667 0.2711995885 2 0 0 0 0 0 0
0 0.4251944444 0.2777572016 0.0193518519 0.0242798354 0.4180157407 0.2711769547 2 0.4180157407 0.2866090535 2 0.4332935185 0.2866090535 2 0.4332009259 0.2709711934 2 0 0 0 0 0 0
0 0.4435092593 0.2761522634 0.0193518519 0.0242798354 0.4363287037 0.2695761317 2 0.4363287037 0.2850082305 2 0.4516064815 0.2850082305 2 0.4515138889 0.2693703704 2 0 0 0 0 0 0
0 0.4613055556 0.2761522634 0.0193518519 0.0242798354 0.4541268519 0.2695761317 2 0.4541268519 0.2850082305 2 0.4694046296 0.2850082305 2 0.469312037 0.2693703704 2 0 0 0 0 0 0
0 0.4587314815 0.2964609053 0.0193518519 0.0242798354 0.4515592593 0.3030493827 2 0.4515592593 0.287617284 2 0.466837037 0.287617284 2 0.4667444444 0.303255144 2 0 0 0 0 0 0
0 0.4409351852 0.2982921811 0.0193518519 0.0242798354 0.4337611111 0.3048786008 2 0.4337611111 0.2894465021 2 0.4490388889 0.2894465021 2 0.4489462963 0.3050843621 2 0 0 0 0 0 0
0 0.4236574074 0.2982921811 0.0193518519 0.0242798354 0.4164768519 0.3048786008 2 0.4164768519 0.2894465021 2 0.4317546296 0.2894465021 2 0.431662037 0.3050843621 2 0 0 0 0 0 0
0 0.4066759259 0.2989711934 0.0193518519 0.0242798354 0.3995018519 0.3055658436 2 0.3995018519 0.2901337449 2 0.4147796296 0.2901337449 2 0.414687037 0.3057716049 2 0 0 0 0 0 0
0 0.4097592593 0.2987860082 0.0193518519 0.0242798354 0.4025842593 0.2922098765 2 0.4025842593 0.3076419753 2 0.417862037 0.3076419753 2 0.4177694444 0.2920041152 2 0 0 0 0 0 0
0 0.4274537037 0.2992592593 0.0193518519 0.0242798354 0.4202796296 0.2926666667 2 0.4202796296 0.3080987654 2 0.4355574074 0.3080987654 2 0.4354648148 0.2924609053 2 0 0 0 0 0 0
0 0.4446388889 0.2983333333 0.0193518519 0.0242798354 0.4374601852 0.2917530864 2 0.4374601852 0.3071851852 2 0.452737963 0.3071851852 2 0.4526453704 0.2915473251 2 0 0 0 0 0 0
0 0.4612037037 0.2962757202 0.0193518519 0.0242798354 0.4540240741 0.2896954733 2 0.4540240741 0.305127572 2 0.4693018519 0.305127572 2 0.4692092593 0.2894897119 2 0 0 0 0 0 0
0 0.4586851852 0.3175720165 0.0228703704 0.0242798354 0.4497518519 0.3241460905 2 0.4497518519 0.3087139918 2 0.4669444444 0.308436214 2 0.4671296296 0.324691358 2 0 0 0 0 0 0
0 0.4399907407 0.318744856 0.0193518519 0.0242798354 0.4328194444 0.3253209877 2 0.4328194444 0.3098888889 2 0.4480972222 0.3098888889 2 0.4480046296 0.325526749 2 0 0 0 0 0 0
0 0.4238518519 0.3190534979 0.0193518519 0.0242798354 0.4166712963 0.3256419753 2 0.4166712963 0.3102098765 2 0.4319490741 0.3102098765 2 0.4318564815 0.3258477366 2 0 0 0 0 0 0
0 0.4072962963 0.317962963 0.0193518519 0.0242798354 0.4001194444 0.3245411523 2 0.4001194444 0.3091090535 2 0.4153972222 0.3091090535 2 0.4153046296 0.3247469136 2 0 0 0 0 0 0
0 0.4610185185 0.3168518519 0.0193518519 0.0242798354 0.4538388889 0.3102716049 2 0.4538388889 0.3257037037 2 0.4691166667 0.3257037037 2 0.4690240741 0.3100658436 2 0 0 0 0 0 0
0 0.4432962963 0.3181687243 0.0193518519 0.0242798354 0.4361240741 0.3115925926 2 0.4361240741 0.3270246914 2 0.4514018519 0.3270246914 2 0.4513092593 0.3113868313 2 0 0 0 0 0 0
0 0.4275185185 0.3181687243 0.0193518519 0.0242798354 0.4203388889 0.3115925926 2 0.4203388889 0.3270246914 2 0.4344444444 0.3267489712 2 0.434537037 0.3111111111 2 0 0 0 0 0 0
0 0.410462963 0.3181687243 0.0193518519 0.0242798354 0.4032907407 0.3115925926 2 0.4032907407 0.3270246914 2 0.4185685185 0.3270246914 2 0.4184759259 0.3113868313 2 0 0 0 0 0 0
0 0.3669953704 0.2146707819 0.0190092593 0.0191769547 0.359175 0.2218065844 2 0.3592055556 0.2079053498 2 0.3750083333 0.2078168724 2 0.3749157407 0.2220123457 2 0 0 0 0 0 0
0 0.3837546296 0.2146707819 0.0190092593 0.0191769547 0.3759342593 0.2218065844 2 0.3759648148 0.2079053498 2 0.3917675926 0.2078168724 2 0.391675 0.2220123457 2 0 0 0 0 0 0
0 0.3810185185 0.2162139918 0.0193518519 0.0242798354 0.3738407407 0.2096213992 2 0.3738407407 0.2250534979 2 0.3891185185 0.2250534979 2 0.3890259259 0.2094156379 2 0 0 0 0 0 0
0 0.3641666667 0.2174485597 0.0193518519 0.0242798354 0.3569888889 0.2108559671 2 0.3569888889 0.2262880658 2 0.3722666667 0.2262880658 2 0.3721740741 0.2106502058 2 0 0 0 0 0 0
0 0.3476851852 0.2186831276 0.0193518519 0.0242798354 0.3405074074 0.212090535 2 0.3405074074 0.2275226337 2 0.3557851852 0.2275226337 2 0.3556925926 0.2118847737 2 0 0 0 0 0 0
0 0.3315740741 0.2186831276 0.0193518519 0.0242798354 0.3243962963 0.212090535 2 0.3243962963 0.2275226337 2 0.3396740741 0.2275226337 2 0.3395814815 0.2118847737 2 0 0 0 0 0 0
0 0.3828287037 0.2348353909 0.0190092593 0.0191769547 0.3750083333 0.2419711934 2 0.3750388889 0.2280699588 2 0.3908416667 0.2279814815 2 0.3907490741 0.2421769547 2 0 0 0 0 0 0
0 0.3653657407 0.2361728395 0.0190092593 0.0191769547 0.3575518519 0.2433004115 2 0.3575824074 0.229399177 2 0.3733851852 0.229308642 2 0.3732925926 0.2435061728 2 0 0 0 0 0 0
0 0.3489861111 0.2364403292 0.0190092593 0.0191769547 0.3411712963 0.2435658436 2 0.3412018519 0.2296646091 2 0.3570046296 0.2295740741 2 0.356912037 0.2437716049 2 0 0 0 0 0 0
0 0.3318935185 0.2372427984 0.0190092593 0.0191769547 0.3240731481 0.2443641975 2 0.3241037037 0.2304609053 2 0.3399064815 0.230372428 2 0.3398138889 0.2445699588 2 0 0 0 0 0 0
0 0.3791296296 0.2379423868 0.0193518519 0.0242798354 0.3719555556 0.2313641975 2 0.3719555556 0.2467962963 2 0.3872333333 0.2467962963 2 0.3871407407 0.2311584362 2 0 0 0 0 0 0
0 0.3621574074 0.238744856 0.0193518519 0.0242798354 0.3549777778 0.2321604938 2 0.3549777778 0.2475925926 2 0.3702555556 0.2475925926 2 0.370162963 0.2319547325 2 0 0 0 0 0 0
0 0.3621574074 0.238744856 0.0193518519 0.0242798354 0.3549777778 0.2321604938 2 0.3549777778 0.2475925926 2 0.3702555556 0.2475925926 2 0.370162963 0.2319547325 2 0 0 0 0 0 0
0 0.3456574074 0.2390123457 0.0193518519 0.0242798354 0.3384777778 0.2324259259 2 0.3384777778 0.2478580247 2 0.3537555556 0.2478580247 2 0.353662963 0.2322201646 2 0 0 0 0 0 0
0 0.3287962963 0.2400823045 0.0193518519 0.0242798354 0.3216185185 0.2334897119 2 0.3216185185 0.2489218107 2 0.3368962963 0.2489218107 2 0.3368037037 0.2332839506 2 0 0 0 0 0 0
0 0.3299675926 0.258600823 0.0190092593 0.0191769547 0.3221462963 0.2657222222 2 0.3221768519 0.2518209877 2 0.3379796296 0.2517304527 2 0.337887037 0.2659279835 2 0 0 0 0 0 0
0 0.3473935185 0.2579835391 0.0190092593 0.0191769547 0.339575 0.265117284 2 0.3396064815 0.2512160494 2 0.3554083333 0.2511255144 2 0.3553157407 0.2653230453 2 0 0 0 0 0 0
0 0.3668657407 0.2558641975 0.0190092593 0.0191769547 0.3590472222 0.263 2 0.3590777778 0.2490987654 2 0.3748805556 0.2490082305 2 0.374787963 0.2632057613 2 0 0 0 0 0 0
0 0.3840231481 0.2555761317 0.0190092593 0.0191769547 0.3762037037 0.2626975309 2 0.3762342593 0.2487962963 2 0.392037037 0.2487057613 2 0.3919444444 0.2629032922 2 0 0 0 0 0 0
0 0.3805462963 0.2582613169 0.0193518519 0.0236831276 0.3733712963 0.2519855967 2 0.3733712963 0.2674176955 2 0.3886490741 0.2674176955 2 0.3885564815 0.2517798354 2 0 0 0 0 0 0
0 0.3606666667 0.2597736626 0.0193518519 0.0242798354 0.3534916667 0.2531954733 2 0.3534916667 0.268627572 2 0.3687694444 0.268627572 2 0.3686768519 0.2529897119 2 0 0 0 0 0 0
0 0.343787037 0.2609876543 0.0193518519 0.0242798354 0.3366064815 0.2544053498 2 0.3366064815 0.2698374486 2 0.3518842593 0.2698374486 2 0.3517916667 0.2541995885 2 0 0 0 0 0 0
0 0.3267592593 0.2616049383 0.0193518519 0.0242798354 0.3195861111 0.2550102881 2 0.3195861111 0.2704423868 2 0.3348638889 0.2704423868 2 0.3347712963 0.2548045267 2 0 0 0 0 0 0
0 0.3295509259 0.2794650206 0.0190092593 0.0191769547 0.321737037 0.286600823 2 0.3217685185 0.2726995885 2 0.3375712963 0.2726090535 2 0.3374777778 0.2868065844 2 0 0 0 0 0 0
0 0.3463009259 0.2788683128 0.0190092593 0.0191769547 0.3384861111 0.2859958848 2 0.3385166667 0.2720946502 2 0.3543194444 0.2720041152 2 0.3542268519 0.2862016461 2 0 0 0 0 0 0
0 0.3649583333 0.277654321 0.0190092593 0.0191769547 0.3571407407 0.2847860082 2 0.3571712963 0.2708847737 2 0.3729740741 0.2707942387 2 0.3728814815 0.2849917695 2 0 0 0 0 0 0
0 0.3845694444 0.2761522634 0.0190092593 0.0191769547 0.3767481481 0.2832736626 2 0.3767796296 0.269372428 2 0.3925814815 0.269281893 2 0.3924888889 0.2834794239 2 0 0 0 0 0 0
0 0.3783703704 0.2797530864 0.0193518519 0.0242798354 0.3711925926 0.2731666667 2 0.3711925926 0.2885987654 2 0.3864703704 0.2885987654 2 0.3863777778 0.2729609053 2 0 0 0 0 0 0
0 0.3601203704 0.2809670782 0.0193518519 0.0242798354 0.3529462963 0.2743765432 2 0.3529462963 0.289808642 2 0.3682240741 0.289808642 2 0.3681314815 0.2741707819 2 0 0 0 0 0 0
0 0.3425555556 0.2827777778 0.0193518519 0.0242798354 0.3353814815 0.276191358 2 0.3353814815 0.2916234568 2 0.3506592593 0.2916234568 2 0.3505666667 0.2759855967 2 0 0 0 0 0 0
0 0.3263518519 0.2830864198 0.0193518519 0.0242798354 0.3191777778 0.2764938272 2 0.3191777778 0.2919259259 2 0.3344555556 0.2919259259 2 0.334362963 0.2762880658 2 0 0 0 0 0 0
0 0.332412037 0.3000411523 0.0190092593 0.0191769547 0.3245972222 0.3071769547 2 0.3246277778 0.2932757202 2 0.3404305556 0.2931851852 2 0.340337963 0.307382716 2 0 0 0 0 0 0
0 0.3499768519 0.2991358025 0.0190092593 0.0191769547 0.342162037 0.3062695473 2 0.3421935185 0.2923683128 2 0.3579953704 0.2922777778 2 0.3579027778 0.3064753086 2 0 0 0 0 0 0
0 0.367412037 0.2982304527 0.0190092593 0.0191769547 0.3595916667 0.3053621399 2 0.3596222222 0.2914609053 2 0.375425 0.2913703704 2 0.3753324074 0.3055679012 2 0 0 0 0 0 0
0 0.3866064815 0.2976337449 0.0190092593 0.0191769547 0.3787907407 0.3047572016 2 0.3788212963 0.2908559671 2 0.3946240741 0.2907654321 2 0.3945314815 0.304962963 2 0 0 0 0 0 0
0 0.3801388889 0.3006378601 0.0193518519 0.0242798354 0.372962963 0.2940452675 2 0.372962963 0.3094773663 2 0.3882407407 0.3094773663 2 0.3881481481 0.2938395062 2 0 0 0 0 0 0
0 0.362712963 0.3018312757 0.0193518519 0.0242798354 0.3555333333 0.295255144 2 0.3555333333 0.3106872428 2 0.3708111111 0.3106872428 2 0.3707194444 0.2950493827 2 0 0 0 0 0 0
0 0.3461018519 0.3015432099 0.0193518519 0.0242798354 0.3389212963 0.2949526749 2 0.3389212963 0.3103847737 2 0.3541990741 0.3103847737 2 0.3541064815 0.2947469136 2 0 0 0 0 0 0
0 0.3289444444 0.3024485597 0.0193518519 0.0242798354 0.3217648148 0.2958600823 2 0.3217648148 0.3112921811 2 0.3370425926 0.3112921811 2 0.33695 0.295654321 2 0 0 0 0 0 0
0 0.3891990741 0.3182098765 0.0190092593 0.0191769547 0.3813777778 0.3253333333 2 0.3814092593 0.3114320988 2 0.3972111111 0.3113415638 2 0.3971185185 0.3255390947 2 0 0 0 0 0 0
0 0.3721712963 0.3188065844 0.0190092593 0.0191769547 0.3643574074 0.3259382716 2 0.364387963 0.312037037 2 0.3801907407 0.3119465021 2 0.3800981481 0.3261440329 2 0 0 0 0 0 0
0 0.3552916667 0.3197119342 0.0190092593 0.0191769547 0.3474731481 0.326845679 2 0.3475037037 0.3129444444 2 0.3633064815 0.3128539095 2 0.3632138889 0.3270514403 2 0 0 0 0 0 0
0 0.3384027778 0.3197119342 0.0190092593 0.0191769547 0.330587963 0.326845679 2 0.3306194444 0.3129444444 2 0.3464212963 0.3128539095 2 0.3463287037 0.3270514403 2 0 0 0 0 0 0
0 0.3862685185 0.3205967078 0.0193518519 0.0242798354 0.3790907407 0.3140164609 2 0.3790907407 0.3294485597 2 0.3943685185 0.3294485597 2 0.3942759259 0.3138106996 2 0 0 0 0 0 0
0 0.36925 0.3221193416 0.0193518519 0.0242798354 0.3620694444 0.3155288066 2 0.3620694444 0.3309609053 2 0.3773472222 0.3309609053 2 0.3772546296 0.3153230453 2 0 0 0 0 0 0
0 0.3522222222 0.3218106996 0.0193518519 0.0242798354 0.3450490741 0.3152263374 2 0.3450490741 0.3306584362 2 0.3603268519 0.3306584362 2 0.3602342593 0.3150205761 2 0 0 0 0 0 0
0 0.3356111111 0.3218106996 0.0193518519 0.0242798354 0.328437037 0.3152263374 2 0.328437037 0.3306584362 2 0.3437148148 0.3306584362 2 0.3436222222 0.3150205761 2 0 0 0 0 0 0
0 0.7151898148 0.3672016461 0.0203981481 0.0242798354 0.7077666667 0.3731707819 2 0.7077666667 0.3585617284 2 0.7235425926 0.358399177 1 0.7234194444 0.3737098765 1 0 0 0 0 0 0
0 0.7117453704 0.3676337449 0.0203981481 0.0242798354 0.704325 0.3616728395 2 0.704325 0.376281893 2 0.7201009259 0.3764444444 1 0.7199777778 0.3611337449 1 0 0 0 0 0 0
0 0.6948287037 0.3687242798 0.0203981481 0.0242798354 0.687412037 0.3627654321 2 0.687412037 0.3773744856 2 0.703187037 0.377537037 2 0.7030648148 0.3622263374 2 0 0 0 0 0 0
0 0.6980231481 0.3674691358 0.0203981481 0.0242798354 0.6906037037 0.3734320988 2 0.6906037037 0.3588230453 2 0.7063787037 0.3586625514 2 0.7062564815 0.3739711934 2 0 0 0 0 0 0
0 0.680912037 0.368127572 0.0203981481 0.0242798354 0.6734935185 0.3740884774 2 0.6734935185 0.3594794239 2 0.6892685185 0.3593168724 2 0.6891462963 0.374627572 2 0 0 0 0 0 0
0 0.6773287037 0.3685185185 0.0203981481 0.0242798354 0.6699083333 0.3625473251 2 0.6699083333 0.3771563786 2 0.6856842593 0.37731893 2 0.6855611111 0.3620082305 2 0 0 0 0 0 0
0 0.6631157407 0.3676748971 0.0203981481 0.0242798354 0.6556944444 0.3736502058 2 0.6556944444 0.3590411523 2 0.6714703704 0.3588806584 2 0.6713472222 0.374191358 2 0 0 0 0 0 0
0 0.6598287037 0.3685185185 0.0203981481 0.0242798354 0.6524046296 0.3625473251 2 0.6524046296 0.3771563786 2 0.6681805556 0.37731893 2 0.6680574074 0.3620082305 2 0 0 0 0 0 0
0 0.7124768519 0.3880041152 0.0203981481 0.0242798354 0.7050583333 0.393973251 2 0.7050583333 0.3793641975 2 0.7208342593 0.3792016461 2 0.7207111111 0.3945123457 2 0 0 0 0 0 0
0 0.6945787037 0.3875720165 0.0203981481 0.0242798354 0.687162037 0.393537037 2 0.687162037 0.3789279835 2 0.702937037 0.3787654321 2 0.7028148148 0.3940761317 2 0 0 0 0 0 0
0 0.6771805556 0.3890946502 0.0203981481 0.0242798354 0.6697564815 0.3950658436 2 0.6697564815 0.3804567901 2 0.6855324074 0.3802942387 2 0.6854092593 0.3956049383 2 0 0 0 0 0 0
0 0.6594768519 0.3882304527 0.0203981481 0.0242798354 0.6520564815 0.394191358 2 0.6520564815 0.3795823045 2 0.6678324074 0.3794218107 2 0.6677092593 0.3947304527 2 0 0 0 0 0 0
0 0.7085972222 0.3890534979 0.0203981481 0.0242798354 0.7011787037 0.3830884774 2 0.7011787037 0.3976975309 2 0.7169546296 0.3978600823 1 0.7168314815 0.3825493827 1 0 0 0 0 0 0
0 0.6916898148 0.3883950617 0.0203981481 0.0242798354 0.6842648148 0.3824341564 2 0.6842648148 0.3970432099 2 0.7000407407 0.3972037037 2 0.6999175926 0.3818930041 2 0 0 0 0 0 0
0 0.6734953704 0.3883950617 0.0203981481 0.0242798354 0.6660731481 0.3824341564 2 0.6660731481 0.3970432099 2 0.6818490741 0.3972037037 2 0.6817259259 0.3818930041 2 0 0 0 0 0 0
0 0.656087963 0.3883950617 0.0203981481 0.0242798354 0.6486685185 0.3824341564 2 0.6486685185 0.3970432099 2 0.6644435185 0.3972037037 2 0.6643203704 0.3818930041 2 0 0 0 0 0 0
0 0.7083472222 0.4094238683 0.0203981481 0.0242798354 0.7009287037 0.4153888889 2 0.7009287037 0.4007798354 2 0.7167037037 0.400617284 1 0.7165814815 0.4159279835 1 0 0 0 0 0 0
0 0.6907453704 0.4089917695 0.0203981481 0.0242798354 0.6833268519 0.4149506173 2 0.6833268519 0.4003415638 2 0.6991018519 0.40018107 2 0.6989796296 0.4154917695 2 0 0 0 0 0 0
0 0.6736342593 0.4091975309 0.0203981481 0.0242798354 0.6662166667 0.4151707819 2 0.6662166667 0.4005617284 2 0.6819925926 0.400399177 2 0.6818694444 0.4157098765 2 0 0 0 0 0 0
0 0.6548564815 0.4083333333 0.0203981481 0.0242798354 0.6474342593 0.4142962963 2 0.6474342593 0.3996872428 2 0.6632101852 0.3995246914 2 0.663087037 0.4148353909 2 0 0 0 0 0 0
0 0.7048101852 0.4100617284 0.0203981481 0.0242798354 0.6973898148 0.4040843621 2 0.6973898148 0.4186934156 2 0.7131648148 0.4188559671 1 0.7130425926 0.4035452675 1 0 0 0 0 0 0
0 0.6875046296 0.4093621399 0.0203981481 0.0242798354 0.6800824074 0.4034012346 2 0.6800824074 0.4180102881 2 0.6958583333 0.4181728395 2 0.6957351852 0.4028621399 2 0 0 0 0 0 0
0 0.6697824074 0.4098148148 0.0203981481 0.0242798354 0.6623657407 0.4038580247 2 0.6623657407 0.4184670782 2 0.6781416667 0.418627572 2 0.6780185185 0.4033168724 2 0 0 0 0 0 0
0 0.6517638889 0.4095884774 0.0203981481 0.0242798354 0.6443416667 0.4036296296 2 0.6443416667 0.4182386831 2 0.6601175926 0.4184012346 2 0.6599944444 0.403090535 2 0 0 0 0 0 0
0 0.7065231481 0.4294444444 0.0203981481 0.0242798354 0.6991046296 0.4354197531 2 0.6991046296 0.4208106996 2 0.7148805556 0.4206502058 1 0.7147574074 0.4359588477 1 0 0 0 0 0 0
0 0.6894583333 0.4291563786 0.0203981481 0.0242798354 0.6820361111 0.435127572 2 0.6820361111 0.4205205761 2 0.6978111111 0.4203580247 2 0.6976888889 0.4356687243 2 0 0 0 0 0 0
0 0.6700231481 0.4294444444 0.0203981481 0.0242798354 0.6626037037 0.4354197531 2 0.6626037037 0.4208106996 2 0.6783787037 0.4206502058 2 0.6782564815 0.4359588477 2 0 0 0 0 0 0
0 0.6523009259 0.4288683128 0.0203981481 0.0242798354 0.6448777778 0.4348374486 2 0.6448777778 0.4202283951 2 0.6606537037 0.4200658436 2 0.6605305556 0.4353765432 2 0 0 0 0 0 0
0 0.7030787037 0.4306995885 0.0203981481 0.0242798354 0.6956564815 0.4247304527 2 0.6956564815 0.4393395062 2 0.7114314815 0.4395 1 0.7113083333 0.424191358 1 0 0 0 0 0 0
0 0.6846990741 0.4312757202 0.0203981481 0.0242798354 0.6772740741 0.4253127572 2 0.6772740741 0.4399218107 2 0.69305 0.4400843621 2 0.6929268519 0.4247736626 2 0 0 0 0 0 0
0 0.6667083333 0.4312757202 0.0203981481 0.0242798354 0.6592861111 0.4253127572 2 0.6592861111 0.4399218107 2 0.675062037 0.4400843621 2 0.6749388889 0.4247736626 2 0 0 0 0 0 0
0 0.648587963 0.4309876543 0.0203981481 0.0242798354 0.6411666667 0.4250226337 2 0.6411666667 0.4396316872 2 0.6569425926 0.4397921811 2 0.6568194444 0.4244814815 2 0 0 0 0 0 0
0 0.7050787037 0.4513374486 0.0203981481 0.0242798354 0.6976564815 0.4573045267 2 0.6976564815 0.4426954733 2 0.7134324074 0.4425329218 1 0.7133092593 0.4578436214 1 0 0 0 0 0 0
0 0.6876527778 0.4516255144 0.0203981481 0.0242798354 0.6802314815 0.4575946502 2 0.6802314815 0.4429855967 2 0.6960064815 0.4428251029 2 0.6958842593 0.4581358025 2 0 0 0 0 0 0
0 0.6703842593 0.4513168724 0.0203981481 0.0242798354 0.6629601852 0.4572777778 2 0.6629601852 0.4426687243 2 0.6787351852 0.4425082305 2 0.678612963 0.4578168724 2 0 0 0 0 0 0
0 0.6528287037 0.4516255144 0.0203981481 0.0242798354 0.6454027778 0.4575946502 2 0.6454027778 0.4429855967 2 0.6611787037 0.4428251029 2 0.6610555556 0.4581358025 2 0 0 0 0 0 0
0 0.7017824074 0.4525720165 0.0203981481 0.0242798354 0.694362037 0.4466131687 2 0.694362037 0.4612222222 2 0.710137963 0.4613847737 1 0.7100148148 0.4460740741 1 0 0 0 0 0 0
0 0.6843657407 0.4532098765 0.0203981481 0.0242798354 0.6769481481 0.4472469136 2 0.6769481481 0.4618559671 2 0.6927240741 0.4620185185 2 0.6926009259 0.4467078189 2 0 0 0 0 0 0
0 0.6670972222 0.4532098765 0.0203981481 0.0242798354 0.6596768519 0.4472469136 2 0.6596768519 0.4618559671 2 0.6754527778 0.4620185185 2 0.6753296296 0.4467078189 2 0 0 0 0 0 0
0 0.6491157407 0.4525720165 0.0203981481 0.0242798354 0.6416916667 0.4466131687 2 0.6416916667 0.4612222222 2 0.6574675926 0.4613847737 2 0.6573444444 0.4460740741 2 0 0 0 0 0 0
0 0.6519675926 0.4722427984 0.0203981481 0.0242798354 0.6445462963 0.4782139918 2 0.6445462963 0.4636049383 2 0.6603222222 0.4634423868 2 0.6601990741 0.4787530864 2 0 0 0 0 0 0
0 0.6698101852 0.4725720165 0.0203981481 0.0242798354 0.6623888889 0.4785308642 2 0.6623888889 0.4639218107 2 0.6781648148 0.4637592593 2 0.6780416667 0.4790699588 2 0 0 0 0 0 0
0 0.6869398148 0.4725720165 0.0203981481 0.0242798354 0.6795175926 0.4785308642 2 0.6795175926 0.4639218107 2 0.6952935185 0.4637592593 2 0.6951703704 0.4790699588 2 0 0 0 0 0 0
0 0.7042083333 0.4728806584 0.0203981481 0.0242798354 0.6967888889 0.4788477366 2 0.6967888889 0.4642386831 2 0.7125648148 0.4640761317 1 0.7124416667 0.4793868313 1 0 0 0 0 0 0
0 0.7013564815 0.4731893004 0.0203981481 0.0242798354 0.6939342593 0.4672304527 2 0.6939342593 0.4818395062 2 0.7097101852 0.4820020576 1 0.709587037 0.466691358 1 0 0 0 0 0 0
0 0.6842268519 0.4738271605 0.0203981481 0.0242798354 0.6768055556 0.4678662551 2 0.6768055556 0.4824753086 2 0.6925814815 0.4826358025 2 0.6924583333 0.4673251029 2 0 0 0 0 0 0
0 0.6663842593 0.4744650206 0.0203981481 0.0242798354 0.658962963 0.4685 2 0.658962963 0.4831090535 2 0.6747388889 0.4832716049 2 0.6746157407 0.4679609053 2 0 0 0 0 0 0
0 0.6489675926 0.4735185185 0.0203981481 0.0242798354 0.6415490741 0.4675473251 2 0.6415490741 0.4821563786 2 0.657325 0.48231893 2 0.6572018519 0.4670082305 2 0 0 0 0 0 0
0 0.6350138889 0.3666460905 0.0190092593 0.0191769547 0.6272 0.3737633745 2 0.6272314815 0.3598621399 2 0.6430333333 0.3597716049 2 0.6429407407 0.3739691358 2 0 0 0 0 0 0
0 0.6177638889 0.365473251 0.0190092593 0.0191769547 0.6099444444 0.3725946502 2 0.609975 0.3586934156 2 0.6257777778 0.3586028807 2 0.6256851852 0.3728004115 2 0 0 0 0 0 0
0 0.6007175926 0.3640740741 0.0190092593 0.0191769547 0.5928990741 0.371191358 2 0.5929296296 0.3572901235 2 0.6087324074 0.3571995885 2 0.6086398148 0.3713971193 2 0 0 0 0 0 0
0 0.5834583333 0.3643004115 0.0190092593 0.0191769547 0.5756425926 0.3714238683 2 0.5756740741 0.3575226337 2 0.5914768519 0.3574341564 2 0.5913833333 0.3716316872 2 0 0 0 0 0 0
0 0.6381157407 0.3703909465 0.0203981481 0.0242798354 0.6306953704 0.3644156379 2 0.6306953704 0.3790246914 2 0.6464703704 0.3791872428 2 0.6463472222 0.3638765432 2 0 0 0 0 0 0
0 0.620125 0.3680452675 0.0203981481 0.0242798354 0.6127027778 0.3620781893 2 0.6127027778 0.3766872428 2 0.6284777778 0.3768497942 2 0.6283555556 0.3615390947 2 0 0 0 0 0 0
0 0.6030787037 0.367345679 0.0203981481 0.0242798354 0.5956574074 0.3613765432 2 0.5956574074 0.3759855967 2 0.6114324074 0.3761481481 2 0.6113101852 0.3608374486 2 0 0 0 0 0 0
0 0.5859305556 0.366872428 0.0203981481 0.0242798354 0.5785064815 0.360909465 2 0.5785064815 0.3755185185 2 0.5942824074 0.37568107 2 0.5941592593 0.3603703704 2 0 0 0 0 0 0
0 0.6307083333 0.3879423868 0.0190092593 0.0191769547 0.6228907407 0.3950596708 2 0.6229212963 0.3811584362 2 0.6387240741 0.3810679012 2 0.6386314815 0.3952654321 2 0 0 0 0 0 0
0 0.6135787037 0.3858847737 0.0190092593 0.0191769547 0.6057611111 0.3930020576 2 0.6057916667 0.379100823 2 0.6215944444 0.3790102881 2 0.6215018519 0.3932078189 2 0 0 0 0 0 0
0 0.5962638889 0.3856790123 0.0190092593 0.0191769547 0.5884462963 0.3927962963 2 0.5884768519 0.3788950617 2 0.6042796296 0.3788045267 2 0.604187037 0.3930020576 2 0 0 0 0 0 0
0 0.5790416667 0.3846502058 0.0190092593 0.0191769547 0.5712240741 0.3917674897 2 0.5712546296 0.3778662551 2 0.5870574074 0.3777757202 2 0.5869648148 0.391973251 2 0 0 0 0 0 0
0 0.5820324074 0.3876954733 0.0203981481 0.0242798354 0.574612963 0.381718107 2 0.574612963 0.3963271605 2 0.5903888889 0.3964897119 2 0.5902657407 0.3811790123 2 0 0 0 0 0 0
0 0.5988842593 0.3887242798 0.0203981481 0.0242798354 0.5914657407 0.3827469136 2 0.5914657407 0.3973559671 2 0.6072407407 0.3975185185 2 0.6071175926 0.3822078189 2 0 0 0 0 0 0
0 0.6158287037 0.3893415638 0.0203981481 0.0242798354 0.6084092593 0.3833641975 2 0.6084092593 0.397973251 2 0.6241851852 0.3981358025 2 0.624062037 0.3828251029 2 0 0 0 0 0 0
0 0.6336064815 0.3905761317 0.0203981481 0.0242798354 0.626187963 0.3845987654 2 0.626187963 0.3992078189 2 0.641962963 0.3993703704 2 0.6418398148 0.3840596708 2 0 0 0 0 0 0
0 0.6272268519 0.4078806584 0.0190092593 0.0191769547 0.6194092593 0.4150102881 2 0.6194398148 0.4011090535 2 0.6352425926 0.4010185185 2 0.63515 0.4152160494 2 0 0 0 0 0 0
0 0.610125 0.4067901235 0.0190092593 0.0191769547 0.6023074074 0.4139156379 2 0.6023388889 0.4000144033 2 0.6181416667 0.3999238683 2 0.6180481481 0.4141213992 2 0 0 0 0 0 0
0 0.5929027778 0.4062345679 0.0190092593 0.0191769547 0.5850833333 0.4133703704 2 0.5851138889 0.3994670782 2 0.6009166667 0.3993786008 2 0.6008240741 0.4135761317 2 0 0 0 0 0 0
0 0.5754305556 0.4054320988 0.0190092593 0.0191769547 0.567612963 0.4125493827 2 0.5676435185 0.3986481481 2 0.5834462963 0.3985576132 2 0.5833537037 0.412755144 2 0 0 0 0 0 0
0 0.5782638889 0.4092386831 0.0203981481 0.0242798354 0.5708416667 0.4032654321 2 0.5708416667 0.4178744856 2 0.5866175926 0.418037037 2 0.5864944444 0.4027263374 2 0 0 0 0 0 0
0 0.5952453704 0.4103292181 0.0203981481 0.0242798354 0.5878203704 0.4043580247 2 0.5878203704 0.4189670782 2 0.6035962963 0.4191296296 2 0.6034731481 0.40381893 2 0 0 0 0 0 0
0 0.6124675926 0.4100617284 0.0203981481 0.0242798354 0.6050444444 0.4040843621 2 0.6050444444 0.4186934156 2 0.6208203704 0.4188559671 2 0.6206972222 0.4035452675 2 0 0 0 0 0 0
0 0.6301805556 0.4119753086 0.0203981481 0.0242798354 0.6227611111 0.4059979424 2 0.6227611111 0.4206069959 2 0.638537037 0.4207695473 2 0.6384138889 0.4054588477 2 0 0 0 0 0 0
0 0.625625 0.4283950617 0.0190092593 0.0191769547 0.6178101852 0.4355144033 2 0.6178407407 0.4216131687 2 0.6336435185 0.4215226337 2 0.6335509259 0.4357201646 2 0 0 0 0 0 0
0 0.6082824074 0.4275720165 0.0190092593 0.0191769547 0.600462037 0.4346954733 2 0.6004935185 0.4207942387 2 0.6162962963 0.4207037037 2 0.6162027778 0.4349012346 2 0 0 0 0 0 0
0 0.5910509259 0.4275720165 0.0190092593 0.0191769547 0.583237963 0.4346954733 2 0.5832685185 0.4207942387 2 0.5990712963 0.4207037037 2 0.5989787037 0.4349012346 2 0 0 0 0 0 0
0 0.5737083333 0.4270164609 0.0190092593 0.0191769547 0.5658907407 0.4341481481 2 0.5659212963 0.4202469136 2 0.5817240741 0.4201563786 2 0.5816314815 0.4343539095 2 0 0 0 0 0 0
0 0.6282175926 0.4308230453 0.0203981481 0.0242798354 0.6207935185 0.4248641975 2 0.6207935185 0.439473251 2 0.6365685185 0.4396358025 2 0.6364453704 0.4243251029 2 0 0 0 0 0 0
0 0.6107453704 0.4294650206 0.0203981481 0.0242798354 0.6033222222 0.4234979424 2 0.6033222222 0.4381049383 2 0.6190981481 0.4382674897 2 0.618975 0.4229567901 2 0 0 0 0 0 0
0 0.5933935185 0.4291975309 0.0203981481 0.0242798354 0.585975 0.4232242798 2 0.585975 0.4378333333 2 0.6017509259 0.4379938272 2 0.6016277778 0.4226831276 2 0 0 0 0 0 0
0 0.5765416667 0.4294650206 0.0203981481 0.0242798354 0.5691194444 0.4234979424 2 0.5691194444 0.4381049383 2 0.5848953704 0.4382674897 2 0.5847722222 0.4229567901 2 0 0 0 0 0 0
0 0.6253842593 0.4477983539 0.0190092593 0.0191769547 0.6175638889 0.4549259259 2 0.6175944444 0.4410246914 2 0.6333972222 0.4409341564 2 0.6333046296 0.4551316872 2 0 0 0 0 0 0
0 0.6080324074 0.4469753086 0.0190092593 0.0191769547 0.6002166667 0.4541069959 2 0.6002472222 0.4402057613 2 0.61605 0.4401152263 2 0.6159574074 0.4543127572 2 0 0 0 0 0 0
0 0.5905601852 0.4469753086 0.0190092593 0.0191769547 0.5827453704 0.4541069959 2 0.5827768519 0.4402057613 2 0.5985796296 0.4401152263 2 0.5984861111 0.4543127572 2 0 0 0 0 0 0
0 0.5724768519 0.4464403292 0.0190092593 0.0191769547 0.5646601852 0.4535596708 2 0.5646907407 0.4396584362 2 0.5804935185 0.4395679012 2 0.5804009259 0.4537654321 2 0 0 0 0 0 0
0 0.628087963 0.4513374486 0.0203981481 0.0242798354 0.6206703704 0.4453703704 2 0.6206703704 0.4599773663 2 0.6364453704 0.4601399177 2 0.6363222222 0.4448292181 2 0 0 0 0 0 0
0 0.610625 0.4494238683 0.0203981481 0.0242798354 0.6031990741 0.4434547325 2 0.6031990741 0.458063786 2 0.618975 0.4582263374 2 0.6188518519 0.4429156379 2 0 0 0 0 0 0
0 0.5933935185 0.4491563786 0.0203981481 0.0242798354 0.585975 0.4431831276 2 0.585975 0.4577921811 2 0.6017509259 0.4579526749 2 0.6016277778 0.4426419753 2 0 0 0 0 0 0
0 0.6252546296 0.4688477366 0.0190092593 0.0191769547 0.6174407407 0.4759794239 2 0.6174722222 0.4620781893 2 0.6332740741 0.4619876543 2 0.6331814815 0.4761851852 2 0 0 0 0 0 0
0 0.6080324074 0.4672222222 0.0190092593 0.0191769547 0.6002166667 0.4743395062 2 0.6002472222 0.4604382716 2 0.61605 0.4603477366 2 0.6159574074 0.4745452675 2 0 0 0 0 0 0
0 0.6278472222 0.4712962963 0.0203981481 0.0242798354 0.6204240741 0.4653271605 2 0.6204240741 0.479936214 2 0.6362 0.4800987654 2 0.6360768519 0.4647880658 2 0 0 0 0 0 0
0 0.5935231481 0.469382716 0.0203981481 0.0242798354 0.5860981481 0.4634135802 2 0.5860981481 0.4780226337 2 0.6013111111 0.4783127572 2 0.6015435185 0.4618333333 2 0 0 0 0 0 0
0 0.5908101852 0.4666666667 0.0190092593 0.0191769547 0.5829916667 0.4737921811 2 0.5830222222 0.4598909465 2 0.598825 0.4598004115 2 0.5987324074 0.4739979424 2 0 0 0 0 0 0
0 0.5764212963 0.4491563786 0.0203981481 0.0242798354 0.5689962963 0.4431831276 2 0.5689962963 0.4577921811 2 0.5847722222 0.4579526749 2 0.5846490741 0.4426419753 2 0 0 0 0 0 0
0 0.610375 0.4702057613 0.0203981481 0.0242798354 0.6029537037 0.4642345679 2 0.6029537037 0.4788436214 2 0.6187287037 0.4790061728 2 0.6186064815 0.4636954733 2 0 0 0 0 0 0
0 0.5767824074 0.4688271605 0.0203981481 0.0242798354 0.5693657407 0.4628683128 2 0.5693657407 0.4774773663 2 0.5845787037 0.4777674897 2 0.5848111111 0.4612860082 2 0 0 0 0 0 0
0 0.5734583333 0.4672222222 0.0190092593 0.0191769547 0.5656444444 0.4743395062 2 0.565675 0.4604382716 2 0.5814777778 0.4603477366 2 0.5813851852 0.4745452675 2 0 0 0 0 0 0
0 0.5540231481 0.3622222222 0.0190092593 0.0191769547 0.5462055556 0.3693518519 2 0.5462361111 0.3554506173 2 0.5620388889 0.3553600823 2 0.5619462963 0.3695576132 2 0 0 0 0 0 0
0 0.5370416667 0.3630452675 0.0190092593 0.0191769547 0.5292268519 0.3701707819 2 0.5292574074 0.3562695473 2 0.5450601852 0.3561790123 2 0.5449675926 0.3703765432 2 0 0 0 0 0 0
0 0.5196990741 0.3624897119 0.0190092593 0.0191769547 0.5118796296 0.3696255144 2 0.5119101852 0.3557222222 2 0.527712963 0.3556337449 2 0.5276203704 0.3698312757 2 0 0 0 0 0 0
0 0.5027175926 0.3644032922 0.0190092593 0.0191769547 0.4949009259 0.3715390947 2 0.4949314815 0.3576378601 2 0.5107342593 0.3575473251 2 0.5106416667 0.371744856 2 0 0 0 0 0 0
0 0.5053101852 0.3648765432 0.0203981481 0.0242798354 0.4978898148 0.3589156379 2 0.4978898148 0.3735246914 2 0.5131027778 0.3738148148 2 0.5133342593 0.3573333333 2 0 0 0 0 0 0
0 0.5227361111 0.3659053498 0.0203981481 0.0242798354 0.5153148148 0.3599341564 2 0.5153148148 0.3745432099 2 0.5305277778 0.3748333333 2 0.5307601852 0.3583518519 2 0 0 0 0 0 0
0 0.5393935185 0.3662345679 0.0203981481 0.0242798354 0.5319759259 0.3602736626 2 0.5319759259 0.374882716 2 0.5471888889 0.3751728395 2 0.5474203704 0.3586934156 2 0 0 0 0 0 0
0 0.5563657407 0.3665843621 0.0203981481 0.0242798354 0.5489425926 0.3606131687 2 0.5489425926 0.3752222222 2 0.5641555556 0.3755144033 2 0.564387037 0.3590329218 2 0 0 0 0 0 0
0 0.5519398148 0.3844444444 0.0190092593 0.0191769547 0.5441194444 0.3915802469 2 0.54415 0.3776769547 2 0.5599527778 0.3775884774 2 0.5598601852 0.3917839506 2 0 0 0 0 0 0
0 0.535125 0.3837654321 0.0190092593 0.0191769547 0.5273055556 0.390899177 2 0.5273361111 0.3769979424 2 0.5431388889 0.3769074074 2 0.5430462963 0.3911049383 2 0 0 0 0 0 0
0 0.5176990741 0.3837654321 0.0190092593 0.0191769547 0.5098805556 0.390899177 2 0.5099111111 0.3769979424 2 0.5257138889 0.3769074074 2 0.5256212963 0.3911049383 2 0 0 0 0 0 0
0 0.5007361111 0.383436214 0.0190092593 0.0191769547 0.4929138889 0.3905596708 2 0.4929444444 0.3766584362 2 0.5087472222 0.3765679012 2 0.5086546296 0.3907654321 2 0 0 0 0 0 0
0 0.5034768519 0.3873045267 0.0203981481 0.0242798354 0.4960555556 0.3813333333 2 0.4960555556 0.3959423868 2 0.5112685185 0.3962325103 2 0.5115 0.3797530864 2 0 0 0 0 0 0
0 0.5210509259 0.3879835391 0.0203981481 0.0242798354 0.5136333333 0.3820144033 2 0.5136333333 0.3966213992 2 0.5288462963 0.3969135802 2 0.5290787037 0.3804320988 2 0 0 0 0 0 0
0 0.5375601852 0.3873045267 0.0203981481 0.0242798354 0.5301416667 0.3813333333 2 0.5301416667 0.3959423868 2 0.5453546296 0.3962325103 2 0.5455861111 0.3797530864 2 0 0 0 0 0 0
0 0.5546805556 0.3866255144 0.0203981481 0.0242798354 0.5472611111 0.380654321 2 0.5472611111 0.3952633745 2 0.5624740741 0.3955534979 2 0.5627055556 0.3790720165 2 0 0 0 0 0 0
0 0.5506527778 0.4051028807 0.0190092593 0.0191769547 0.5428342593 0.4122366255 2 0.5428657407 0.3983353909 2 0.5586675926 0.398244856 2 0.558575 0.4124423868 2 0 0 0 0 0 0
0 0.5336157407 0.4044855967 0.0190092593 0.0191769547 0.5257972222 0.4116193416 2 0.5258287037 0.397718107 2 0.5416305556 0.397627572 2 0.541537963 0.4118251029 2 0 0 0 0 0 0
0 0.5165787037 0.404691358 0.0190092593 0.0191769547 0.5087601852 0.4118251029 2 0.5087916667 0.3979238683 2 0.5245935185 0.3978333333 2 0.5245009259 0.4120308642 2 0 0 0 0 0 0
0 0.4993564815 0.4044855967 0.0190092593 0.0191769547 0.491537963 0.4116193416 2 0.4915694444 0.397718107 2 0.5073712963 0.397627572 2 0.5072787037 0.4118251029 2 0 0 0 0 0 0
0 0.5023194444 0.4072016461 0.0203981481 0.0242798354 0.4948944444 0.4012304527 2 0.4948944444 0.4158395062 2 0.5101083333 0.4161296296 2 0.5103398148 0.3996481481 2 0 0 0 0 0 0
0 0.5193564815 0.4069958848 0.0203981481 0.0242798354 0.5119314815 0.4010246914 2 0.5119314815 0.4156337449 2 0.5271453704 0.4159238683 2 0.5273768519 0.3994423868 2 0 0 0 0 0 0
0 0.5362083333 0.4074074074 0.0203981481 0.0242798354 0.5287833333 0.401436214 2 0.5287833333 0.4160452675 2 0.5439962963 0.4163353909 2 0.5442287037 0.3998539095 2 0 0 0 0 0 0
0 0.5536157407 0.4080246914 0.0203981481 0.0242798354 0.5461907407 0.4020534979 2 0.5461907407 0.4166625514 2 0.5614046296 0.4169526749 2 0.5616361111 0.4004711934 2 0 0 0 0 0 0
0 0.5482453704 0.426090535 0.0190092593 0.0191769547 0.5404268519 0.4332242798 2 0.5404583333 0.4193230453 2 0.5562601852 0.4192325103 2 0.5561675926 0.4334300412 2 0 0 0 0 0 0
0 0.5316712963 0.4256790123 0.0190092593 0.0191769547 0.5238527778 0.4328127572 2 0.5238842593 0.4189115226 2 0.5396861111 0.4188209877 2 0.5395935185 0.4330185185 2 0 0 0 0 0 0
0 0.5144490741 0.4252674897 0.0190092593 0.0191769547 0.5066305556 0.4324012346 2 0.506662037 0.4185 2 0.5224638889 0.418409465 2 0.5223712963 0.4326069959 2 0 0 0 0 0 0
0 0.4971342593 0.4248559671 0.0190092593 0.0191769547 0.4893157407 0.4319897119 2 0.4893472222 0.4180884774 2 0.5051490741 0.4179979424 2 0.5050564815 0.4321954733 2 0 0 0 0 0 0
0 0.5000046296 0.428600823 0.0203981481 0.0242798354 0.4925796296 0.4226296296 2 0.4925796296 0.4372386831 2 0.5077935185 0.4375288066 2 0.508025 0.4210473251 2 0 0 0 0 0 0
0 0.5170416667 0.4277777778 0.0203981481 0.0242798354 0.5096166667 0.4218065844 2 0.5096166667 0.4364156379 2 0.5248305556 0.4367057613 2 0.525062037 0.4202242798 2 0 0 0 0 0 0
0 0.5341712963 0.4281893004 0.0203981481 0.0242798354 0.5267462963 0.422218107 2 0.5267462963 0.4368271605 2 0.5419601852 0.437117284 2 0.5421916667 0.4206358025 2 0 0 0 0 0 0
0 0.5534305556 0.4283950617 0.0203981481 0.0242798354 0.5460055556 0.4224238683 2 0.5460055556 0.4370329218 2 0.5612185185 0.4373230453 2 0.5614509259 0.4208415638 2 0 0 0 0 0 0
0 0.4969490741 0.4464609053 0.0190092593 0.0191769547 0.4891305556 0.4535946502 2 0.489162037 0.4396934156 2 0.5049638889 0.4396028807 2 0.5048712963 0.4538004115 2 0 0 0 0 0 0
0 0.5000972222 0.4483539095 0.0203981481 0.0242798354 0.4926722222 0.442382716 2 0.4926722222 0.4569917695 2 0.5078851852 0.457281893 2 0.5081175926 0.4408004115 2 0 0 0 0 0 0
0 0.5189861111 0.4481481481 0.0203981481 0.0242798354 0.5115611111 0.4421769547 2 0.5115611111 0.4567860082 2 0.526775 0.4570761317 2 0.5270064815 0.4405946502 2 0 0 0 0 0 0
0 0.5140787037 0.4458436214 0.0190092593 0.0191769547 0.5062601852 0.4529773663 2 0.5062916667 0.4390761317 2 0.5220935185 0.4389855967 2 0.5220009259 0.4531831276 2 0 0 0 0 0 0
0 0.5315787037 0.4452263374 0.0190092593 0.0191769547 0.5237601852 0.4523600823 2 0.5237916667 0.4384588477 2 0.5395935185 0.4383683128 2 0.5395009259 0.4525658436 2 0 0 0 0 0 0
0 0.5359305556 0.4483539095 0.0203981481 0.0242798354 0.5285055556 0.442382716 2 0.5285055556 0.4569917695 2 0.5437185185 0.457281893 2 0.5439509259 0.4408004115 2 0 0 0 0 0 0
0 0.5487083333 0.4464609053 0.0190092593 0.0191769547 0.5408898148 0.4535946502 2 0.5409212963 0.4396934156 2 0.5567231481 0.4396028807 2 0.5566305556 0.4538004115 2 0 0 0 0 0 0
0 0.5530601852 0.4487654321 0.0203981481 0.0242798354 0.5456351852 0.4427942387 2 0.5456351852 0.4574032922 2 0.5608481481 0.4576934156 2 0.5610805556 0.4412119342 2 0 0 0 0 0 0
0 0.5502824074 0.4664197531 0.0190092593 0.0191769547 0.5424638889 0.4735534979 2 0.5424953704 0.4596522634 2 0.5582972222 0.4595617284 2 0.5582046296 0.4737592593 2 0 0 0 0 0 0
0 0.5334305556 0.4655967078 0.0190092593 0.0191769547 0.525612037 0.4727304527 2 0.5256435185 0.4588292181 2 0.5414453704 0.4587386831 2 0.5413527778 0.472936214 2 0 0 0 0 0 0
0 0.5165787037 0.4655967078 0.0190092593 0.0191769547 0.5087601852 0.4727304527 2 0.5087916667 0.4588292181 2 0.5245935185 0.4587386831 2 0.5245009259 0.472936214 2 0 0 0 0 0 0
0 0.4996342593 0.4666255144 0.0190092593 0.0191769547 0.4918157407 0.4737592593 2 0.4918472222 0.4598580247 2 0.5076490741 0.4597674897 2 0.5075564815 0.4739650206 2 0 0 0 0 0 0
0 0.5018564815 0.4676954733 0.0203981481 0.0242798354 0.4944314815 0.4617242798 2 0.4944314815 0.4763333333 2 0.5096453704 0.4766234568 2 0.5098768519 0.4601419753 2 0 0 0 0 0 0
0 0.5187083333 0.4689300412 0.0203981481 0.0242798354 0.5112833333 0.4629588477 2 0.5112833333 0.4775679012 2 0.5264962963 0.4778580247 2 0.5267287037 0.4613765432 2 0 0 0 0 0 0
0 0.535375 0.4689300412 0.0203981481 0.0242798354 0.52795 0.4629588477 2 0.52795 0.4775679012 2 0.543162963 0.4778580247 2 0.5433953704 0.4613765432 2 0 0 0 0 0 0
0 0.5526898148 0.4685185185 0.0203981481 0.0242798354 0.5452648148 0.4625473251 2 0.5452648148 0.4771563786 2 0.5604787037 0.4774465021 2 0.5607101852 0.4609650206 2 0 0 0 0 0 0
0 0.4311712963 0.363127572 0.0190092593 0.0191769547 0.4242592593 0.3699588477 2 0.4243518519 0.3561728395 2 0.4391888889 0.3562695473 2 0.4390962963 0.3704670782 2 0 0 0 0 0 0
0 0.4479305556 0.3620987654 0.0190092593 0.0191769547 0.4401148148 0.3692325103 2 0.4401453704 0.3553312757 2 0.4559481481 0.3552407407 2 0.4558555556 0.3694382716 2 0 0 0 0 0 0
0 0.464875 0.3629218107 0.0190092593 0.0191769547 0.4570583333 0.3700555556 2 0.4570898148 0.356154321 2 0.4728925926 0.356063786 2 0.4727990741 0.3702613169 2 0 0 0 0 0 0
0 0.4820972222 0.3629218107 0.0190092593 0.0191769547 0.4742805556 0.3700555556 2 0.474312037 0.356154321 2 0.4901148148 0.356063786 2 0.4900212963 0.3702613169 2 0 0 0 0 0 0
0 0.4800092593 0.3654115226 0.0201851852 0.0242798354 0.4718518519 0.3592592593 2 0.4718518519 0.3740740741 2 0.4869444444 0.3740740741 2 0.487037037 0.35781893 2 0 0 0 0 0 0
0 0.4622314815 0.365 0.0201851852 0.0242798354 0.4540740741 0.3588477366 2 0.4540740741 0.3736625514 2 0.4709259259 0.3738683128 2 0.4708333333 0.3582304527 2 0 0 0 0 0 0
0 0.4459351852 0.3652057613 0.0198148148 0.0242798354 0.437962963 0.3590534979 2 0.437962963 0.3738683128 2 0.4532481481 0.3738395062 2 0.4532481481 0.3586131687 2 0 0 0 0 0 0
0 0.4293611111 0.3660288066 0.0198148148 0.0242798354 0.4222296296 0.3600534979 2 0.4222296296 0.3746625514 2 0.4366740741 0.3746625514 2 0.4366740741 0.359436214 2 0 0 0 0 0 0
0 0.4304212963 0.3828806584 0.0163425926 0.0202057613 0.4239416667 0.3905288066 2 0.4239722222 0.376627572 2 0.436887037 0.3772716049 2 0.4370027778 0.3896316872 2 0 0 0 0 0 0
0 0.4472916667 0.3818518519 0.0190092593 0.0191769547 0.4394703704 0.3889835391 2 0.4395009259 0.3750823045 2 0.4553037037 0.3749917695 2 0.4552111111 0.3891893004 2 0 0 0 0 0 0
0 0.4644398148 0.3821193416 0.0190092593 0.0191769547 0.4566212963 0.3892427984 2 0.4566518519 0.3753395062 2 0.4724546296 0.3752510288 2 0.472362037 0.3894485597 2 0 0 0 0 0 0
0 0.4813564815 0.3828806584 0.0190092593 0.0191769547 0.4735398148 0.3900144033 2 0.4735712963 0.3761131687 2 0.4893740741 0.3760226337 2 0.4892805556 0.3902201646 2 0 0 0 0 0 0
0 0.4779351852 0.3848148148 0.0188888889 0.0242798354 0.4712731481 0.3788539095 2 0.4712731481 0.393462963 2 0.4854435185 0.3934938272 2 0.4852111111 0.3772716049 2 0 0 0 0 0 0
0 0.4613703704 0.3848148148 0.0212037037 0.0242798354 0.4535425926 0.3788539095 2 0.4535425926 0.393462963 2 0.470262037 0.3937530864 2 0.470262037 0.3775288066 2 0 0 0 0 0 0
0 0.443287037 0.3845679012 0.0212037037 0.0242798354 0.4354638889 0.3785967078 2 0.4354638889 0.3932037037 2 0.4521842593 0.3934938272 2 0.4521842593 0.3772716049 2 0 0 0 0 0 0
0 0.4271851852 0.3853292181 0.0198148148 0.0242798354 0.4200518519 0.3793683128 2 0.4200518519 0.3939773663 2 0.4344962963 0.3939773663 2 0.4344962963 0.3787510288 2 0 0 0 0 0 0
0 0.4273564815 0.4032304527 0.0190092593 0.0191769547 0.419537963 0.4103580247 2 0.4195685185 0.3964567901 2 0.4353712963 0.3963662551 2 0.4352787037 0.410563786 2 0 0 0 0 0 0
0 0.4445046296 0.4027160494 0.0190092593 0.0191769547 0.4366888889 0.4098436214 2 0.4367194444 0.3959423868 2 0.4525222222 0.3958518519 2 0.4524296296 0.4100493827 2 0 0 0 0 0 0
0 0.4614212963 0.4029835391 0.0190092593 0.0191769547 0.4536083333 0.410100823 2 0.4536388889 0.3961995885 2 0.4694416667 0.3961090535 2 0.4693490741 0.4103065844 2 0 0 0 0 0 0
0 0.4786898148 0.4034979424 0.0190092593 0.0191769547 0.470875 0.410617284 2 0.4709055556 0.3967139918 2 0.4867083333 0.3966255144 2 0.4866157407 0.4108230453 2 0 0 0 0 0 0
0 0.4755092593 0.4051646091 0.0198148148 0.0242798354 0.4683759259 0.3991975309 2 0.4683759259 0.4138065844 2 0.4838212963 0.4138395062 2 0.4837046296 0.3986460905 2 0 0 0 0 0 0
0 0.4588148148 0.4056790123 0.0198148148 0.0242798354 0.451687963 0.3997119342 2 0.451687963 0.4143209877 2 0.4671333333 0.4143539095 2 0.4670175926 0.3991604938 2 0 0 0 0 0 0
0 0.4414953704 0.4046502058 0.0208611111 0.0242798354 0.4338416667 0.3986831276 2 0.4338416667 0.4132921811 2 0.4500981481 0.4138395062 2 0.4500981481 0.3983868313 2 0 0 0 0 0 0
0 0.4248611111 0.4051646091 0.0198148148 0.0242798354 0.4177333333 0.3991975309 2 0.4177333333 0.4138065844 2 0.4321777778 0.4138065844 2 0.4321777778 0.3985802469 2 0 0 0 0 0 0
0 0.4259675926 0.4238271605 0.0190092593 0.0191769547 0.4181472222 0.4309609053 2 0.4181777778 0.4170596708 2 0.4339805556 0.4169691358 2 0.433887963 0.4311666667 2 0 0 0 0 0 0
0 0.4431157407 0.4235802469 0.0190092593 0.0191769547 0.4352981481 0.4307037037 2 0.4353287037 0.4168024691 2 0.4511314815 0.4167119342 2 0.4510388889 0.430909465 2 0 0 0 0 0 0
0 0.4601527778 0.4240946502 0.0190092593 0.0191769547 0.4523333333 0.431218107 2 0.4523638889 0.4173168724 2 0.4681666667 0.4172263374 2 0.4680740741 0.4314238683 2 0 0 0 0 0 0
0 0.4770694444 0.4238271605 0.0190092593 0.0191769547 0.4692527778 0.4309609053 2 0.4692833333 0.4170596708 2 0.4850861111 0.4169691358 2 0.4849935185 0.4311666667 2 0 0 0 0 0 0
0 0.474287037 0.4270576132 0.0206296296 0.0242798354 0.4666694444 0.4192469136 2 0.4666694444 0.4354711934 2 0.4820092593 0.4356954733 2 0.4820092593 0.4204691358 2 0 0 0 0 0 0
0 0.4570833333 0.4260288066 0.0198148148 0.0242798354 0.44995 0.4200576132 2 0.44995 0.4346666667 2 0.4643944444 0.4346666667 2 0.4643944444 0.4194382716 2 0 0 0 0 0 0
0 0.439462963 0.4262757202 0.0198148148 0.0242798354 0.4323351852 0.4203148148 2 0.4323351852 0.4349238683 2 0.4467796296 0.4349238683 2 0.4467796296 0.4196975309 2 0 0 0 0 0 0
0 0.4217314815 0.4267901235 0.0198148148 0.0242798354 0.4146046296 0.4208292181 2 0.4146046296 0.4354382716 2 0.4290490741 0.4354382716 2 0.4290490741 0.4202119342 2 0 0 0 0 0 0
0 0.4221435185 0.4449588477 0.0190092593 0.0191769547 0.4143231481 0.4520781893 2 0.4143537037 0.4381748971 2 0.4301564815 0.4380864198 2 0.4300638889 0.4522839506 2 0 0 0 0 0 0
0 0.4406805556 0.4449588477 0.0190092593 0.0191769547 0.4328648148 0.4520781893 2 0.4328953704 0.4381748971 2 0.4486981481 0.4380864198 2 0.4486055556 0.4522839506 2 0 0 0 0 0 0
0 0.4580694444 0.4444444444 0.0190092593 0.0191769547 0.4502472222 0.4515617284 2 0.4502777778 0.4376604938 2 0.4660805556 0.4375699588 2 0.465987963 0.4517674897 2 0 0 0 0 0 0
0 0.4750972222 0.4449588477 0.0190092593 0.0191769547 0.4672824074 0.4520781893 2 0.467312963 0.4381748971 2 0.4831157407 0.4380864198 2 0.4830231481 0.4522839506 2 0 0 0 0 0 0
0 0.4723796296 0.4471399177 0.0198148148 0.0242798354 0.4652462963 0.4411728395 2 0.4652462963 0.455781893 2 0.4796916667 0.455781893 2 0.4796916667 0.4405555556 2 0 0 0 0 0 0
0 0.4544166667 0.4468930041 0.0198148148 0.0242798354 0.4472842593 0.4409156379 2 0.4472842593 0.4555246914 2 0.4617287037 0.4555246914 2 0.4617287037 0.4402983539 2 0 0 0 0 0 0
0 0.4356388889 0.447654321 0.0198148148 0.0242798354 0.4285111111 0.4416893004 2 0.4285111111 0.4562983539 2 0.4429555556 0.4562983539 2 0.4429555556 0.4410720165 2 0 0 0 0 0 0
0 0.4189537037 0.447654321 0.0198148148 0.0242798354 0.4118240741 0.4416893004 2 0.4118240741 0.4562983539 2 0.4262685185 0.4562983539 2 0.4262685185 0.4410720165 2 0 0 0 0 0 0
0 0.4723194444 0.4658024691 0.0190092593 0.0191769547 0.4645009259 0.472936214 2 0.4645324074 0.4590349794 2 0.4803342593 0.4589444444 2 0.4802416667 0.4731419753 2 0 0 0 0 0 0
0 0.4549398148 0.4658024691 0.0190092593 0.0191769547 0.4471185185 0.472936214 2 0.4471490741 0.4590349794 2 0.4629518519 0.4589444444 2 0.4628592593 0.4731419753 2 0 0 0 0 0 0
0 0.4373194444 0.4658024691 0.0190092593 0.0191769547 0.4295037037 0.472936214 2 0.4295342593 0.4590349794 2 0.445337037 0.4589444444 2 0.4452444444 0.4731419753 2 0 0 0 0 0 0
0 0.4202824074 0.4663168724 0.0190092593 0.0191769547 0.4124685185 0.4734506173 2 0.4125 0.4595493827 2 0.4283018519 0.4594609053 2 0.4282092593 0.4736563786 2 0 0 0 0 0 0
0 0.4694490741 0.4683127572 0.0203981481 0.0242798354 0.4620240741 0.4623415638 2 0.4620240741 0.4769506173 2 0.477237963 0.4772407407 2 0.4774694444 0.4607592593 2 0 0 0 0 0 0
0 0.4504212963 0.4685185185 0.0203981481 0.0242798354 0.4429972222 0.4625473251 2 0.4429972222 0.4771563786 2 0.4582101852 0.4774465021 2 0.4584416667 0.4609650206 2 0 0 0 0 0 0
0 0.4329212963 0.4682510288 0.0203981481 0.0242798354 0.4254981481 0.4622901235 2 0.4254981481 0.476899177 2 0.4407111111 0.4771893004 2 0.4409435185 0.4607078189 2 0 0 0 0 0 0
0 0.416287037 0.4685185185 0.0198148148 0.0242798354 0.4091583333 0.4625473251 2 0.4091583333 0.4771563786 2 0.4236027778 0.4771563786 2 0.4236027778 0.4619300412 2 0 0 0 0 0 0
0 0.3446712963 0.3708641975 0.0190092593 0.0191769547 0.3368518519 0.3779835391 2 0.3368824074 0.3640823045 2 0.3526851852 0.3639917695 2 0.3525925926 0.3781893004 2 0 0 0 0 0 0
0 0.3614305556 0.3700411523 0.0190092593 0.0191769547 0.3536111111 0.3771604938 2 0.3536416667 0.3632592593 2 0.3694444444 0.3631687243 2 0.3693518519 0.3773662551 2 0 0 0 0 0 0
0 0.3780972222 0.3683950617 0.0190092593 0.0191769547 0.3702777778 0.3755144033 2 0.3703083333 0.3616131687 2 0.3861111111 0.3615226337 2 0.3860185185 0.3757201646 2 0 0 0 0 0 0
0 0.3951342593 0.3681893004 0.0190092593 0.0191769547 0.3873148148 0.375308642 2 0.3873453704 0.3614074074 2 0.4031481481 0.3613168724 2 0.4030555556 0.3755144033 2 0 0 0 0 0 0
0 0.3431018519 0.3732510288 0.0193518519 0.0242798354 0.3359259259 0.3666666667 2 0.3359259259 0.3820987654 2 0.3512037037 0.3820987654 2 0.3511111111 0.3664609053 2 0 0 0 0 0 0
0 0.3593055556 0.3734567901 0.0193518519 0.0242798354 0.3521296296 0.366872428 2 0.3521296296 0.3823045267 2 0.3674074074 0.3823045267 2 0.3673148148 0.3666666667 2 0 0 0 0 0 0
0 0.3758796296 0.3716049383 0.0193518519 0.0242798354 0.3684259259 0.3658436214 2 0.3684259259 0.3800411523 2 0.3839814815 0.3804526749 2 0.3838888889 0.3648148148 2 0 0 0 0 0 0
0 0.3925462963 0.3703703704 0.0193518519 0.0242798354 0.3848148148 0.3648148148 2 0.3847222222 0.379218107 2 0.4006481481 0.379218107 2 0.4005555556 0.3635802469 2 0 0 0 0 0 0
0 0.3464305556 0.3912345679 0.0169722222 0.0191769547 0.3387962963 0.3983539095 2 0.3387037037 0.3843621399 2 0.3534259259 0.3843621399 2 0.3533333333 0.3985596708 2 0 0 0 0 0 0
0 0.3623564815 0.3908230453 0.0169722222 0.0191769547 0.3547222222 0.3979423868 2 0.3546296296 0.3839506173 2 0.3693518519 0.3839506173 2 0.3692592593 0.3981481481 2 0 0 0 0 0 0
0 0.3784675926 0.3895884774 0.0169722222 0.0191769547 0.3708333333 0.3967078189 2 0.3707407407 0.3827160494 2 0.385462963 0.3827160494 2 0.3853703704 0.3969135802 2 0 0 0 0 0 0
0 0.3942083333 0.3881481481 0.0190092593 0.0191769547 0.3863888889 0.3952674897 2 0.3864194444 0.3813662551 2 0.4022222222 0.3812757202 2 0.4021296296 0.395473251 2 0 0 0 0 0 0
0 0.3918518519 0.3913580247 0.0198148148 0.0242798354 0.3847222222 0.3853909465 2 0.3847222222 0.4 2 0.3991666667 0.4 2 0.3991666667 0.3847736626 2 0 0 0 0 0 0
0 0.3757407407 0.3925925926 0.0198148148 0.0242798354 0.3686111111 0.3866255144 2 0.3686111111 0.4012345679 2 0.3830555556 0.4012345679 2 0.3830555556 0.3860082305 2 0 0 0 0 0 0
0 0.3597222222 0.3934156379 0.0198148148 0.0242798354 0.3525925926 0.3874485597 2 0.3525925926 0.4020576132 2 0.367037037 0.4020576132 2 0.367037037 0.3868312757 2 0 0 0 0 0 0
0 0.3438888889 0.3938271605 0.0198148148 0.0242798354 0.3367592593 0.3878600823 2 0.3367592593 0.4024691358 2 0.3512037037 0.4024691358 2 0.3512037037 0.3872427984 2 0 0 0 0 0 0
0 0.3402777778 0.4154320988 0.0198148148 0.0242798354 0.3331481481 0.4094650206 2 0.3331481481 0.4240740741 2 0.3475925926 0.4240740741 2 0.3475925926 0.4088477366 2 0 0 0 0 0 0
0 0.341337963 0.4101646091 0.0190092593 0.0191769547 0.335 0.4170781893 2 0.3349074074 0.4030864198 2 0.3493518519 0.4032921811 2 0.3492592593 0.4174897119 2 0 0 0 0 0 0
0 0.3580972222 0.411399177 0.0190092593 0.0191769547 0.3502777778 0.4185185185 2 0.3503083333 0.404617284 2 0.3661111111 0.404526749 2 0.3660185185 0.4187242798 2 0 0 0 0 0 0
0 0.3746712963 0.4101646091 0.0190092593 0.0191769547 0.3668518519 0.4172839506 2 0.3668824074 0.403382716 2 0.3826851852 0.4032921811 2 0.3825925926 0.4174897119 2 0 0 0 0 0 0
0 0.3917083333 0.4089300412 0.0190092593 0.0191769547 0.3838888889 0.4160493827 2 0.3839194444 0.4021481481 2 0.3997222222 0.4020576132 2 0.3996296296 0.416255144 2 0 0 0 0 0 0
0 0.3886111111 0.4083333333 0.0198148148 0.0339506173 0.3814814815 0.4072016461 2 0.3814814815 0.4218106996 2 0.3959259259 0.4218106996 2 0.3959259259 0.4065843621 2 0 0 0 0 0 0
0 0.3726851852 0.4091563786 0.0198148148 0.0339506173 0.3655555556 0.4080246914 2 0.3655555556 0.4226337449 2 0.38 0.4226337449 2 0.38 0.4074074074 2 0 0 0 0 0 0
0 0.3569444444 0.4146090535 0.0198148148 0.0242798354 0.3488888889 0.4086419753 2 0.3488888889 0.4226337449 2 0.3642592593 0.4232510288 2 0.3642592593 0.4080246914 2 0 0 0 0 0 0
0 0.3402777778 0.4154320988 0.0198148148 0.0242798354 0.3331481481 0.4094650206 2 0.3331481481 0.4240740741 2 0.3475925926 0.4240740741 2 0.3475925926 0.4088477366 2 0 0 0 0 0 0
0 0.3405972222 0.4336213992 0.0190092593 0.0191769547 0.3327777778 0.4407407407 2 0.3328083333 0.4268395062 2 0.3486111111 0.4267489712 2 0.3485185185 0.4409465021 2 0 0 0 0 0 0
0 0.3572638889 0.4323868313 0.0190092593 0.0191769547 0.3494444444 0.4395061728 2 0.349475 0.4256049383 2 0.3652777778 0.4255144033 2 0.3651851852 0.4397119342 2 0 0 0 0 0 0
0 0.373837963 0.4311522634 0.0190092593 0.0191769547 0.3660185185 0.4382716049 2 0.3660490741 0.4243703704 2 0.3818518519 0.4242798354 2 0.3817592593 0.4384773663 2 0 0 0 0 0 0
0 0.3905972222 0.4311522634 0.0190092593 0.0191769547 0.3827777778 0.4382716049 2 0.3828083333 0.4243703704 2 0.3986111111 0.4242798354 2 0.3985185185 0.4384773663 2 0 0 0 0 0 0
0 0.3872222222 0.4329218107 0.0198148148 0.0242798354 0.3800925926 0.4269547325 2 0.3800925926 0.441563786 2 0.3958333333 0.441563786 2 0.3958333333 0.4265432099 2 0 0 0 0 0 0
0 0.3706481481 0.4333333333 0.0198148148 0.0242798354 0.3635185185 0.4273662551 2 0.3635185185 0.4419753086 2 0.3792592593 0.4419753086 2 0.3792592593 0.4269547325 2 0 0 0 0 0 0
0 0.355 0.4343621399 0.0198148148 0.0242798354 0.3478703704 0.4283950617 2 0.3478703704 0.4430041152 2 0.3623148148 0.4430041152 2 0.3623148148 0.4277777778 2 0 0 0 0 0 0
0 0.339537037 0.4355967078 0.0198148148 0.0242798354 0.3324074074 0.4296296296 2 0.3324074074 0.4442386831 2 0.3468518519 0.4442386831 2 0.3468518519 0.4290123457 2 0 0 0 0 0 0
0 0.3402268519 0.4521399177 0.0175277778 0.0191769547 0.332962963 0.4602880658 2 0.332962963 0.4452674897 2 0.3475 0.4452674897 2 0.3474074074 0.4594650206 2 0 0 0 0 0 0
0 0.3562453704 0.4517283951 0.0190092593 0.0191769547 0.3484259259 0.4588477366 2 0.3484564815 0.4449465021 2 0.3642592593 0.4448559671 2 0.3641666667 0.4590534979 2 0 0 0 0 0 0
0 0.372912037 0.4509053498 0.0190092593 0.0191769547 0.3650925926 0.4580246914 2 0.3651231481 0.4441234568 2 0.3809259259 0.4440329218 2 0.3808333333 0.4582304527 2 0 0 0 0 0 0
0 0.3895787037 0.4502880658 0.0190092593 0.0191769547 0.3817592593 0.4574074074 2 0.3817898148 0.4435061728 2 0.3975925926 0.4434156379 2 0.3975 0.4576131687 2 0 0 0 0 0 0
0 0.3865740741 0.4526748971 0.0198148148 0.0242798354 0.3794444444 0.4467078189 2 0.3794444444 0.4613168724 2 0.3938888889 0.4613168724 2 0.3938888889 0.446090535 2 0 0 0 0 0 0
0 0.3701851852 0.453909465 0.0198148148 0.0242798354 0.3630555556 0.4479423868 2 0.3630555556 0.4625514403 2 0.3775 0.4625514403 2 0.3775 0.4473251029 2 0 0 0 0 0 0
0 0.3537037037 0.4547325103 0.0198148148 0.0242798354 0.3465740741 0.4487654321 2 0.3465740741 0.4633744856 2 0.3610185185 0.4633744856 2 0.3610185185 0.4481481481 2 0 0 0 0 0 0
0 0.3376851852 0.454526749 0.0198148148 0.0242798354 0.3305555556 0.4485596708 2 0.3305555556 0.4631687243 2 0.345 0.4631687243 2 0.345 0.4479423868 2 0 0 0 0 0 0
0 0.3894583333 0.4694238683 0.0190092593 0.0191769547 0.3816435185 0.4765411523 2 0.3816740741 0.4626399177 2 0.3974768519 0.4625493827 2 0.3973842593 0.4767469136 2 0 0 0 0 0 0
0 0.3726342593 0.4708641975 0.0190092593 0.0191769547 0.3648148148 0.4779835391 2 0.3648453704 0.4640823045 2 0.3806481481 0.4639917695 2 0.3805555556 0.4781893004 2 0 0 0 0 0 0
0 0.3561527778 0.4718930041 0.0190092593 0.0191769547 0.3483333333 0.4790123457 2 0.3483638889 0.4651111111 2 0.3641666667 0.4650205761 2 0.3640740741 0.479218107 2 0 0 0 0 0 0
0 0.3393009259 0.4718930041 0.0190092593 0.0191769547 0.3314814815 0.4790123457 2 0.331512037 0.4651111111 2 0.3473148148 0.4650205761 2 0.3472222222 0.479218107 2 0 0 0 0 0 0
0 0.3859259259 0.4716049383 0.0198148148 0.0242798354 0.3787962963 0.4656378601 2 0.3787962963 0.4802469136 2 0.3932407407 0.4802469136 2 0.3932407407 0.4650205761 2 0 0 0 0 0 0
0 0.3694444444 0.4732510288 0.0198148148 0.0242798354 0.3623148148 0.4672839506 2 0.3623148148 0.4818930041 2 0.3767592593 0.4818930041 2 0.3767592593 0.4666666667 2 0 0 0 0 0 0
0 0.3537037037 0.4738683128 0.0198148148 0.0242798354 0.3465740741 0.4679012346 2 0.3465740741 0.4825102881 2 0.3610185185 0.4825102881 2 0.3610185185 0.4672839506 2 0 0 0 0 0 0
0 0.3375 0.4748971193 0.0198148148 0.0242798354 0.3303703704 0.4689300412 2 0.3303703704 0.4835390947 2 0.3448148148 0.4835390947 2 0.3448148148 0.4683127572 2 0 0 0 0 0 0
0 0.6919814815 0.6379218107 0.0222037037 0.02781893 0.6825925926 0.6279835391 2 0.6826009259 0.6490205761 2 0.7025925926 0.6489711934 1 0.7024074074 0.629218107 1 0 0 0 0 0 0
0 0.6705925926 0.6375102881 0.0222037037 0.02781893 0.6612037037 0.6275720165 2 0.661212037 0.6486090535 2 0.6812037037 0.6485596708 2 0.6810185185 0.6288065844 2 0 0 0 0 0 0
0 0.6495740741 0.6362757202 0.0222037037 0.02781893 0.6401851852 0.6263374486 2 0.6401935185 0.6473744856 2 0.6601851852 0.6473251029 2 0.66 0.6275720165 2 0 0 0 0 0 0
0 0.6954305556 0.6365020576 0.0228981481 0.02781893 0.6854981481 0.6452119342 2 0.6854055556 0.6252530864 2 0.7055722222 0.625399177 1 0.7055722222 0.6457139918 1 0 0 0 0 0 0
0 0.6734861111 0.6352674897 0.0228981481 0.02781893 0.6635537037 0.6439773663 2 0.6634611111 0.6240185185 2 0.6836268519 0.6241646091 2 0.6836268519 0.6444794239 2 0 0 0 0 0 0
0 0.6520046296 0.6346502058 0.0228981481 0.02781893 0.6420722222 0.6433600823 2 0.6419796296 0.6234012346 2 0.6621453704 0.6235473251 2 0.6621453704 0.6438621399 2 0 0 0 0 0 0
0 0.6935555556 0.6107613169 0.0222037037 0.02781893 0.6841666667 0.6008230453 2 0.684175 0.6218600823 2 0.7041666667 0.6218106996 1 0.7039814815 0.6020576132 1 0 0 0 0 0 0
0 0.6720740741 0.6103497942 0.0222037037 0.02781893 0.6626851852 0.6004115226 2 0.6626935185 0.6214485597 2 0.6826851852 0.621399177 2 0.6825 0.6016460905 2 0 0 0 0 0 0
0 0.6964490741 0.6103703704 0.0228981481 0.02781893 0.6865166667 0.6190802469 2 0.6864240741 0.5991213992 2 0.7065898148 0.5992674897 1 0.7065898148 0.6195823045 1 0 0 0 0 0 0
0 0.674875 0.6095473251 0.0228981481 0.02781893 0.6649425926 0.6182572016 2 0.66485 0.5982983539 2 0.6850157407 0.5984444444 2 0.6850157407 0.6187592593 2 0 0 0 0 0 0
0 0.6506851852 0.6097325103 0.0222037037 0.02781893 0.6412962963 0.5997942387 2 0.6413046296 0.6208312757 2 0.6612962963 0.620781893 2 0.6611111111 0.6010288066 2 0 0 0 0 0 0
0 0.6943888889 0.584218107 0.0222037037 0.02781893 0.685 0.5742798354 2 0.6850083333 0.5953168724 2 0.705 0.5952674897 1 0.7048148148 0.5755144033 1 0 0 0 0 0 0
0 0.6535787037 0.6091358025 0.0228981481 0.02781893 0.6436462963 0.617845679 2 0.6435537037 0.5978868313 2 0.6637194444 0.5980329218 2 0.6637194444 0.6183477366 2 0 0 0 0 0 0
0 0.673 0.583600823 0.0222037037 0.02781893 0.6636111111 0.5736625514 2 0.6636194444 0.5946995885 2 0.6836111111 0.5946502058 2 0.6834259259 0.5748971193 2 0 0 0 0 0 0
0 0.6516111111 0.5831893004 0.0222037037 0.02781893 0.6422222222 0.5732510288 2 0.6422305556 0.5942880658 2 0.6622222222 0.5942386831 2 0.662037037 0.5744855967 2 0 0 0 0 0 0
0 0.6983009259 0.5830041152 0.0228981481 0.02781893 0.6883685185 0.5917139918 2 0.6882759259 0.571755144 2 0.7084416667 0.5719012346 1 0.7084416667 0.5922160494 1 0 0 0 0 0 0
0 0.6766342593 0.5827983539 0.0228981481 0.02781893 0.6667018519 0.5915082305 2 0.6666092593 0.5715493827 2 0.686775 0.5716954733 2 0.686775 0.5920102881 2 0 0 0 0 0 0
0 0.6555231481 0.58218107 0.0228981481 0.02781893 0.6455907407 0.5908909465 2 0.6454981481 0.5709320988 2 0.6656648148 0.5710781893 2 0.6656648148 0.5913930041 2 0 0 0 0 0 0
0 0.7006157407 0.5585185185 0.0228981481 0.02781893 0.6906833333 0.5672283951 2 0.6905907407 0.5472695473 2 0.7107564815 0.5474156379 1 0.7107564815 0.5677304527 1 0 0 0 0 0 0
0 0.6786712963 0.5570781893 0.0228981481 0.02781893 0.6687388889 0.5657880658 2 0.6686462963 0.5458292181 2 0.688812963 0.5459753086 2 0.688812963 0.5662901235 2 0 0 0 0 0 0
0 0.656912037 0.5558436214 0.0228981481 0.02781893 0.6469796296 0.5645534979 2 0.646887037 0.5445946502 2 0.6670537037 0.5447407407 2 0.6670537037 0.5650555556 2 0 0 0 0 0 0
0 0.7016342593 0.5309465021 0.0228981481 0.02781893 0.6917018519 0.5396563786 2 0.6916092593 0.5196975309 2 0.711775 0.5198436214 1 0.711775 0.5401584362 1 0 0 0 0 0 0
0 0.679875 0.5303292181 0.0228981481 0.02781893 0.6699425926 0.5390390947 2 0.66985 0.5190802469 2 0.6900157407 0.5192263374 2 0.6900157407 0.5395411523 2 0 0 0 0 0 0
0 0.6583009259 0.5290946502 0.0228981481 0.02781893 0.6483685185 0.5378045267 2 0.6482759259 0.517845679 2 0.6684425926 0.5179917695 2 0.6684425926 0.5383065844 2 0 0 0 0 0 0
0 0.6954074074 0.5582921811 0.0222037037 0.02781893 0.6860185185 0.5483539095 2 0.6860268519 0.5693909465 2 0.7060185185 0.5693415638 1 0.7058333333 0.5495884774 1 0 0 0 0 0 0
0 0.6742037037 0.5572633745 0.0222037037 0.02781893 0.6648148148 0.5473251029 2 0.6648231481 0.5683621399 2 0.6848148148 0.5683127572 2 0.6846296296 0.5485596708 2 0 0 0 0 0 0
0 0.6528148148 0.5568518519 0.0222037037 0.02781893 0.6434259259 0.5469135802 2 0.6434342593 0.5679506173 2 0.6634259259 0.5679012346 2 0.6632407407 0.5481481481 2 0 0 0 0 0 0
0 0.6966111111 0.5329835391 0.0222037037 0.02781893 0.6872222222 0.5230452675 2 0.6872305556 0.5440823045 2 0.7072222222 0.5440329218 1 0.707037037 0.5242798354 1 0 0 0 0 0 0
0 0.6755 0.5323662551 0.0222037037 0.02781893 0.6661111111 0.5224279835 2 0.6661194444 0.5434650206 2 0.6861111111 0.5434156379 2 0.6859259259 0.5236625514 2 0 0 0 0 0 0
0 0.6544814815 0.5311316872 0.0222037037 0.02781893 0.6450925926 0.5211934156 2 0.6451009259 0.5422304527 2 0.6650925926 0.54218107 2 0.6649074074 0.5224279835 2 0 0 0 0 0 0
0 0.627375 0.5295061728 0.0228981481 0.02781893 0.6174425926 0.5382160494 2 0.61735 0.5182572016 2 0.6375166667 0.5184032922 2 0.6375166667 0.538718107 2 0 0 0 0 0 0
0 0.6059861111 0.5284773663 0.0228981481 0.02781893 0.5960537037 0.5371872428 2 0.5959611111 0.5172283951 2 0.6161277778 0.5173744856 2 0.6161277778 0.5376893004 2 0 0 0 0 0 0
0 0.5846898148 0.5288888889 0.0228981481 0.02781893 0.5747574074 0.5375987654 2 0.5746648148 0.5176399177 2 0.5948314815 0.5177860082 2 0.5948314815 0.538100823 2 0 0 0 0 0 0
0 0.5865185185 0.5307201646 0.0222037037 0.02781893 0.5771296296 0.5191358025 2 0.577137963 0.54181893 2 0.5971296296 0.5409465021 2 0.5969444444 0.5191358025 2 0 0 0 0 0 0
0 0.6078148148 0.5313374486 0.0222037037 0.02781893 0.5984259259 0.5197530864 2 0.5984342593 0.542436214 2 0.6184259259 0.541563786 2 0.6182407407 0.5197530864 2 0 0 0 0 0 0
0 0.6290185185 0.5317489712 0.0222037037 0.02781893 0.6196296296 0.5201646091 2 0.619637963 0.5428477366 2 0.6396296296 0.5419753086 2 0.6394444444 0.5201646091 2 0 0 0 0 0 0
0 0.6270046296 0.5564609053 0.0228981481 0.02781893 0.6170722222 0.5651707819 2 0.6169796296 0.5452119342 2 0.6371453704 0.5453580247 2 0.6371453704 0.5656728395 2 0 0 0 0 0 0
0 0.605337963 0.5554320988 0.0228981481 0.02781893 0.5954055556 0.5641419753 2 0.595312963 0.5441831276 2 0.6154787037 0.5443292181 2 0.6154787037 0.5646440329 2 0 0 0 0 0 0
0 0.5839490741 0.5546090535 0.0228981481 0.02781893 0.5740166667 0.56331893 2 0.5739240741 0.5433600823 2 0.5940898148 0.5435061728 2 0.5940898148 0.5638209877 2 0 0 0 0 0 0
0 0.5863333333 0.5574691358 0.0222037037 0.02781893 0.5769444444 0.5458847737 2 0.5769527778 0.5685679012 2 0.5969444444 0.5676954733 2 0.5967592593 0.5458847737 2 0 0 0 0 0 0
0 0.6078148148 0.5587037037 0.0222037037 0.02781893 0.5984259259 0.5471193416 2 0.5984342593 0.5698024691 2 0.6184259259 0.5689300412 2 0.6182407407 0.5471193416 2 0 0 0 0 0 0
0 0.6292037037 0.5597325103 0.0222037037 0.02781893 0.6199472222 0.5503806584 2 0.6198231481 0.5708312757 2 0.6398148148 0.5699588477 2 0.6396296296 0.5481481481 2 0 0 0 0 0 0
0 0.6268194444 0.5838271605 0.0228981481 0.02781893 0.616887037 0.592537037 2 0.6167944444 0.5725781893 2 0.6369611111 0.5727242798 2 0.6369611111 0.5930390947 2 0 0 0 0 0 0
0 0.605337963 0.5823868313 0.0228981481 0.02781893 0.5954055556 0.5910967078 2 0.595312963 0.5711378601 2 0.6154787037 0.5712839506 2 0.6154787037 0.5915987654 2 0 0 0 0 0 0
0 0.5835787037 0.5807407407 0.0228981481 0.02781893 0.5736462963 0.5894506173 2 0.5735537037 0.5694917695 2 0.5937194444 0.5696378601 2 0.5937194444 0.5899526749 2 0 0 0 0 0 0
0 0.585962963 0.5838065844 0.0222037037 0.02781893 0.5767055556 0.5744547325 2 0.5768518519 0.5942386831 2 0.5965740741 0.5940329218 2 0.5964814815 0.5740740741 2 0 0 0 0 0 0
0 0.6074444444 0.5856584362 0.0222037037 0.02781893 0.598187963 0.5763065844 2 0.5983333333 0.596090535 2 0.6180555556 0.5958847737 2 0.617962963 0.5759259259 2 0 0 0 0 0 0
0 0.628462963 0.5858641975 0.0222037037 0.02781893 0.6192055556 0.5765123457 2 0.6190824074 0.596962963 2 0.6390740741 0.596090535 2 0.6388888889 0.5742798354 2 0 0 0 0 0 0
0 0.6258009259 0.6093415638 0.0228981481 0.02781893 0.6158685185 0.6180514403 2 0.6157759259 0.5980925926 2 0.6359416667 0.5982386831 2 0.6359416667 0.6185534979 2 0 0 0 0 0 0
0 0.6045972222 0.6085185185 0.0228981481 0.02781893 0.5946648148 0.6172283951 2 0.5945722222 0.5972695473 2 0.6147388889 0.5974156379 2 0.6147388889 0.6177304527 2 0 0 0 0 0 0
0 0.5831157407 0.6081069959 0.0228981481 0.02781893 0.5731833333 0.6168168724 2 0.5730907407 0.5968580247 2 0.5932564815 0.5970041152 2 0.5932564815 0.61731893 2 0 0 0 0 0 0
0 0.5853148148 0.6099382716 0.0222037037 0.02781893 0.5760583333 0.6005864198 2 0.5759342593 0.621037037 2 0.5959259259 0.6201646091 2 0.5957407407 0.5983539095 2 0 0 0 0 0 0
0 0.6064259259 0.6117901235 0.0222037037 0.02781893 0.5971685185 0.6024382716 2 0.5970453704 0.6228888889 2 0.617037037 0.6220164609 2 0.6168518519 0.6002057613 2 0 0 0 0 0 0
0 0.6283703704 0.6136419753 0.0222037037 0.02781893 0.6191138889 0.6042901235 2 0.6189898148 0.6247407407 2 0.6389814815 0.6238683128 2 0.6387962963 0.6020576132 2 0 0 0 0 0 0
0 0.6250601852 0.6374279835 0.0228981481 0.02781893 0.6151324074 0.6461522634 2 0.6150398148 0.6261934156 2 0.6352064815 0.6263395062 2 0.6352064815 0.646654321 2 0 0 0 0 0 0
0 0.6033935185 0.6355761317 0.0228981481 0.02781893 0.5934657407 0.6443004115 2 0.5933731481 0.6243415638 2 0.6135388889 0.6244876543 2 0.6135388889 0.6448004115 2 0 0 0 0 0 0
0 0.581912037 0.6361934156 0.0228981481 0.02781893 0.5719842593 0.6449176955 2 0.5718916667 0.6249588477 2 0.5920583333 0.6251049383 2 0.5920583333 0.6454176955 2 0 0 0 0 0 0
0 0.628 0.638744856 0.0222037037 0.02781893 0.6187425926 0.6293930041 2 0.6186194444 0.6498436214 2 0.6386111111 0.6489711934 2 0.6384259259 0.6271604938 2 0 0 0 0 0 0
0 0.6066111111 0.6395679012 0.0222037037 0.02781893 0.5973546296 0.6302160494 2 0.5972305556 0.6506666667 2 0.6172222222 0.6497942387 2 0.617037037 0.6279835391 2 0 0 0 0 0 0
0 0.5841111111 0.638127572 0.0222037037 0.02781893 0.5748537037 0.6287757202 2 0.5747305556 0.6492263374 2 0.5947222222 0.6483539095 2 0.594537037 0.6265432099 2 0 0 0 0 0 0
0 0.5595972222 0.5262139918 0.0225277778 0.02781893 0.5496296296 0.5358024691 2 0.549537037 0.5144032922 2 0.569537037 0.5148148148 2 0.569537037 0.5360082305 2 0 0 0 0 0 0
0 0.5383935185 0.5266255144 0.0214166667 0.02781893 0.5292018519 0.5353353909 2 0.5291092593 0.5153765432 2 0.5477777778 0.5152263374 2 0.5477777778 0.5364197531 2 0 0 0 0 0 0
0 0.5558333333 0.527962963 0.0222037037 0.02781893 0.5465759259 0.5185946502 2 0.5464527778 0.5390452675 2 0.5664444444 0.5381728395 2 0.5662592593 0.5163621399 2 0 0 0 0 0 0
0 0.5344444444 0.5277572016 0.0222037037 0.02781893 0.525187037 0.5183888889 2 0.5250638889 0.5388395062 2 0.5450555556 0.5379670782 2 0.5448703704 0.5161563786 2 0 0 0 0 0 0
0 0.5170972222 0.5268312757 0.0214166667 0.02781893 0.5079055556 0.5355411523 2 0.507812963 0.5155823045 2 0.5264814815 0.5154320988 2 0.5264814815 0.5366255144 2 0 0 0 0 0 0
0 0.5136481481 0.5294238683 0.0222037037 0.02781893 0.5043851852 0.5200534979 2 0.5042611111 0.5405041152 2 0.5242527778 0.5396316872 2 0.5240675926 0.5178209877 2 0 0 0 0 0 0
0 0.559087963 0.5535802469 0.0228055556 0.02781893 0.5487037037 0.5619341564 2 0.5487962963 0.54218107 2 0.5691666667 0.54218107 2 0.5691666667 0.5633744856 2 0 0 0 0 0 0
0 0.555 0.5551234568 0.0222037037 0.02781893 0.5457425926 0.545755144 2 0.5456194444 0.5662057613 2 0.5656111111 0.5653333333 2 0.5654259259 0.5435226337 2 0 0 0 0 0 0
0 0.5371898148 0.5525514403 0.0214166667 0.02781893 0.5279981481 0.5612613169 2 0.5279055556 0.5413024691 2 0.5465740741 0.5411522634 2 0.5465740741 0.562345679 2 0 0 0 0 0 0
0 0.5341574074 0.5537037037 0.0222962963 0.02781893 0.5248148148 0.5448559671 2 0.5248148148 0.5637860082 2 0.5443518519 0.5644032922 2 0.5442592593 0.5423868313 2 0 0 0 0 0 0
0 0.5166342593 0.552962963 0.0214166667 0.02781893 0.5074425926 0.5616728395 2 0.50735 0.5417139918 2 0.5260185185 0.541563786 2 0.5260185185 0.5627572016 2 0 0 0 0 0 0
0 0.5131851852 0.5537037037 0.0222037037 0.02781893 0.5039222222 0.5443333333 2 0.5037981481 0.5647860082 2 0.5237898148 0.5639115226 2 0.5236046296 0.542100823 2 0 0 0 0 0 0
0 0.5608009259 0.5807407407 0.0228981481 0.02781893 0.5508685185 0.5894506173 2 0.5507759259 0.5694917695 2 0.5709416667 0.5696378601 2 0.5709416667 0.5899526749 2 0 0 0 0 0 0
0 0.5393194444 0.5795061728 0.0228981481 0.02781893 0.529387037 0.5882160494 2 0.5292944444 0.5682572016 2 0.5494611111 0.5684032922 2 0.5494611111 0.588718107 2 0 0 0 0 0 0
0 0.5161712963 0.5778600823 0.0228981481 0.02781893 0.5062388889 0.5865699588 2 0.5061462963 0.5666111111 2 0.526312963 0.5667572016 2 0.526312963 0.5870720165 2 0 0 0 0 0 0
0 0.5123518519 0.5800411523 0.0222037037 0.02781893 0.5030888889 0.5706707819 2 0.5029648148 0.5911234568 2 0.5229564815 0.5902489712 2 0.5227712963 0.5684382716 2 0 0 0 0 0 0
0 0.533462963 0.5818930041 0.0222037037 0.02781893 0.5242 0.5725226337 2 0.5240759259 0.592973251 2 0.5440675926 0.592100823 2 0.5438824074 0.5702901235 2 0 0 0 0 0 0
0 0.5172638889 0.6049588477 0.0228981481 0.02781893 0.5073361111 0.6136687243 2 0.5072435185 0.5937098765 2 0.5274101852 0.5938559671 2 0.5274101852 0.6141687243 2 0 0 0 0 0 0
0 0.5383101852 0.6052263374 0.0228981481 0.02781893 0.5283814815 0.6139423868 2 0.5282888889 0.5939835391 2 0.5484546296 0.5941296296 2 0.5484546296 0.6144444444 2 0 0 0 0 0 0
0 0.559875 0.6054320988 0.0228981481 0.02781893 0.5499425926 0.6141419753 2 0.54985 0.5941831276 2 0.5700157407 0.5943292181 2 0.5700157407 0.6146440329 2 0 0 0 0 0 0
0 0.5118888889 0.6074897119 0.0222037037 0.02781893 0.5026314815 0.5981213992 2 0.5025083333 0.6185720165 2 0.5225 0.6176995885 2 0.5223148148 0.5958888889 2 0 0 0 0 0 0
0 0.5333703704 0.6074691358 0.0222037037 0.02781893 0.5241138889 0.598117284 2 0.5239898148 0.6185679012 2 0.5439814815 0.6176954733 2 0.5437962963 0.5958847737 2 0 0 0 0 0 0
0 0.5555925926 0.6078806584 0.0222037037 0.02781893 0.5463361111 0.5985288066 2 0.546212037 0.6189794239 2 0.5662037037 0.6181069959 2 0.5660185185 0.5962962963 2 0 0 0 0 0 0
0 0.5544444444 0.5816666667 0.0222037037 0.02781893 0.545187037 0.5722983539 2 0.5450638889 0.5927489712 2 0.5650555556 0.5918765432 2 0.5648703704 0.5700658436 2 0 0 0 0 0 0
0 0.5589490741 0.6333127572 0.0228981481 0.02781893 0.5490212963 0.642037037 2 0.5489287037 0.6220781893 2 0.5690944444 0.6222242798 2 0.5690944444 0.6425390947 2 0 0 0 0 0 0
0 0.5542962963 0.6350411523 0.0222037037 0.02781893 0.5450398148 0.6256893004 2 0.5449157407 0.6461399177 2 0.5649074074 0.6452674897 2 0.5647222222 0.6234567901 2 0 0 0 0 0 0
0 0.5374675926 0.6314609053 0.0228981481 0.02781893 0.5275398148 0.6401851852 2 0.5274472222 0.6202263374 2 0.5476138889 0.620372428 2 0.5476138889 0.6406851852 2 0 0 0 0 0 0
0 0.533462963 0.6338065844 0.0222037037 0.02781893 0.5242064815 0.6244547325 2 0.5240824074 0.6449053498 2 0.5440740741 0.6440329218 2 0.5438888889 0.6222222222 2 0 0 0 0 0 0
0 0.5164490741 0.6314609053 0.0228981481 0.02781893 0.5065212963 0.6401851852 2 0.5064287037 0.6202263374 2 0.5265944444 0.620372428 2 0.5265944444 0.6406851852 2 0 0 0 0 0 0
0 0.5119814815 0.6331893004 0.0222037037 0.02781893 0.5027240741 0.6238374486 2 0.5026009259 0.6442880658 2 0.5217592593 0.6440329218 2 0.5216518519 0.6220699588 2 0 0 0 0 0 0
0 0.4878009259 0.5247325103 0.0228981481 0.02781893 0.477875 0.5334567901 2 0.4777824074 0.5134979424 2 0.4999074074 0.5144032922 2 0.4998148148 0.5360082305 2 0 0 0 0 0 0
0 0.4670601852 0.5237037037 0.0228981481 0.02781893 0.4571342593 0.5324279835 2 0.4570416667 0.5124691358 2 0.4762037037 0.5127572016 2 0.4760185185 0.5327160494 2 0 0 0 0 0 0
0 0.4471527778 0.5243209877 0.0228981481 0.02781893 0.4372268519 0.5330452675 2 0.4371342593 0.5130864198 2 0.4562962963 0.5133744856 2 0.4561111111 0.5333333333 2 0 0 0 0 0 0
0 0.489837963 0.5518930041 0.0228981481 0.02781893 0.479912037 0.560617284 2 0.4798194444 0.5406584362 2 0.4989814815 0.5409465021 2 0.4987962963 0.5609053498 2 0 0 0 0 0 0
0 0.4685416667 0.5523045267 0.0228981481 0.02781893 0.4586157407 0.5610288066 2 0.4585231481 0.5410699588 2 0.4786898148 0.5412160494 2 0.4786898148 0.5615308642 2 0 0 0 0 0 0
0 0.4470601852 0.5527160494 0.0228981481 0.02781893 0.4371342593 0.5614403292 2 0.4370416667 0.5414814815 2 0.4572083333 0.541627572 2 0.4572083333 0.5619423868 2 0 0 0 0 0 0
0 0.4913055556 0.5264403292 0.0244259259 0.02781893 0.4805555556 0.5183127572 2 0.4805555556 0.5374485597 2 0.5009259259 0.5374485597 2 0.5008333333 0.5148148148 2 0 0 0 0 0 0
0 0.4688055556 0.5268518519 0.0222037037 0.02781893 0.4609259259 0.5170781893 2 0.4606481481 0.537037037 2 0.4789814815 0.5374485597 2 0.4790740741 0.5156378601 2 0 0 0 0 0 0
0 0.4919074074 0.553600823 0.0235925926 0.02781893 0.4819509259 0.5442427984 2 0.4818277778 0.5646954733 2 0.5017592593 0.5644032922 2 0.5016666667 0.54218107 2 0 0 0 0 0 0
0 0.4722314815 0.5531893004 0.0229444444 0.02781893 0.4619444444 0.5436213992 2 0.4619444444 0.5633744856 2 0.4811111111 0.5641975309 2 0.4810185185 0.541563786 2 0 0 0 0 0 0
0 0.4495462963 0.5529835391 0.0222037037 0.02781893 0.4402842593 0.5436255144 2 0.4401611111 0.5640781893 2 0.460462963 0.5633744856 2 0.460462963 0.5423868313 2 0 0 0 0 0 0
0 0.4488055556 0.5278806584 0.0222037037 0.02781893 0.4395435185 0.5185226337 2 0.4394203704 0.5389753086 2 0.4587962963 0.5388888889 2 0.4587037037 0.5181069959 2 0 0 0 0 0 0
0 0.4890972222 0.5786419753 0.0228981481 0.02781893 0.4791712963 0.5873662551 2 0.4790787037 0.5674074074 2 0.4982407407 0.5676954733 2 0.4980555556 0.587654321 2 0 0 0 0 0 0
0 0.4684490741 0.5786419753 0.0228981481 0.02781893 0.4585231481 0.5873662551 2 0.4584305556 0.5674074074 2 0.4775925926 0.5676954733 2 0.4774074074 0.587654321 2 0 0 0 0 0 0
0 0.4474305556 0.5790534979 0.0228981481 0.02781893 0.4375046296 0.5877777778 2 0.437412037 0.56781893 2 0.4575787037 0.5679650206 2 0.4575787037 0.5882798354 2 0 0 0 0 0 0
0 0.4915185185 0.5787037037 0.0222037037 0.02781893 0.4822592593 0.5693415638 2 0.4821361111 0.5897942387 2 0.5014703704 0.5896213992 2 0.501187037 0.5675740741 2 0 0 0 0 0 0
0 0.4703425926 0.5796502058 0.0222037037 0.02781893 0.4610824074 0.5702983539 2 0.4609592593 0.5907489712 2 0.4802925926 0.5905781893 2 0.4800092593 0.5685308642 2 0 0 0 0 0 0
0 0.4499722222 0.5798559671 0.0222037037 0.02781893 0.440712037 0.5705041152 2 0.4405888889 0.5909547325 2 0.4599222222 0.590781893 2 0.4596388889 0.5687366255 2 0 0 0 0 0 0
0 0.4875694444 0.6035390947 0.0215092593 0.02781893 0.478337963 0.6122633745 2 0.4782453704 0.5923045267 2 0.4971296296 0.59218107 2 0.4969444444 0.6121399177 2 0 0 0 0 0 0
0 0.4668287037 0.6045679012 0.0215092593 0.02781893 0.4575972222 0.6132921811 2 0.4575046296 0.5933333333 2 0.4763888889 0.5932098765 2 0.4762037037 0.6131687243 2 0 0 0 0 0 0
0 0.4463194444 0.6043621399 0.0228981481 0.02781893 0.4363935185 0.6130864198 2 0.4363009259 0.593127572 2 0.4564675926 0.5932736626 2 0.4564675926 0.6135884774 2 0 0 0 0 0 0
0 0.49025 0.6055761317 0.0222037037 0.02781893 0.4809898148 0.5962242798 2 0.4808666667 0.6166748971 2 0.5002 0.6165020576 2 0.4999166667 0.5944567901 2 0 0 0 0 0 0
0 0.4694166667 0.605781893 0.0222037037 0.02781893 0.4601564815 0.5964300412 2 0.4600333333 0.6168806584 2 0.4793666667 0.6167098765 2 0.4790833333 0.5946625514 2 0 0 0 0 0 0
0 0.4872824074 0.6306378601 0.0228981481 0.02781893 0.4773546296 0.6393621399 2 0.477262037 0.6194032922 2 0.4974277778 0.6195493827 2 0.4974277778 0.6398641975 2 0 0 0 0 0 0
0 0.4486759259 0.605781893 0.0222037037 0.02781893 0.4394157407 0.5964300412 2 0.4392916667 0.6168806584 2 0.4586259259 0.6167098765 2 0.4583425926 0.5946625514 2 0 0 0 0 0 0
0 0.4660601852 0.6302674897 0.0228981481 0.02781893 0.4561287037 0.6389814815 2 0.4560361111 0.6190226337 2 0.4762018519 0.6191687243 2 0.4762018519 0.6394835391 2 0 0 0 0 0 0
0 0.4445601852 0.6309053498 0.0228981481 0.02781893 0.4346342593 0.6396296296 2 0.4345416667 0.6196707819 2 0.4547083333 0.6198168724 2 0.4547083333 0.6401316872 2 0 0 0 0 0 0
0 0.4479351852 0.6323251029 0.0222037037 0.02781893 0.438675 0.622973251 2 0.4385509259 0.6434238683 2 0.4578851852 0.6432510288 2 0.4576018519 0.6212057613 2 0 0 0 0 0 0
0 0.4684537037 0.6318930041 0.0222037037 0.02781893 0.4591962963 0.6225411523 2 0.4590731481 0.6429917695 2 0.4784074074 0.64281893 2 0.4781240741 0.6207736626 2 0 0 0 0 0 0
0 0.4897592593 0.6327777778 0.0222037037 0.02781893 0.4805018519 0.6234259259 2 0.4803787037 0.6438765432 2 0.499712963 0.6437057613 2 0.4994296296 0.6216584362 2 0 0 0 0 0 0
0 0.3812731481 0.5276954733 0.0226203704 0.0261728395 0.3712962963 0.5382716049 2 0.3712962963 0.5174897119 2 0.3913888889 0.5174897119 2 0.3914814815 0.5378600823 2 0 0 0 0 0 0
0 0.4021064815 0.5258436214 0.0226203704 0.0261728395 0.3921296296 0.5364197531 2 0.3921296296 0.5156378601 2 0.4122222222 0.5156378601 2 0.4123148148 0.5360082305 2 0 0 0 0 0 0
0 0.4225694444 0.5250205761 0.0215092593 0.0261728395 0.4133333333 0.5345679012 2 0.4132407407 0.5146090535 2 0.4321296296 0.5148148148 2 0.4322222222 0.5351851852 2 0 0 0 0 0 0
0 0.4205648148 0.5278806584 0.0222037037 0.02781893 0.4113027778 0.5185226337 2 0.4111796296 0.5389753086 2 0.4290740741 0.5388888889 2 0.4289814815 0.516255144 2 0 0 0 0 0 0
0 0.4006574074 0.5291152263 0.0222037037 0.02781893 0.3906481481 0.5195473251 2 0.390462963 0.5403292181 2 0.4106055556 0.540037037 2 0.4103222222 0.5179917695 2 0 0 0 0 0 0
0 0.3792685185 0.5309670782 0.0222037037 0.02781893 0.3700064815 0.5216090535 2 0.3698833333 0.5420617284 2 0.3892166667 0.5418888889 2 0.3889333333 0.5198436214 2 0 0 0 0 0 0
0 0.3834027778 0.5534156379 0.0215092593 0.0261728395 0.3741666667 0.562962963 2 0.3740740741 0.5430041152 2 0.392962963 0.5432098765 2 0.3930555556 0.5635802469 2 0 0 0 0 0 0
0 0.4036805556 0.5538271605 0.0215092593 0.0261728395 0.3944444444 0.5633744856 2 0.3943518519 0.5434156379 2 0.4132407407 0.5436213992 2 0.4133333333 0.5639917695 2 0 0 0 0 0 0
0 0.4247916667 0.5525925926 0.0215092593 0.0261728395 0.4155555556 0.5621399177 2 0.415462963 0.54218107 2 0.4343518519 0.5423868313 2 0.4344444444 0.5627572016 2 0 0 0 0 0 0
0 0.4211203704 0.5548353909 0.0222037037 0.02781893 0.4118583333 0.5454794239 2 0.4117351852 0.5659300412 2 0.4310685185 0.5657572016 2 0.4307851852 0.5437119342 2 0 0 0 0 0 0
0 0.4001018519 0.5558641975 0.0222037037 0.02781893 0.3908398148 0.5465082305 2 0.3907166667 0.5669588477 2 0.41005 0.5667860082 2 0.4097666667 0.5447407407 2 0 0 0 0 0 0
0 0.3801944444 0.5570987654 0.0222037037 0.02781893 0.3709324074 0.5477407407 2 0.3708092593 0.5681934156 2 0.3901425926 0.5680205761 2 0.3898592593 0.5459753086 2 0 0 0 0 0 0
0 0.4242361111 0.5783127572 0.0215092593 0.0261728395 0.415 0.5878600823 2 0.4149074074 0.5679012346 2 0.4337962963 0.5681069959 2 0.4338888889 0.5884773663 2 0 0 0 0 0 0
0 0.4030324074 0.5793415638 0.0215092593 0.0261728395 0.3937962963 0.5888888889 2 0.3937037037 0.5689300412 2 0.4125925926 0.5691358025 2 0.4126851852 0.5895061728 2 0 0 0 0 0 0
0 0.3824768519 0.5799588477 0.0215092593 0.0261728395 0.3732407407 0.5895061728 2 0.3731481481 0.5695473251 2 0.392037037 0.5697530864 2 0.3921296296 0.5901234568 2 0 0 0 0 0 0
0 0.4209351852 0.5809670782 0.0222037037 0.02781893 0.4116731481 0.5716111111 2 0.41155 0.5920617284 2 0.4308833333 0.5918888889 2 0.4306 0.5698436214 2 0 0 0 0 0 0
0 0.4001944444 0.5817901235 0.0222037037 0.02781893 0.3909324074 0.5724320988 2 0.3908092593 0.5928847737 2 0.4101425926 0.5927119342 2 0.4098592593 0.5706666667 2 0 0 0 0 0 0
0 0.3794537037 0.5815843621 0.0222037037 0.02781893 0.3701916667 0.5722283951 2 0.3700685185 0.5926790123 2 0.3894018519 0.5925061728 2 0.3891185185 0.5704609053 2 0 0 0 0 0 0
0 0.4236805556 0.605473251 0.0215092593 0.0261728395 0.4144444444 0.6150205761 2 0.4143518519 0.5950617284 2 0.4332407407 0.5952674897 2 0.4333333333 0.6156378601 2 0 0 0 0 0 0
0 0.420462963 0.6077572016 0.0222037037 0.02781893 0.4112037037 0.5983950617 2 0.4110796296 0.618845679 2 0.4295685185 0.618600823 2 0.4293009259 0.5975761317 2 0 0 0 0 0 0
0 0.4030787037 0.6056790123 0.0228981481 0.0261728395 0.3931481481 0.6152263374 2 0.3930555556 0.5952674897 2 0.4132222222 0.5954135802 2 0.4132222222 0.6157283951 2 0 0 0 0 0 0
0 0.4000925926 0.6081687243 0.0222037037 0.02781893 0.3908333333 0.5988045267 2 0.3907092593 0.6192572016 2 0.4091981481 0.6190123457 2 0.4089305556 0.5979876543 2 0 0 0 0 0 0
0 0.3817824074 0.6067078189 0.0228981481 0.02781893 0.3718518519 0.6154320988 2 0.3717592593 0.595473251 2 0.3919259259 0.5956193416 2 0.3919259259 0.6159341564 2 0 0 0 0 0 0
0 0.4213194444 0.6326337449 0.0228981481 0.02781893 0.4113888889 0.6413580247 2 0.4112962963 0.621399177 2 0.431462963 0.6215452675 2 0.431462963 0.6418600823 2 0 0 0 0 0 0
0 0.4190740741 0.6345473251 0.0222037037 0.02781893 0.4098157407 0.6251954733 2 0.4096916667 0.6456460905 2 0.4290259259 0.6454753086 2 0.4287425926 0.6234279835 2 0 0 0 0 0 0
0 0.3996990741 0.6322222222 0.0211388889 0.02781893 0.3909703704 0.6415843621 2 0.3908472222 0.6211316872 2 0.408962963 0.6211337449 2 0.408962963 0.6414485597 2 0 0 0 0 0 0
0 0.3976851852 0.6341358025 0.0222037037 0.02781893 0.3884268519 0.6247839506 2 0.3883027778 0.6452345679 2 0.407637037 0.645063786 2 0.4073537037 0.6230164609 2 0 0 0 0 0 0
0 0.3802546296 0.6334156379 0.0211388889 0.02781893 0.371525 0.6427736626 2 0.3714018519 0.6223230453 2 0.3895175926 0.6223251029 2 0.3895175926 0.6426378601 2 0 0 0 0 0 0
0 0.3780648148 0.6089506173 0.0222037037 0.02781893 0.3688027778 0.5995925926 2 0.3686796296 0.6200452675 2 0.388012963 0.619872428 2 0.3877296296 0.5978271605 2 0 0 0 0 0 0
0 0.3782407407 0.6355349794 0.0222037037 0.02781893 0.3689814815 0.6261728395 2 0.3688574074 0.6466234568 2 0.3873462963 0.6463786008 2 0.3870787037 0.6253539095 2 0 0 0 0 0 0
0 0.3559444444 0.6361316872 0.0222037037 0.02781893 0.3466814815 0.6267674897 2 0.3465583333 0.647218107 2 0.3658916667 0.6470473251 2 0.3656083333 0.625 2 0 0 0 0 0 0
0 0.3355462963 0.6367489712 0.0222037037 0.02781893 0.3262851852 0.6273971193 2 0.326162037 0.6478477366 2 0.3454953704 0.6476769547 2 0.345212037 0.6256296296 2 0 0 0 0 0 0
0 0.3140185185 0.6370781893 0.0222037037 0.02781893 0.3047564815 0.6277119342 2 0.3046324074 0.6481625514 2 0.3239666667 0.6479917695 2 0.3236833333 0.6259444444 2 0 0 0 0 0 0
0 0.3176435185 0.6344855967 0.0211388889 0.02781893 0.308912963 0.6438415638 2 0.3087898148 0.6233909465 2 0.3269055556 0.6233909465 2 0.3269055556 0.6437057613 2 0 0 0 0 0 0
0 0.3387453704 0.6347942387 0.0211388889 0.02781893 0.3300175926 0.6441563786 2 0.3298944444 0.6237057613 2 0.3480101852 0.6237057613 2 0.3480101852 0.6440205761 2 0 0 0 0 0 0
0 0.3582175926 0.6340123457 0.0211388889 0.02781893 0.3494935185 0.6433703704 2 0.3493694444 0.6229176955 2 0.3674851852 0.6229197531 2 0.3674851852 0.6432345679 2 0 0 0 0 0 0
0 0.3557314815 0.6104526749 0.0222037037 0.02781893 0.3464694444 0.6010987654 2 0.3463453704 0.6215493827 2 0.3656796296 0.6213786008 2 0.3653962963 0.5993312757 2 0 0 0 0 0 0
0 0.3351944444 0.6109259259 0.0222037037 0.02781893 0.3259314815 0.6015699588 2 0.3258074074 0.6220226337 2 0.3451416667 0.6218497942 2 0.3448583333 0.5998024691 2 0 0 0 0 0 0
0 0.315287037 0.6109259259 0.0222037037 0.02781893 0.3060305556 0.6015699588 2 0.3059074074 0.6220226337 2 0.3252407407 0.6218497942 2 0.3249574074 0.5998024691 2 0 0 0 0 0 0
0 0.3175694444 0.6091358025 0.0211388889 0.02781893 0.3088425926 0.6184876543 2 0.3087194444 0.598037037 2 0.3268342593 0.598037037 2 0.3268342593 0.6183518519 2 0 0 0 0 0 0
0 0.3382546296 0.6084979424 0.0211388889 0.02781893 0.3295222222 0.6178580247 2 0.3293981481 0.5974053498 2 0.3475138889 0.5974074074 2 0.3475138889 0.6177222222 2 0 0 0 0 0 0
0 0.3578009259 0.6077160494 0.0211388889 0.02781893 0.3490685185 0.6170699588 2 0.3489444444 0.5966193416 2 0.3670601852 0.5966193416 2 0.3670601852 0.6169341564 2 0 0 0 0 0 0
0 0.3539212963 0.5844753086 0.0226944444 0.0290740741 0.3444148148 0.5744835391 2 0.3442916667 0.594936214 2 0.3636259259 0.5946131687 2 0.3636259259 0.5733539095 2 0 0 0 0 0 0
0 0.3338101852 0.5858950617 0.0226944444 0.0290740741 0.3243027778 0.5759012346 2 0.3241787037 0.5963539095 2 0.343512963 0.5960308642 2 0.343512963 0.5747716049 2 0 0 0 0 0 0
0 0.3126018519 0.5841563786 0.0197962963 0.02781893 0.3045435185 0.5747983539 2 0.3044203704 0.5952510288 2 0.3212398148 0.595755144 2 0.3210981481 0.5735514403 2 0 0 0 0 0 0
0 0.3179212963 0.5831481481 0.0211388889 0.02781893 0.3091962963 0.5925041152 2 0.3090731481 0.5720514403 2 0.3271888889 0.5720534979 2 0.3271888889 0.5923683128 2 0 0 0 0 0 0
0 0.3377546296 0.5829835391 0.0211388889 0.02781893 0.3290259259 0.592345679 2 0.3289027778 0.5718950617 2 0.3470185185 0.5718971193 2 0.3470185185 0.5922119342 2 0 0 0 0 0 0
0 0.3577268519 0.5829835391 0.0211388889 0.02781893 0.3489972222 0.592345679 2 0.3488740741 0.5718950617 2 0.3669898148 0.5718971193 2 0.3669898148 0.5922119342 2 0 0 0 0 0 0
0 0.352537037 0.5594238683 0.0224814815 0.029382716 0.3431407407 0.5492880658 2 0.3430166667 0.5697407407 2 0.3628111111 0.5702839506 2 0.3626342593 0.5485864198 2 0 0 0 0 0 0
0 0.3311481481 0.5584773663 0.0224814815 0.029382716 0.3217527778 0.5483436214 2 0.3216296296 0.5687942387 2 0.341387963 0.5701604938 2 0.3412462963 0.5476399177 2 0 0 0 0 0 0
0 0.3111851852 0.5591152263 0.0197962963 0.02781893 0.3031268519 0.5497592593 2 0.3030037037 0.5702119342 2 0.3198231481 0.5707160494 2 0.3196814815 0.5485123457 2 0 0 0 0 0 0
0 0.3552453704 0.5574897119 0.0211388889 0.02781893 0.3465185185 0.5668353909 2 0.3463953704 0.546382716 2 0.3645111111 0.5463847737 2 0.3645111111 0.5666995885 2 0 0 0 0 0 0
0 0.3356990741 0.5566872428 0.0211388889 0.02781893 0.3269722222 0.5660473251 2 0.3268490741 0.5455967078 2 0.3449648148 0.5455967078 2 0.3449648148 0.5659115226 2 0 0 0 0 0 0
0 0.3143842593 0.5574897119 0.0211388889 0.02781893 0.3056555556 0.5668353909 2 0.3055324074 0.546382716 2 0.3236472222 0.5463847737 2 0.3236472222 0.5666995885 2 0 0 0 0 0 0
0 0.3510555556 0.533127572 0.0224814815 0.02781893 0.3416537037 0.5237757202 2 0.3415296296 0.5442283951 2 0.3603324074 0.5448106996 2 0.3603324074 0.5235514403 2 0 0 0 0 0 0
0 0.3302314815 0.532037037 0.0224814815 0.02781893 0.3208324074 0.5226748971 2 0.3207083333 0.5431255144 2 0.3403611111 0.5434711934 2 0.3402194444 0.522526749 2 0 0 0 0 0 0
0 0.3106203704 0.5332921811 0.0197962963 0.02781893 0.3025601852 0.5239341564 2 0.302437037 0.5443868313 2 0.3192564815 0.5448888889 2 0.3191148148 0.5226851852 2 0 0 0 0 0 0
0 0.3136064815 0.5319753086 0.0211388889 0.02781893 0.3048768519 0.5413251029 2 0.3047527778 0.520872428 2 0.3228685185 0.5208744856 2 0.3228685185 0.5411872428 2 0 0 0 0 0 0
0 0.3337268519 0.531563786 0.0241018519 0.02781893 0.3251851852 0.5409115226 2 0.325062037 0.5204609053 2 0.3445981481 0.5206111111 2 0.3446990741 0.5403765432 2 0 0 0 0 0 0
0 0.3528657407 0.5318312757 0.0241018519 0.02781893 0.3457101852 0.5402921811 2 0.3455861111 0.5209382716 2 0.3637333333 0.5208847737 2 0.3638342593 0.5406502058 2 0 0 0 0 0 0
0 0.4816574074 0.2070164609 0.0193518519 0.0242798354 0.4744768519 0.2004403292 2 0.4744768519 0.215872428 2 0.4897546296 0.215872428 2 0.489662037 0.2002345679 2 0 0 0 0 0 0
0 0.4984166667 0.2070164609 0.0193518519 0.0242798354 0.4912361111 0.2004403292 2 0.4912361111 0.215872428 2 0.5065138889 0.215872428 2 0.5064212963 0.2002345679 2 0 0 0 0 0 0
0 0.5158240741 0.2068106996 0.0193518519 0.0242798354 0.5086435185 0.2002345679 2 0.5086435185 0.2156666667 2 0.5239212963 0.2156666667 2 0.5238287037 0.2000288066 2 0 0 0 0 0 0
0 0.5332314815 0.2072222222 0.0193518519 0.0242798354 0.5260509259 0.2006460905 2 0.5260509259 0.2160781893 2 0.5413287037 0.2160781893 2 0.5412361111 0.2004403292 2 0 0 0 0 0 0
0 0.4838796296 0.2049588477 0.0193518519 0.0242798354 0.4766990741 0.2115514403 2 0.4766990741 0.1961193416 2 0.4919768519 0.1961193416 2 0.4918842593 0.2117572016 2 0 0 0 0 0 0
0 0.501287037 0.2049588477 0.0193518519 0.0242798354 0.4941064815 0.2115514403 2 0.4941064815 0.1961193416 2 0.5093842593 0.1961193416 2 0.5092916667 0.2117572016 2 0 0 0 0 0 0
0 0.5189259259 0.2039300412 0.02 0.0242798354 0.5114212963 0.2105226337 2 0.5114212963 0.195090535 2 0.5271296296 0.1950617284 2 0.5271296296 0.2104938272 2 0 0 0 0 0 0
0 0.5366111111 0.2072222222 0.02 0.0242798354 0.5291064815 0.2138148148 2 0.5291064815 0.198382716 2 0.5448148148 0.1983539095 2 0.5448148148 0.2137860082 2 0 0 0 0 0 0
0 0.4824907407 0.2263580247 0.0193518519 0.0242798354 0.4753101852 0.2329506173 2 0.4753101852 0.2175185185 2 0.490587963 0.2175185185 2 0.4904953704 0.2331563786 2 0 0 0 0 0 0
0 0.4990648148 0.226563786 0.0193518519 0.0242798354 0.4918842593 0.2331563786 2 0.4918842593 0.2177242798 2 0.507162037 0.2177242798 2 0.5070694444 0.2333621399 2 0 0 0 0 0 0
0 0.5181388889 0.2280041152 0.0193518519 0.0242798354 0.5109583333 0.2345967078 2 0.5109583333 0.2191646091 2 0.5262361111 0.2191646091 2 0.5261435185 0.2348024691 2 0 0 0 0 0 0
0 0.5359166667 0.2286213992 0.0193518519 0.0242798354 0.5287361111 0.2352139918 2 0.5287361111 0.219781893 2 0.5440138889 0.219781893 2 0.5439212963 0.2354197531 2 0 0 0 0 0 0
0 0.4798055556 0.2273868313 0.0193518519 0.0242798354 0.472625 0.2208106996 2 0.472625 0.2362427984 2 0.4879027778 0.2362427984 2 0.4878101852 0.2206049383 2 0 0 0 0 0 0
0 0.4964722222 0.2269753086 0.0193518519 0.0242798354 0.4892916667 0.220399177 2 0.4892916667 0.2358312757 2 0.5045694444 0.2358312757 2 0.5044768519 0.2201934156 2 0 0 0 0 0 0
0 0.5134166667 0.2275925926 0.0193518519 0.0242798354 0.5062361111 0.2210164609 2 0.5062361111 0.2364485597 2 0.5215138889 0.2364485597 2 0.5214212963 0.2208106996 2 0 0 0 0 0 0
0 0.531287037 0.2286213992 0.0193518519 0.0242798354 0.5241064815 0.2220452675 2 0.5241064815 0.2374773663 2 0.5393842593 0.2374773663 2 0.5392916667 0.2218395062 2 0 0 0 0 0 0
0 0.4845277778 0.2494032922 0.0193518519 0.0242798354 0.4773472222 0.2559958848 2 0.4773472222 0.240563786 2 0.492625 0.240563786 2 0.4925324074 0.2562016461 2 0 0 0 0 0 0
0 0.50175 0.2487860082 0.0193518519 0.0242798354 0.4945694444 0.2553786008 2 0.4945694444 0.2399465021 2 0.5098472222 0.2399465021 2 0.5097546296 0.2555843621 2 0 0 0 0 0 0
0 0.5193425926 0.2487860082 0.0193518519 0.0242798354 0.512162037 0.2553786008 2 0.512162037 0.2399465021 2 0.5274398148 0.2399465021 2 0.5273472222 0.2555843621 2 0 0 0 0 0 0
0 0.5361944444 0.2491975309 0.0193518519 0.0242798354 0.5290138889 0.2557901235 2 0.5290138889 0.2403580247 2 0.5442916667 0.2403580247 2 0.5441990741 0.2559958848 2 0 0 0 0 0 0
0 0.4798055556 0.2502263374 0.0193518519 0.0242798354 0.472625 0.2436502058 2 0.472625 0.2590823045 2 0.4879027778 0.2590823045 2 0.4878101852 0.2434444444 2 0 0 0 0 0 0
0 0.4966574074 0.2506378601 0.0193518519 0.0242798354 0.4894768519 0.2440617284 2 0.4894768519 0.2594938272 2 0.5047546296 0.2594938272 2 0.504662037 0.2438559671 2 0 0 0 0 0 0
0 0.5152685185 0.2504320988 0.0193518519 0.0242798354 0.508087963 0.2438559671 2 0.508087963 0.2592880658 2 0.5233657407 0.2592880658 2 0.5232731481 0.2436502058 2 0 0 0 0 0 0
0 0.5336944444 0.2506378601 0.0193518519 0.0242798354 0.5265138889 0.2440617284 2 0.5265138889 0.2594938272 2 0.5417916667 0.2594938272 2 0.5416990741 0.2438559671 2 0 0 0 0 0 0
0 0.5361018519 0.2695679012 0.0193518519 0.0242798354 0.5289212963 0.2761604938 2 0.5289212963 0.2607283951 2 0.5441990741 0.2607283951 2 0.5441064815 0.2763662551 2 0 0 0 0 0 0
0 0.5196203704 0.2705967078 0.0193518519 0.0242798354 0.5124398148 0.2771893004 2 0.5124398148 0.2617572016 2 0.5277175926 0.2617572016 2 0.527625 0.2773950617 2 0 0 0 0 0 0
0 0.533787037 0.2716255144 0.0193518519 0.0242798354 0.5266064815 0.2650493827 2 0.5266064815 0.2804814815 2 0.5418842593 0.2804814815 2 0.5417916667 0.2648436214 2 0 0 0 0 0 0
0 0.5009166667 0.272037037 0.0193518519 0.0242798354 0.4937361111 0.2786296296 2 0.4937361111 0.2631975309 2 0.5090138889 0.2631975309 2 0.5089212963 0.2788353909 2 0 0 0 0 0 0
0 0.4839722222 0.2718312757 0.0193518519 0.0242798354 0.4767916667 0.2784238683 2 0.4767916667 0.2629917695 2 0.4920694444 0.2629917695 2 0.4919768519 0.2786296296 2 0 0 0 0 0 0
0 0.479712963 0.2736831276 0.0193518519 0.0242798354 0.4725324074 0.2671069959 2 0.4725324074 0.2825390947 2 0.4878101852 0.2825390947 2 0.4877175926 0.2669012346 2 0 0 0 0 0 0
0 0.4983240741 0.2734773663 0.0193518519 0.0242798354 0.4911435185 0.2669012346 2 0.4911435185 0.2823333333 2 0.5064212963 0.2823333333 2 0.5063287037 0.2666954733 2 0 0 0 0 0 0
0 0.5158240741 0.2714197531 0.0193518519 0.0242798354 0.5086435185 0.2648436214 2 0.5086435185 0.2802757202 2 0.5239212963 0.2802757202 2 0.5238287037 0.2646378601 2 0 0 0 0 0 0
0 0.5346203704 0.2922016461 0.0193518519 0.0242798354 0.5274398148 0.2987942387 2 0.5274398148 0.2833621399 2 0.5427175926 0.2833621399 2 0.542625 0.299 2 0 0 0 0 0 0
0 0.5319722222 0.2928600823 0.0193518519 0.0242798354 0.5247962963 0.2862839506 2 0.5247962963 0.3017160494 2 0.5400740741 0.3017160494 2 0.5399824074 0.2860781893 2 0 0 0 0 0 0
0 0.5164074074 0.2920164609 0.0193518519 0.0242798354 0.5092324074 0.2985946502 2 0.5092324074 0.2831625514 2 0.5255564815 0.2829218107 2 0.5257416667 0.2983539095 2 0 0 0 0 0 0
0 0.5346203704 0.2922016461 0.0193518519 0.0242798354 0.5274398148 0.2987942387 2 0.5274398148 0.2833621399 2 0.5427175926 0.2833621399 2 0.542625 0.299 2 0 0 0 0 0 0
0 0.4989444444 0.2934773663 0.0193518519 0.0242798354 0.4917694444 0.3000658436 2 0.4917694444 0.2846337449 2 0.5070472222 0.2846337449 2 0.5069546296 0.3002716049 2 0 0 0 0 0 0
0 0.4822037037 0.2936419753 0.0193518519 0.0242798354 0.4750296296 0.3002283951 2 0.4750296296 0.2847962963 2 0.4903074074 0.2847962963 2 0.4902148148 0.3004341564 2 0 0 0 0 0 0
0 0.4785462963 0.2931893004 0.0193518519 0.0242798354 0.4713703704 0.2866131687 2 0.4713703704 0.3020452675 2 0.4866481481 0.3020452675 2 0.4865555556 0.2864074074 2 0 0 0 0 0 0
0 0.4963981481 0.2935390947 0.0193518519 0.0242798354 0.489225 0.2869567901 2 0.489225 0.3023888889 2 0.5045027778 0.3023888889 2 0.5044101852 0.2867510288 2 0 0 0 0 0 0
0 0.4815555556 0.3128600823 0.0193518519 0.0242798354 0.4743842593 0.3194485597 2 0.4743842593 0.3040164609 2 0.489662037 0.3040164609 2 0.4895694444 0.319654321 2 0 0 0 0 0 0
0 0.4789351852 0.3147119342 0.0193518519 0.0242798354 0.4717583333 0.308127572 2 0.4717583333 0.3235596708 2 0.4870361111 0.3235596708 2 0.4869435185 0.3079218107 2 0 0 0 0 0 0
0 0.5136851852 0.2932716049 0.0207407407 0.0242798354 0.5058148148 0.2866954733 2 0.5058148148 0.302127572 2 0.5231481481 0.3022633745 2 0.5230555556 0.2866255144 2 0 0 0 0 0 0
0 0.4987777778 0.3134773663 0.0193518519 0.0242798354 0.4916064815 0.3200658436 2 0.4916064815 0.3046337449 2 0.5068842593 0.3046337449 2 0.5067916667 0.3202716049 2 0 0 0 0 0 0
0 0.5161851852 0.3130658436 0.0193518519 0.0242798354 0.5090138889 0.319654321 2 0.5090138889 0.3042222222 2 0.5242916667 0.3042222222 2 0.5241990741 0.3198600823 2 0 0 0 0 0 0
0 0.5338703704 0.3122427984 0.0193518519 0.0242798354 0.5266990741 0.3188312757 2 0.5266990741 0.303399177 2 0.5419768519 0.303399177 2 0.5418842593 0.319037037 2 0 0 0 0 0 0
0 0.49625 0.3149176955 0.0193518519 0.0242798354 0.4890731481 0.3083353909 2 0.4890731481 0.3237674897 2 0.5043509259 0.3237674897 2 0.5042583333 0.308127572 2 0 0 0 0 0 0
0 0.5131018519 0.3132716049 0.0193518519 0.0242798354 0.505925 0.3066872428 2 0.505925 0.3221193416 2 0.5212027778 0.3221193416 2 0.5211101852 0.3064835391 2 0 0 0 0 0 0
0 0.5304166667 0.3145061728 0.0193518519 0.0242798354 0.5232398148 0.3079218107 2 0.5232398148 0.3233539095 2 0.5385175926 0.3233539095 2 0.538425 0.3077160494 2 0 0 0 0 0 0
0 0.5562037037 0.3165226337 0.0193518519 0.0242798354 0.5490277778 0.3099341564 2 0.5490277778 0.3253662551 2 0.5643055556 0.3253662551 2 0.564212963 0.3097283951 2 0 0 0 0 0 0
0 0.5729444444 0.3165226337 0.0193518519 0.0242798354 0.5657675926 0.3099341564 2 0.5657675926 0.3253662551 2 0.5810453704 0.3253662551 2 0.5809527778 0.3097283951 2 0 0 0 0 0 0
0 0.5901388889 0.3170164609 0.0193518519 0.0242798354 0.5829592593 0.310436214 2 0.5829592593 0.3258683128 2 0.598237037 0.3258683128 2 0.5981444444 0.3102304527 2 0 0 0 0 0 0
0 0.6076666667 0.3172633745 0.0193518519 0.0242798354 0.6004907407 0.3106872428 2 0.6004907407 0.3261193416 2 0.6157685185 0.3261193416 2 0.6156759259 0.3104814815 2 0 0 0 0 0 0
0 0.5534444444 0.3140123457 0.0193518519 0.0242798354 0.5462657407 0.320590535 2 0.5462657407 0.3051584362 2 0.5615435185 0.3051584362 2 0.5614509259 0.3207962963 2 0 0 0 0 0 0
0 0.5704074074 0.3142592593 0.0193518519 0.0242798354 0.5632324074 0.3208415638 2 0.5632324074 0.305409465 2 0.5785101852 0.305409465 2 0.5784175926 0.3210473251 2 0 0 0 0 0 0
0 0.587037037 0.3140123457 0.0193518519 0.0242798354 0.5798583333 0.320590535 2 0.5798583333 0.3051584362 2 0.5951361111 0.3051584362 2 0.5950435185 0.3207962963 2 0 0 0 0 0 0
0 0.6050185185 0.313744856 0.0191296296 0.0242798354 0.597087037 0.3212222222 2 0.597087037 0.3048847737 2 0.6130074074 0.3049074074 2 0.6129148148 0.3205452675 2 0 0 0 0 0 0
0 0.6107222222 0.2946502058 0.0193518519 0.0242798354 0.6035444444 0.2880658436 2 0.6035444444 0.3034979424 2 0.6188222222 0.3034979424 2 0.6187305556 0.2878600823 2 0 0 0 0 0 0
0 0.5931851852 0.2946502058 0.0193518519 0.0242798354 0.586012963 0.2880658436 2 0.586012963 0.3034979424 2 0.6012907407 0.3034979424 2 0.6011981481 0.2878600823 2 0 0 0 0 0 0
0 0.5766759259 0.2941563786 0.0193518519 0.0242798354 0.5695 0.287563786 2 0.5695 0.3029958848 2 0.5847777778 0.3029958848 2 0.5846851852 0.2873580247 2 0 0 0 0 0 0
0 0.5586944444 0.2946502058 0.0193518519 0.0242798354 0.5515157407 0.2880658436 2 0.5515157407 0.3034979424 2 0.5667935185 0.3034979424 2 0.5667009259 0.2878600823 2 0 0 0 0 0 0
0 0.5558148148 0.2926337449 0.0193518519 0.0242798354 0.5486416667 0.2992263374 2 0.5486416667 0.2837942387 2 0.5639194444 0.2837942387 2 0.5638268519 0.2994320988 2 0 0 0 0 0 0
0 0.5726666667 0.2929012346 0.0193518519 0.0242798354 0.5654944444 0.2994773663 2 0.5654944444 0.2840452675 2 0.5807722222 0.2840452675 2 0.5806796296 0.2996831276 2 0 0 0 0 0 0
0 0.5898611111 0.2931481481 0.0193518519 0.0242798354 0.5826861111 0.2997283951 2 0.5826861111 0.2842962963 2 0.5979638889 0.2842962963 2 0.5978712963 0.2999341564 2 0 0 0 0 0 0
0 0.6072777778 0.2931481481 0.0193518519 0.0242798354 0.6001046296 0.2997283951 2 0.6001046296 0.2842962963 2 0.6153824074 0.2842962963 2 0.6152898148 0.2999341564 2 0 0 0 0 0 0
0 0.6121944444 0.2732921811 0.0193518519 0.0242798354 0.6050157407 0.2667016461 2 0.6050157407 0.2821337449 2 0.6202935185 0.2821337449 2 0.6202009259 0.2664958848 2 0 0 0 0 0 0
0 0.5940925926 0.2737860082 0.0193518519 0.0242798354 0.5869185185 0.2672057613 2 0.5869185185 0.2826378601 2 0.6021962963 0.2826378601 2 0.6021037037 0.267 2 0 0 0 0 0 0
0 0.5764537037 0.2735390947 0.0193518519 0.0242798354 0.5692740741 0.2669526749 2 0.5692740741 0.2823847737 2 0.5845518519 0.2823847737 2 0.5844592593 0.2667469136 2 0 0 0 0 0 0
0 0.5595925926 0.2735390947 0.0193518519 0.0242798354 0.5524212963 0.2669526749 2 0.5524212963 0.2823847737 2 0.5676990741 0.2823847737 2 0.5676055556 0.2667469136 2 0 0 0 0 0 0
0 0.5568333333 0.2737860082 0.0193518519 0.0242798354 0.5496592593 0.2803744856 2 0.5496592593 0.2649423868 2 0.564937037 0.2649423868 2 0.5648444444 0.2805802469 2 0 0 0 0 0 0
0 0.573462963 0.2725308642 0.0193518519 0.0242798354 0.5662861111 0.279117284 2 0.5662861111 0.2636851852 2 0.5815638889 0.2636851852 2 0.5814712963 0.2793230453 2 0 0 0 0 0 0
0 0.5908796296 0.2725308642 0.0193518519 0.0242798354 0.5837037037 0.279117284 2 0.5837037037 0.2636851852 2 0.5989814815 0.2636851852 2 0.5988898148 0.2793230453 2 0 0 0 0 0 0
0 0.6077314815 0.2725308642 0.0193518519 0.0242798354 0.6005564815 0.279117284 2 0.6005564815 0.2636851852 2 0.6158342593 0.2636851852 2 0.6157416667 0.2793230453 2 0 0 0 0 0 0
0 0.6146759259 0.2524279835 0.0193518519 0.0242798354 0.6075037037 0.2458395062 2 0.6075037037 0.2612716049 2 0.6227814815 0.2612716049 2 0.6226888889 0.2456337449 2 0 0 0 0 0 0
0 0.5969259259 0.2524279835 0.0193518519 0.0242798354 0.5897462963 0.2458395062 2 0.5897462963 0.2612716049 2 0.6050240741 0.2612716049 2 0.6049314815 0.2456337449 2 0 0 0 0 0 0
0 0.5788240741 0.2529218107 0.0193518519 0.0242798354 0.5716490741 0.2463436214 2 0.5716490741 0.2617757202 2 0.5869268519 0.2617757202 2 0.5868342593 0.2461378601 2 0 0 0 0 0 0
0 0.5614074074 0.2531687243 0.0193518519 0.0242798354 0.5542305556 0.2465946502 2 0.5542305556 0.262026749 2 0.5695083333 0.262026749 2 0.5694157407 0.2463888889 2 0 0 0 0 0 0
0 0.5573981481 0.2504115226 0.0193518519 0.0242798354 0.550225 0.257 2 0.550225 0.2415679012 2 0.5655027778 0.2415679012 2 0.5654101852 0.2572057613 2 0 0 0 0 0 0
0 0.5748148148 0.2514197531 0.0193518519 0.0242798354 0.5676435185 0.2580041152 2 0.5676435185 0.2425720165 2 0.5829212963 0.2425720165 2 0.5828287037 0.2582098765 2 0 0 0 0 0 0
0 0.5916759259 0.2524279835 0.0193518519 0.0242798354 0.5844962963 0.2590102881 2 0.5844962963 0.2435781893 2 0.5997740741 0.2435781893 2 0.5996814815 0.2592160494 2 0 0 0 0 0 0
0 0.6100462963 0.2514403292 0.0193518519 0.0242798354 0.6028666667 0.2580144033 2 0.6028666667 0.2425823045 2 0.6181444444 0.2425823045 2 0.6180518519 0.2582201646 2 0 0 0 0 0 0
0 0.6119907407 0.2318518519 0.0193518519 0.0242798354 0.6048148148 0.2252633745 2 0.6048148148 0.2406954733 2 0.6200925926 0.2406954733 2 0.62 0.2250576132 2 0 0 0 0 0 0
0 0.5952592593 0.2318518519 0.0193518519 0.0242798354 0.588087037 0.2252633745 2 0.588087037 0.2406954733 2 0.6033648148 0.2406954733 2 0.6032722222 0.2250576132 2 0 0 0 0 0 0
0 0.5767407407 0.2311934156 0.0193518519 0.0242798354 0.5695675926 0.2245987654 2 0.5695675926 0.2400308642 2 0.5848453704 0.2400308642 2 0.5847527778 0.2243930041 2 0 0 0 0 0 0
0 0.5594166667 0.2301851852 0.0193518519 0.0242798354 0.5522425926 0.2236028807 2 0.5522425926 0.2390349794 2 0.5675203704 0.2390349794 2 0.5674277778 0.2233971193 2 0 0 0 0 0 0
0 0.5575462963 0.2298353909 0.0193518519 0.0242798354 0.5503740741 0.2364218107 2 0.5503740741 0.2209897119 2 0.5656518519 0.2209897119 2 0.5655592593 0.236627572 2 0 0 0 0 0 0
0 0.5733981481 0.2304526749 0.0193518519 0.0242798354 0.5662231481 0.2370473251 2 0.5662231481 0.2216152263 2 0.5815009259 0.2216152263 2 0.5814092593 0.2372530864 2 0 0 0 0 0 0
0 0.5910277778 0.2304526749 0.0193518519 0.0242798354 0.5838546296 0.2370473251 2 0.5838546296 0.2216152263 2 0.5991324074 0.2216152263 2 0.5990398148 0.2372530864 2 0 0 0 0 0 0
0 0.6095092593 0.2302469136 0.0193518519 0.0242798354 0.6023305556 0.2368395062 2 0.6023305556 0.2214074074 2 0.6176083333 0.2214074074 2 0.6175157407 0.2370452675 2 0 0 0 0 0 0
0 0.6110555556 0.2105967078 0.0193518519 0.0242798354 0.6038777778 0.2040041152 2 0.6038777778 0.219436214 2 0.6191555556 0.219436214 2 0.619062037 0.2037983539 2 0 0 0 0 0 0
0 0.5937962963 0.2087037037 0.0193518519 0.0242798354 0.5866212963 0.2021296296 2 0.5866212963 0.2175617284 2 0.6018990741 0.2175617284 2 0.6018064815 0.2019238683 2 0 0 0 0 0 0
0 0.576537037 0.2097530864 0.0193518519 0.0242798354 0.5693648148 0.2031707819 2 0.5693648148 0.2186028807 2 0.5846425926 0.2186028807 2 0.58455 0.2029650206 2 0 0 0 0 0 0
0 0.559462963 0.2108024691 0.0193518519 0.0242798354 0.5522898148 0.2042139918 2 0.5522898148 0.2196460905 2 0.5675675926 0.2196460905 2 0.5674759259 0.2040082305 2 0 0 0 0 0 0
0 0.5573518519 0.209691358 0.02 0.0242798354 0.5498472222 0.2162839506 2 0.5498472222 0.2008518519 2 0.5655555556 0.2008230453 2 0.5655555556 0.216255144 2 0 0 0 0 0 0
0 0.5742037037 0.2094855967 0.02 0.0242798354 0.5666990741 0.2160781893 2 0.5666990741 0.2006460905 2 0.5824074074 0.200617284 2 0.5824074074 0.2160493827 2 0 0 0 0 0 0
0 0.5907777778 0.2090740741 0.02 0.0242798354 0.5832731481 0.2156666667 2 0.5832731481 0.2002345679 2 0.5989814815 0.2002057613 2 0.5989814815 0.2156378601 2 0 0 0 0 0 0
0 0.6081851852 0.2080452675 0.02 0.0242798354 0.6006805556 0.2146378601 2 0.6006805556 0.1992057613 2 0.6163888889 0.1991769547 2 0.6163888889 0.2146090535 2 0 0 0 0 0 0
0 0.6395 0.2646707819 0.0192592593 0.0242798354 0.6312962963 0.2534979424 2 0.6312962963 0.2724279835 2 0.6472222222 0.2724279835 2 0.6472222222 0.2547325103 2 0 0 0 0 0 0
0 0.637287037 0.2851440329 0.0208333333 0.0242798354 0.6293666667 0.2785617284 2 0.6293666667 0.2939938272 2 0.6461111111 0.2938271605 2 0.6461111111 0.2773662551 2 0 0 0 0 0 0
0 0.635037037 0.1919958848 0.02 0.0242798354 0.6265740741 0.2002057613 2 0.6266666667 0.183127572 2 0.6435185185 0.183127572 2 0.6435185185 0.2 2 0 0 0 0 0 0
0 0.6532777778 0.1926131687 0.02 0.0242798354 0.6448148148 0.2008230453 2 0.6449074074 0.183744856 2 0.6617592593 0.183744856 2 0.6617592593 0.200617284 2 0 0 0 0 0 0
0 0.6716111111 0.1952880658 0.02 0.0242798354 0.6631481481 0.2034979424 2 0.6632407407 0.1864197531 2 0.6800925926 0.1864197531 2 0.6800925926 0.2032921811 2 0 0 0 0 0 0
0 0.6897592593 0.1969341564 0.02 0.0242798354 0.6812962963 0.2051440329 2 0.6813888889 0.1880658436 2 0.6982407407 0.1880658436 2 0.6982407407 0.2049382716 2 0 0 0 0 0 0
0 0.6376296296 0.1943415638 0.0193518519 0.0242798354 0.6304518519 0.1877489712 2 0.6304518519 0.20318107 2 0.6457296296 0.20318107 2 0.645637037 0.1875432099 2 0 0 0 0 0 0
0 0.6554537037 0.1980452675 0.0212962963 0.0242798354 0.6472222222 0.1897119342 2 0.6473027778 0.2068847737 2 0.665 0.2072016461 2 0.665 0.1893004115 2 0 0 0 0 0 0
0 0.6741574074 0.1990740741 0.0212962963 0.0242798354 0.6659259259 0.1907407407 2 0.6660074074 0.2079135802 2 0.6828703704 0.20781893 2 0.6827777778 0.1903292181 2 0 0 0 0 0 0
0 0.6921203704 0.2001028807 0.0212962963 0.0242798354 0.6838888889 0.1917695473 2 0.6839703704 0.2089423868 2 0.7008333333 0.2088477366 2 0.7007407407 0.1913580247 2 0 0 0 0 0 0
0 0.6371666667 0.2140123457 0.02 0.0242798354 0.6287037037 0.2222222222 2 0.6287962963 0.2051440329 2 0.6456481481 0.2051440329 2 0.6456481481 0.2220164609 2 0 0 0 0 0 0
0 0.6556851852 0.2177160494 0.02 0.0242798354 0.6472222222 0.2259259259 2 0.6473148148 0.2088477366 2 0.6641666667 0.2088477366 2 0.6641666667 0.2257201646 2 0 0 0 0 0 0
0 0.6742037037 0.2183333333 0.02 0.0242798354 0.6657407407 0.2265432099 2 0.6658333333 0.2094650206 2 0.6826851852 0.2094650206 2 0.6826851852 0.2263374486 2 0 0 0 0 0 0
0 0.6923518519 0.2199794239 0.02 0.0242798354 0.6838888889 0.2281893004 2 0.6839814815 0.2111111111 2 0.7008333333 0.2111111111 2 0.7008333333 0.2279835391 2 0 0 0 0 0 0
0 0.6394814815 0.2188271605 0.0208333333 0.0242798354 0.631562037 0.2122345679 2 0.631562037 0.2276666667 2 0.6483333333 0.2277777778 2 0.6482407407 0.2119341564 2 0 0 0 0 0 0
0 0.6579074074 0.2194444444 0.0223148148 0.0242798354 0.6492481481 0.2128518519 2 0.6492481481 0.2282839506 2 0.6674074074 0.2283950617 2 0.6674074074 0.2121399177 2 0 0 0 0 0 0
0 0.6772592593 0.2200617284 0.0223148148 0.0242798354 0.6685990741 0.2134691358 2 0.6685990741 0.2289012346 2 0.685462963 0.2290123457 2 0.6855555556 0.2131687243 2 0 0 0 0 0 0
0 0.6955925926 0.2212962963 0.0223148148 0.0242798354 0.6869333333 0.2147037037 2 0.6869333333 0.2301358025 2 0.7037962963 0.2302469136 2 0.7038888889 0.2144032922 2 0 0 0 0 0 0
0 0.6391111111 0.2382921811 0.02 0.0242798354 0.6306481481 0.2465020576 2 0.6307407407 0.2294238683 2 0.6475925926 0.2294238683 2 0.6475925926 0.2462962963 2 0 0 0 0 0 0
0 0.6571666667 0.2387037037 0.02 0.0242798354 0.6487037037 0.2469135802 2 0.6487962963 0.2298353909 2 0.6656481481 0.2298353909 2 0.6656481481 0.2467078189 2 0 0 0 0 0 0
0 0.6754074074 0.2393209877 0.02 0.0242798354 0.6669444444 0.2475308642 2 0.667037037 0.2304526749 2 0.6838888889 0.2304526749 2 0.6838888889 0.2473251029 2 0 0 0 0 0 0
0 0.6939259259 0.2413786008 0.02 0.0242798354 0.685462963 0.2495884774 2 0.6855555556 0.2325102881 2 0.7024074074 0.2325102881 2 0.7024074074 0.249382716 2 0 0 0 0 0 0
0 0.6420740741 0.2402263374 0.0223148148 0.0242798354 0.6334138889 0.2336337449 2 0.6334138889 0.2490658436 2 0.6502777778 0.2491769547 2 0.6503703704 0.2333333333 2 0 0 0 0 0 0
0 0.6603148148 0.2402263374 0.0223148148 0.0242798354 0.6516555556 0.2336337449 2 0.6516555556 0.2490658436 2 0.6685185185 0.2491769547 2 0.6686111111 0.2333333333 2 0 0 0 0 0 0
0 0.6787407407 0.2416666667 0.0223148148 0.0242798354 0.6700814815 0.2350740741 2 0.6700814815 0.2505061728 2 0.6869444444 0.250617284 2 0.687037037 0.2347736626 2 0 0 0 0 0 0
0 0.697537037 0.2424897119 0.0223148148 0.0242798354 0.6888768519 0.2358971193 2 0.6888768519 0.2513292181 2 0.7057407407 0.2514403292 2 0.7058333333 0.2355967078 2 0 0 0 0 0 0
0 0.6365185185 0.2598971193 0.02 0.0242798354 0.6280555556 0.2681069959 2 0.6281481481 0.2510288066 2 0.645 0.2510288066 2 0.645 0.2679012346 2 0 0 0 0 0 0
0 0.6546666667 0.2601028807 0.02 0.0242798354 0.6462037037 0.2683127572 2 0.6462962963 0.2512345679 2 0.6631481481 0.2512345679 2 0.6631481481 0.2681069959 2 0 0 0 0 0 0
0 0.6740185185 0.2607201646 0.02 0.0242798354 0.6655555556 0.2689300412 2 0.6656481481 0.2518518519 2 0.6825 0.2518518519 2 0.6825 0.2687242798 2 0 0 0 0 0 0
0 0.6927222222 0.2615432099 0.02 0.0242798354 0.6842592593 0.2697530864 2 0.6843518519 0.2526748971 2 0.7012037037 0.2526748971 2 0.7012037037 0.2695473251 2 0 0 0 0 0 0
0 0.6575555556 0.2656995885 0.0212962963 0.0242798354 0.6483333333 0.254526749 2 0.6483333333 0.2734567901 2 0.6665740741 0.2736625514 2 0.6665740741 0.254526749 2 0 0 0 0 0 0
0 0.6771851852 0.2659053498 0.0212962963 0.0242798354 0.667962963 0.2547325103 2 0.667962963 0.2736625514 2 0.6857407407 0.2734567901 2 0.6855555556 0.254526749 2 0 0 0 0 0 0
0 0.6962592593 0.2656995885 0.0212962963 0.0242798354 0.687037037 0.254526749 2 0.687037037 0.2734567901 2 0.7048148148 0.2732510288 2 0.7046296296 0.2543209877 2 0 0 0 0 0 0
0 0.6346666667 0.2839711934 0.02 0.0242798354 0.6262037037 0.29218107 2 0.6262962963 0.2751028807 2 0.6431481481 0.2751028807 2 0.6431481481 0.2919753086 2 0 0 0 0 0 0
0 0.6530925926 0.2837654321 0.02 0.0242798354 0.6446296296 0.2919753086 2 0.6447222222 0.2748971193 2 0.6615740741 0.2748971193 2 0.6615740741 0.2917695473 2 0 0 0 0 0 0
0 0.6718888889 0.2841769547 0.02 0.0242798354 0.6634259259 0.2923868313 2 0.6635185185 0.275308642 2 0.6803703704 0.275308642 2 0.6803703704 0.29218107 2 0 0 0 0 0 0
0 0.6911481481 0.284382716 0.02 0.0242798354 0.6826851852 0.2925925926 2 0.6827777778 0.2755144033 2 0.6996296296 0.2755144033 2 0.6996296296 0.2923868313 2 0 0 0 0 0 0
0 0.655712963 0.2853497942 0.0208333333 0.0242798354 0.6477925926 0.2787674897 2 0.6477925926 0.2941995885 2 0.664537037 0.2940329218 2 0.664537037 0.2775720165 2 0 0 0 0 0 0
0 0.6748796296 0.2851440329 0.0208333333 0.0242798354 0.6669592593 0.2785617284 2 0.6669592593 0.2939938272 2 0.6837037037 0.2938271605 2 0.6837037037 0.2773662551 2 0 0 0 0 0 0
0 0.6941388889 0.2859670782 0.0208333333 0.0242798354 0.6862185185 0.2793847737 2 0.6862185185 0.2948168724 2 0.702962963 0.2946502058 2 0.702962963 0.2781893004 2 0 0 0 0 0 0
0 0.6333703704 0.3047530864 0.02 0.0242798354 0.6249074074 0.312962963 2 0.625 0.2958847737 2 0.6418518519 0.2958847737 2 0.6418518519 0.3127572016 2 0 0 0 0 0 0
0 0.6517037037 0.3049588477 0.02 0.0242798354 0.6432407407 0.3131687243 2 0.6433333333 0.296090535 2 0.6601851852 0.296090535 2 0.6601851852 0.312962963 2 0 0 0 0 0 0
0 0.6706851852 0.305781893 0.02 0.0242798354 0.6622222222 0.3139917695 2 0.6623148148 0.2969135802 2 0.6791666667 0.2969135802 2 0.6791666667 0.3137860082 2 0 0 0 0 0 0
0 0.6890185185 0.3061934156 0.02 0.0242798354 0.6805555556 0.3144032922 2 0.6806481481 0.2973251029 2 0.6975 0.2973251029 2 0.6975 0.3141975309 2 0 0 0 0 0 0
0 0.6912685185 0.3081893004 0.0208333333 0.0242798354 0.6833481481 0.3016069959 2 0.6833481481 0.3170390947 2 0.7000925926 0.316872428 2 0.7000925926 0.3004115226 2 0 0 0 0 0 0
0 0.6723796296 0.3077777778 0.0208333333 0.0242798354 0.6644592593 0.3011954733 2 0.6644592593 0.316627572 2 0.6812037037 0.3164609053 2 0.6812037037 0.3 2 0 0 0 0 0 0
0 0.6543240741 0.3079835391 0.0208333333 0.0242798354 0.6464037037 0.3014012346 2 0.6464037037 0.3168333333 2 0.6631481481 0.3166666667 2 0.6631481481 0.3002057613 2 0 0 0 0 0 0
0 0.6360833333 0.3075720165 0.0208333333 0.0242798354 0.628162963 0.3009897119 2 0.628162963 0.3164218107 2 0.6449074074 0.316255144 2 0.6449074074 0.2997942387 2 0 0 0 0 0 0
